mz_rt	A_C_0	A_C_12	A_C_18	A_C_24	A_C_30	A_C_36	A_C_42	A_C_48	A_C_6	A_LV_0	A_LV_12	A_LV_24	A_LV_36	A_LV_48	A_HV_0	A_HV_12	A_HV_24	A_HV_36	A_HV_48	B_C_0	B_C_12	B_C_18	B_C_24	B_C_30	B_C_36	B_C_42	B_C_48	B_C_6	B_LV_0	B_LV_12	B_LV_24	B_LV_36	B_LV_48	B_HV_0	B_HV_12	B_HV_24	B_HV_36	B_HV_48	C_C_0	C_C_12	C_C_18	C_C_24	C_C_30	C_C_36	C_C_42	C_C_48	C_C_6	C_LV_0	C_LV_12	C_LV_24	C_LV_36	C_LV_48	C_HV_0	C_HV_12	C_HV_24	C_HV_36	C_HV_48
159.07661_10.059	43653.61773307273	156954.00401815746	156012.6966589667	99557.3807854751	67951.65048554444	155986.5898119052	86469.32705903769	208018.44915874262	115695.314517817	105839.75547331948	49692.76451980975	155223.82182295457	240520.84006863405	343041.3633270596	73276.50677424221	179460.5178780008	220387.61775995497	403864.8386144291	416010.8260633767	149695.416083315	107696.59701562508	120581.02400808409	156359.34951315678	131862.59068087698	256612.16670969507	160008.7663126608	239596.78311254567	122888.75840805705	97889.3983810163	162410.35818362425	188106.6871319952	341209.0797962668	546799.8934323792	57998.50337654534	120569.589140469	250809.0276240181	331016.0930946439	548990.1872309839	99321.79685174416	142009.23247330033	150087.88429501708	127532.70323049469	171376.4251517644	146181.47935444445	153746.57978410518	173967.85058145836	102060.55255395899	120939.60812795248	123678.2296516801	129588.65176498616	151043.4991243297	388787.82512990286	176341.20724480005	117522.55833699583	257005.54644893057	104046.13791809011	127006.8206710762
162.04131_7.406	276577.6	690084.48	577319.08	408223.08	868687.44	709140.2133333334	774904.64	1576820	321436.92	246113	118901.12	224868	706376.7466666667	447312.2	204982.8	437685.72	71454.58	11171.346666666666	40873.29	353010.72	400587.36	600087.72	321759.76	515247.2	1469455.5733333332	1123299.76	1275481.12	352539.08	340310.44	72198.68	780865.2	586734.1333333333	54406.16	253228.2	294585.46	74313	21493.022222222222	11765.64	319034.26	237348.7	568660.84	730703.04	283207.68	1574200.48	2253525.76	577827.36	301964.22	564261.12	403898.96	416019	815984.64	7272.4	706182.32	472177.04	66379.32	37938.92	21434.6
164.07083_5.875	1773.86	3478.72	13215.92	16078.57	4614.24	64310.58666666667	9570.52	114442.63	5687.76	803.96	1798.74	1033.1	90812.56	234701.56	4440.1	8387.92	18460	102341.52	47631.44	5420.3	32583.8	7902.54	12795.3	14066.54	129338.69333333333	18933.24	107082.52	1479.1	376	629.36	46781.74	171045.14666666667	8906.54	6571.92	6941.04	45518.46	150896.66666666666	80381.66	31125.94	12493.72	10121.9	39392.64	5734.62	96417.83	103686.98	124457.04	29751.92	18028.92	8093.38	9354.75	138197.57	2890116.8	25137.36	42197.34	20526.28	99516.24	27012.36
167.01228_9.4	11219.86	8044.96	75701.94	17606.55	30863.46	23508.216666666667	31506.2	33665.61	15502.1	7681.36	6105.16	11798.12	38408.956666666665	53134.27	7428.3	7920.64	10601.94	106112.02	86140.28	15026.42	25164.08	25845.12	5873.52	27709.66	31830.82	15055.5	31833.73	27407.36	8552.06	9952.52	10520.67	51441.88	54659.36	8653.72	13283.42	13577.15	44744.496296296296	76856.6	175.38	12957.42	13006.16	11333.65	32502.92	22722.44	57780.64	18469.4	57349.94	2570.28	20036.3	11330.78	40878.16	4294383.68	7795	22099.14	12204.2	6359.37	10725.77
167.04295_11.217	1126.09741611523	5536.422490033077	28993.18208060974	5022.086684033093	344.3465402049235	1765.2806909139294	25441.014769920163	7661.2486078755355	222.4301784961825	3872.5191109348366	3586.975467852486	13978.320191331823	3391.9976548460345	16496.03117925618	3059.045234809268	4320.103989680914	4914.948912989199	5237.346440341041	320.4707306111419	1109.9103759367658	1189.4046331033655	27624.485895487695	5959.491786874159	1523.1217673890203	3369.755012086852	42346.899438223525	16988.421537853857	279.4339033497149	1557.9873105543943	2746.2012379181806	3226.508026317394	4119.34212303229	18231.92766826512	5752.684338905203	3212.0599285213407	4130.7963546122055	1588.1256977678959	2029.5041856106825	2043.2294328992007	6617.134061569319	17198.16619413534	6707.600619830687	6908.660553533893	1793.677723752324	33521.217499641476	6343.64457327967	4964.286829700584	289.183680095382	5212.455488838234	8786.365803935329	4776.5808251044145	105830.344986489	676.4095644581186	6047.212612966393	18726.919710386228	2578.4151687653025	2323.696968985225
167.99625_11.474	4337.230964592335	5209.77076075339	4789.911761606262	4319.292322957239	3624.3456006572046	6239.049856820056	5903.282091017043	7545.022428463737	3022.17111245315	2971.837306413954	2018.971137596626	8124.209855194384	7401.959909488355	16397.748128150095	3735.159551082266	3189.008811150221	6300.790917680752	22839.630429821438	25995.05871077986	5065.091765897674	2788.10778143981	3792.0307781738475	4620.252052478099	3565.201560718411	6993.449772833104	7110.099428910944	10102.122639338084	1808.6032595332408	5872.70911709264	1900.3391339515697	5088.316992852189	10859.305347610361	31746.916517186026	2060.8834127328814	2945.522752954616	10284.489237333952	10748.031754576798	72838.4557508539	5213.244552334017	9940.691985892105	5145.213434617754	6938.954551889478	8524.5351275378	10157.719453090316	7384.59471744391	19873.001341939023	4247.807391493854	4160.862195912079	13962.636504780503	14309.209800325565	10776.570817461235	18460.068984197205	6881.126614255123	6305.60928624055	12444.08504804949	8425.993230245473	11564.569651476015
168.02708_11.242	227256.57441443644	434721.89569615433	373043.1071317123	222083.59860108633	281517.3866456172	145154.97052782116	339958.9327337811	348047.6284085015	238801.99496286438	197227.68208416057	222912.68302139573	247487.3437041634	124774.473676771	225200.81995632048	260387.71163228003	211185.84812345408	125764.9161803987	29839.39453181881	104810.98824502822	201907.9790155045	163528.26782983053	338887.5368865717	301977.45651688485	287504.5559623125	162284.78257316805	431389.767461904	406817.82845693565	210887.7186291376	225316.806263779	196551.84708787818	259137.8509958864	104542.92677440283	231642.2694476581	182477.45858938797	126349.72257948096	131029.48394565229	101963.29547765519	31915.365169358207	508904.0963208002	537742.2539233253	408330.9860012324	345516.67837053334	468797.65493432863	359274.4263838988	405585.8948129307	407510.4781549674	323164.27188884723	365801.64234995685	481680.272181838	375123.0729177572	254585.30617875143	46554.15632745741	411265.7470045486	266850.35890603124	215914.62835497063	123819.39687222197	105040.01062123357
173.10373_19.757	1150.525837077229	2467.396686443394	8778.152860727641	15608.06398412216	4184.63980981734	30009.863164391034	310.38203110053365	134.3410104117706	228.62564730757174	182.5351217638978	465.77102313811884	10628.39475306057	33.18174624053727	16875.90994203705	4285.450446679263	902.8829639700618	3244.8342562620846	42043.96406946218	11820.391405790951	1335.2510638722194	5271.887816138286	1214.8331859410973	31734.653877772253	10987.00556958745	54271.6467510306	7651.965421363696	49085.53929678641	212.07536528985784	1818.0313003051692	242.8621094923506	24448.12657879522	42930.20414552262	38806.84008156469	2848.2660853858642	622.9940815746562	2864.1376175091705	51307.86522716831	17669.218451360626	917.556002042595	3562.2864090030434	8327.042463857522	11992.197165519545	16215.099219402542	35565.74980127173	40116.735750864354	22240.487719897148	2555.192300643524	2264.0288440401573	8894.38245918473	24166.30044749131	37218.68353390696	959248.1775420847	3936.639685237214	10186.244035791087	25759.59251950589	13962.706586234182	79.00361912723606
174.08739_12.251	38577.724428707195	83452.27379508437	74162.97454962498	49607.21881907409	90275.70048599632	80173.5862129061	93943.56985151063	135641.2942419737	41105.64192243415	42931.85107861761	35505.303437149145	68107.20099833494	46677.87218964918	23692.610667619523	39333.01132674512	41624.20176603158	11442.003421410887	5994.692472382404	21499.731924581603	45208.96866569362	54790.76705889271	58023.84892740905	111528.57494147778	116450.58526461301	77862.72199443835	131145.43966651958	203409.15072578337	39941.031055310035	38345.71948168719	44729.02871285129	93844.76524679436	27214.58753594268	36308.39335274916	45558.034679495155	31080.880484453166	15702.782122109906	6966.992316359179	12247.4839717568	80195.35725080676	97529.60985569104	89322.13924980165	149333.39557176677	177633.9984057527	105394.9802867341	147697.39021346654	199140.43594086383	41004.92975350189	65316.14076775	105568.02500697889	146474.13599147988	49301.29634604341	6440.0893143812	68910.49837821122	47680.67044890839	18604.39285992497	6670.067048509309	9024.697863340414
178.03638_10.263	28785.5709181405	32049.317596090536	33371.99710684497	31753.120276766236	18854.79833534539	23814.21532467119	42418.490973842	27753.728506422667	32437.67805071508	26319.14618220001	31429.896762664153	37374.2080141733	42493.67178154777	12313.698816661099	22539.846287091743	49943.46507027116	28133.998536571664	2885.675976388173	8860.215580682556	29684.668328725427	24983.14619883019	43861.64939518135	31406.25225644058	29767.334636677104	54700.65200408109	19036.49693451311	44291.48392560041	20284.089782571777	24855.509252706328	53567.31438047463	43930.967864024686	32836.538992508256	15585.267884341534	50172.88736165622	23204.706499011223	9810.096615720284	2900.814247561299	10374.965121623121	32579.625734135196	104006.2021555652	42793.57659697924	38976.7398889797	41250.867776482555	61483.55850081891	52451.42336686008	71196.59612797807	26193.944873310204	29890.108929576025	69792.18447660447	51661.11381201226	30733.58932477685	2556.0692843074553	33390.34905609577	27433.315627825374	11781.245553647395	13857.663277368887	8836.582252920833
180.06586_9.537	14336.92705960969	23307.473752622554	24095.72223542257	23405.198974267187	27046.43337696309	38544.589754087356	22893.440381347657	47281.778708184596	18914.01112162146	11464.259567606048	17811.596754047885	27724.28427699002	38217.029064644565	42075.83043615581	10866.349099193127	18357.097991701987	8102.180679949763	38528.89212407608	31170.703819309747	17455.888502903123	24293.220230144987	22884.282997441267	33583.23572212972	25800.085247720788	1411.6373980498463	36656.03981903822	51040.33064375542	24858.255722547845	13787.839440115702	17828.598514575046	27931.006824581455	42634.80329972002	42143.95210883217	11309.427474999093	13168.440643065265	10753.863891599207	31416.96798654164	41228.71138301968	20117.250028728424	31417.014237866206	33497.06829665682	38778.996588956856	41005.93972209897	47567.34736658783	45134.46696298793	79065.54238864624	17141.311924109537	16415.524712817496	34542.22002161467	33770.90747451202	58673.847757159034	886009.1103836255	20355.041746600535	32642.540779168154	34836.2284150398	39094.42283714373	23864.2746410366
181.04594_10.142	15274.219121740774	23520.794508665767	25996.770903086435	18912.89796926693	21935.42467728482	15152.63079821773	27208.103568052553	30222.21083431166	26869.676045714783	16549.277627202828	10817.169092478778	38600.335535587656	25925.652113141063	53235.759298078905	26591.13654440498	29940.42094216396	64238.328264447635	30396.601097627816	103872.25648516556	22009.08923067014	32392.035175530917	35488.37314424882	37074.68159752273	15218.05975375871	17279.928866998882	36068.67570788932	34651.7742793216	27220.492265982517	23771.331355656443	42286.82542464903	37002.445922827406	28811.15467765081	64143.19966305958	14663.487852741277	32328.86899944969	60843.864510794236	39943.68878742229	74507.96899806986	26128.983950836835	46388.9554443102	43686.64381294055	27116.26206450281	42480.054463010456	28951.24001608178	25200.26452577478	34226.54632531912	18720.53045647289	13219.564367639847	42573.65612546833	29092.91441765406	24230.392283020014	39042.700855819865	21063.669438621728	28697.35861067673	47074.80982802264	26280.728018892856	29558.984038392715
183.05174_10.161	5723.23412842424	9033.941581468813	30449.957054613922	20657.143079827278	6694.241944277201	25208.793174800474	70578.61833641853	55144.023719421784	902.4828193083438	8755.992939503429	3309.5951052422156	18442.347009445595	13312.101625877496	10297.195710732429	7488.503884181506	1229.2691750179233	5317.39592372371	37.754591559172546	6091.675270772527	4649.406607741603	6623.131862075354	27723.474613889775	25806.78416213273	7002.518920698414	39032.27840037581	86162.38615290966	78305.0829017245	2316.640160035151	8538.694926558443	9055.406647074911	25413.088811124988	11386.497794404184	141.15621779653947	3590.8797695107164	2531.5431522126282	6172.841058547567	4728.136175818045	176.57602962917142	24480.08363834872	20417.72934777472	48588.55461806544	56910.02007338701	6167.186703150523	47592.953453174334	93396.89832693663	82384.60413854652	7701.513316172857	18864.87154987592	16203.618114054605	57042.42758031561	12988.153946027493	10354.700455700273	25520.87500750892	3994.434459958592	275.9094227753822	2917.3668870083893	2242.584460399984
183.13826_1.896	6255.6	5962.8	3182.02	3362.01	0	612.96	2907.6	983.45	4952.92	6211.44	8711.26	4561.97	1162.5566666666666	381.57	6293.74	5254.48	3154.94	1203.3666666666666	2924.47	1599.08	5061.34	1517.66	3535.81	4287.04	738.1733333333333	3024.5	605.81	788.06	1053.1	3607.92	1903.44	1583.64	1257.42	3427.86	5772.94	2514.85	154.4	1427.57	4691.46	6646.56	3724.78	2559.83	6416.06	435.69	229.46	2717.63	4674.46	6535.96	5309.52	1851.49	1779.3	2658.38	5269.06	538.76	3508.27	2091.13	2409.85
185.02167_7.696	0	505.92031775997793	247.34472333250685	14441.47790502469	674.5928324445189	21978.672703008873	10070.260916175626	19756.236901176482	1174.5463293182386	270.3233669332267	187.82757509719949	7517.401666474728	34881.85244689346	39519.585840164094	555.8661908342714	5090.364909667292	14685.412205029435	36887.931883395984	46283.93599096236	220.8989647877848	3194.9936693423165	2237.169731399947	5751.227410549386	3790.708884641882	17456.577563756466	6047.196060479556	23425.284574351925	681.7499317637589	601.7053482972698	1491.948637138965	12111.985195357549	110131.90319498861	26206.0256435569	354.8489571556375	1361.27533804919	10998.922321351703	41676.071206509085	57053.724950250835	206.54931847475046	1245.223188511998	11527.59162115412	3631.974026346925	168.19748686638744	26636.54924735909	13981.864167448872	20279.93348223753	6023.247546631886	526.0355773027455	684.8148044723956	4978.089221680387	48248.78186744627	6154.581368664586	506.9800282282046	8142.637585926802	15557.62799025345	10741.284747926768	24618.14956672125
187.10834_2.775	1928.5113087927111	809.7309056135854	1302.160170714663	1715.46904378969	2105.0732399276208	3775.410487866678	2936.0690887220426	5461.652618496114	3060.445000348426	1068.130455055006	367.21145862009007	485.1634010705368	6391.09012002635	10335.575762308683	1306.886137210388	1489.9098278550643	1082.418660535049	8383.457296558567	6107.644638235856	3170.5390042525814	1217.3865699225987	2808.8154187241976	955.2918261404072	371.0050985661976	7466.957770861758	2932.781823365103	3935.821944772777	2695.184947872136	2391.58790114197	1051.9636416051708	2021.710043837863	16026.798187134125	7904.438629595122	936.1566941476725	1204.3181648309	1568.3374413782942	15985.756713634672	7130.047779833363	332.7310127281529	8250.740874873285	1617.0666119579143	1137.1271140844601	7957.14193900515	4663.733048622894	6773.948491628327	9287.997323966993	887.3124646632185	1134.3899020361991	7186.146745072815	3400.5768492970365	6658.63193011668	788814.9273629971	1287.5753773430718	1809.5267572204361	2640.332880015616	2488.3557947915506	2858.7304633005265
187.13333_1.885	11758.412061155772	12502.36825766891	12918.016917525156	22444.535544339844	1182.7886860561803	6207.2828937481045	19658.286007623898	9271.527024186757	9164.981771242326	8730.853777713613	52699.995010041726	42701.097405818364	10191.31087228867	4577.754948003946	20761.514029662834	13448.044954921952	13979.08754534351	96845.89624008756	11274.462819356562	8142.823758341195	19330.686224917627	15599.947860177239	19774.542543322335	29637.980414318834	4970.611969335414	14694.422270868026	7462.7412998393	3452.5259712586535	7736.798450834892	21076.764501788006	8848.34048877355	17366.417343707562	90635.70746607397	4827.842700934661	24417.417198723604	16286.321854501553	14325.19808408216	70256.28609721563	16131.004988505163	65627.98168884215	25127.928093803	17337.239501327	66524.74832080834	9304.407186530496	9240.778502350182	39374.47511725231	21004.476746154218	14877.143556476602	87815.0093180542	39915.81868969886	12105.499944028446	13717.456092953596	15668.691272197933	27881.01206886998	44614.562243054825	23925.237217674727	18480.04919652387
188.05591_10.699	89263.27798881342	231486.84394310843	161770.66910425943	125580.49957650053	188112.3125109014	355693.3636962497	303917.907200983	359883.978688712	94119.92539212358	93205.52413457242	80842.05670688028	108443.79115638169	389054.4814947073	171633.48032646268	81812.16749459822	64284.99619025562	91093.88237651669	49949.66652373156	39094.912762234264	86821.91757516714	116412.24033665848	122925.80978668401	147171.42326050898	205343.24368128675	197051.61040378804	330297.620023815	795348.6832832001	109059.83318217093	104792.20341714192	81294.00715470377	215282.05436768432	2264.584339370209	184265.40120463193	89830.21114938258	87139.38562887417	109351.38066854868	57729.03524395542	27275.357450336447	142536.8689258049	197800.8133458141	168161.4087756786	367751.75951680134	252895.0643055891	363208.68480907293	417161.9038672234	451915.29057242104	118574.83729800285	10196.265352848435	203556.18884437665	335029.26769242215	257350.49088421353	50544.014964874164	250204.84623244818	166133.9838049815	118238.30085572395	66191.62920848034	19772.19683509261
191.05524_9.5	50988.232460216146	51694.20045257093	57818.13073943115	25507.59111091988	65949.61478544191	57540.23016420193	83299.94824066864	57042.61231051464	77270.721453297	39919.11323592689	42642.09564513912	36148.10702467114	37111.96962490311	20310.74853726652	45353.38725514258	40672.912277781536	8233.95136735451	12149.647781395048	10493.848409772962	39114.83995182816	68022.50437950478	48253.13396146395	42530.94381578133	70962.76974860912	19632.687348781597	65836.3200417569	84275.97738537387	57902.77432068751	45509.6661249331	41233.59941335209	29947.972128462083	14444.536488554959	21990.84104859046	38434.73790341158	38858.22920759191	6486.648411481482	938.8362597340515	15331.801120045942	52861.34654882157	87486.74631250749	53988.61089861929	97263.27139102976	102763.95469113512	48168.67378836885	73619.6742295948	103537.3967504586	31854.707485267354	38357.05620795817	86320.19687485787	93078.43307151897	33674.169226644386	9715.016122217956	41573.174344565785	48010.42421926519	24920.046973648477	10481.406386435188	9922.30192576592
195.13853_1.807	2740.62	4247.74	1306.92	4111.65	0	2387.3433333333332	4180.14	1933.25	988.64	3691.5	3692.96	5632.24	5608.443333333334	0	3247	6877.46	9361.18	2038.2033333333334	1777.97	1571.62	7323.82	1820.08	4830.7	4460.58	451.39666666666665	1700.98	3098.25	416.76	2308.18	3282.3	3482.04	8022.0633333333335	3114.21	586.62	6616.96	6312.52	728.1703703703704	1168.42	2357.96	3717.32	4974.98	2884.14	3271.32	3100.58	609.44	2730.3	1485.5	3186.84	4068.3	1921.94	4329.26	1691.29	1763.42	3010.66	5414.89	479.05	1655.21
197.15417_1.817	7225.18	9652.74	7068.6	23225.37	0	13126.896666666667	12608.3	6781.28	5110.1	6162.6	17466.86	29789.14	33430.56333333333	112.51	8022.72	26820.72	45858.88	12387.196666666667	8637.38	1913.62	25348.36	1175.24	24100.92	22333.68	1483.0866666666666	5368.28	13263.32	921.2	5754.12	17464.38	15041.35	47538.39	19834.3	3785.94	28444.8	38479.2	3687.9592592592594	4820.49	7962.5	19775.36	15610.84	10354.73	9528.7	11231.17	925.98	13227.13	6384.94	8663.66	20449.14	9091.6	22845.8	4619.67	5883.82	20745	40481.39	5322.52	7486.73
198.92255_2.684	19550.869165289303	28531.472257140224	20441.423745068998	10407.168089759693	0	1408.991452871927	32436.592453212823	5742.940385207057	31257.89853822527	15732.16890786861	16018.568461421493	14596.418452184891	2423.690520463791	0	4635.998862254387	50407.21585642909	18442.56960823802	1121.2545007706851	6079.544557089494	17048.31609109304	15576.186140152837	43643.54626395707	6864.626850385993	15626.425760414808	235.0849122322435	24673.292716780434	5640.236525755684	727.5658772104662	13436.394474502264	35280.44164744112	10941.958036403452	4683.713382008707	6294.038163715245	15184.687770781426	32910.42327150201	14382.32165325265	2019.9468094189306	6614.773756293384	14795.053736187117	41762.500315236764	6236.134947726963	4340.586167337189	43834.616519262505	9036.375313469394	564.1447531248202	7901.470327681054	20071.359001998175	33969.345686919245	27011.797702576234	16847.2168115102	9540.359741628656	9447.528292745868	25960.495439482	19270.009653359975	6276.261867466875	8198.672770083147	15294.602693258545
203.08211_8.632	145.88908849602115	331.7456950346028	316.7410974956028	9771.55733110697	727.6687684431969	3776.0057279172897	847.6509580995927	4770.01759280599	425.47184432664477	145.96269936647147	14549.508754240092	13661.062201240058	2000.6954430431024	3096.6167346169905	22965.6940149392	174.26335297998494	112.91568876838605	4276.394792974419	66.6578611087335	158.15115613673527	22433.938321051985	352.39788095128955	14875.500046333083	21850.018849571712	4630.826903837145	354.5359964816123	660.2795992373541	12520.169033009432	165.94570736579465	17408.088803025792	4296.639189611223	3965.6722249611034	3638.3200264858197	1742.0307928163331	1513.6314014378231	113.50065333547174	3981.860225152536	17013.310539672537	27693.239496910857	35154.09594114483	21952.777871494924	7203.768113341004	41244.09897990808	1485.8519459245292	2195.743897220952	13707.617285159065	472.1609772030338	132.5517944266803	39389.56113043593	18373.45520095219	4339.92269705048	189246.6246981102	376.0214048220218	524.4844201442347	16293.114861393104	12790.055346663306	537.4890774047101
204.0507_9.813	8193.475766982654	22752.173779429137	8006.519692776414	11065.743706287365	313.6474314022866	9493.741683557255	16904.284479660022	6299.669607220679	5622.993940236466	7026.929593415923	7201.787866944569	16273.712721581809	11856.068563870138	385.4133380380102	4546.376068135036	5301.8938620178415	5503.299348300563	4905.488439756112	2976.6146695694833	3936.9242587999906	6616.476140334566	286.2959557558637	212.98858862191216	8869.720140237197	143.2178341346732	10791.488588085564	17722.63573087846	362.21580853040444	8666.956348661908	6684.513942231431	12683.462657631353	10371.093037475188	3158.4000038098243	378.21094606077713	8002.5023303102025	2598.0714951908767	2372.9165858328934	7061.873923096859	7796.175205497637	25125.255920102307	9119.899540739598	17378.459257513572	27067.588745928853	17386.181052623746	14793.686018115408	26663.22442111648	337.0741381601481	16878.263337933728	23707.334285073586	32929.39071789394	8119.1402828171085	323.11628489575753	8188.917377435382	11224.688751086349	7827.133521105059	4350.376068886373	3696.6496106378063
213.14919_1.905	16219.779834293073	22464.706365403617	14285.108156813609	19577.33446116143	691.1480774474314	6169.398472766627	20018.24831190681	7992.9969780170895	19728.52144885471	18174.28183360109	23612.394681671183	19471.028025831063	9372.799859178764	1551.4263304655815	21505.971788263003	18344.74158110241	13714.947979971743	39313.3120037178	10826.179313792189	12439.707300418333	19436.885204028535	6647.730287943281	16357.391365425581	26147.462706367995	2056.8247673685637	16221.872584056597	8229.223447874438	350.7266773041943	15022.241549663295	20019.187655926427	11209.101134063836	15420.321058861613	28534.479536834002	23932.471230179915	31009.256628127805	17288.60897135688	10835.63277944501	18868.449739283384	17243.296025831507	23140.813715259592	16764.511678592666	11472.902472657575	73413.14681561595	8322.933392665505	3535.3604508032863	14713.448220494378	18614.945912818323	22607.034647828248	27718.063042531703	12620.73770669735	11939.858702843674	10536.178326985402	19666.26983453855	21099.686840864586	39823.40077692281	14258.619856731997	15196.289926086969
214.04816_11.877	0	404.26914194692205	0	2423.145966347141	0	4979.973613602874	2571.820357031157	3526.4543196125223	0	0	321.6608394821098	6805.4675412074685	13796.981751217767	42912.54054368388	0	5433.570618443162	33727.74378994442	165543.01410504282	29630.07687461643	1170.7964093936255	2065.623102289758	0	2926.7678184275433	4090.4129082618565	7448.955959083457	3626.6364711662113	8960.90943780648	406.4260708748625	291.61356180910207	3689.86797829328	5089.876332983198	32669.106159500785	86569.05688921748	0	1427.8702294603295	16264.335050095007	44277.352897722274	73880.25671655903	0	1831.348734211676	1732.0445287175703	1249.6807613048957	981.2680251254642	1617.677182371483	400.08071049254244	4274.688786858721	0	244.44490307678802	2614.257187756297	2983.028335250545	5634.526637052819	160752.55853580308	533.6563152371695	4392.580208307425	22974.27789966122	6947.664593605831	5551.880759434468
215.16478_1.857	20126.98934261956	7645.2280675508255	8773.687656025157	10923.185594551476	293.8355527001085	4686.475744588102	13291.632487210876	7385.233294636664	6004.427547104997	17444.04679741207	16312.78739603156	13264.298646142533	9485.229381764842	159.07394258296156	16335.522003115155	20219.084446235644	12115.017494903752	41474.0037478035	32593.541235882378	12019.971498018473	17656.790551722806	5812.54699535445	12397.232015942256	18631.208774521194	1513.1805407113084	9311.72045694498	6125.432179502455	291.06670443976554	16342.321385561292	13008.160748697055	11140.519770637839	13436.075086806928	48857.56167681133	17755.40864434638	31027.638460419912	11090.088705470827	9944.671048738148	16852.229185649707	10169.398601985033	17875.89288395982	18734.58452846631	9454.41466541272	84285.60527851658	7094.8352250866565	900.5998848309209	12530.076971688344	7027.9219859768455	23336.54842339453	27910.464291049997	11661.005177440968	7782.573716024751	8775.453530082948	5416.054214519732	13802.330829823846	36534.1368699041	22641.97529665176	19001.504123356932
217.08275_11.259	43620.98811096567	121522.83635163282	46118.93458296512	33376.257334501825	63645.409037625504	69392.01531461233	68625.71184115666	119072.30436469303	49779.13803591276	39219.90153842712	1720.5303601688377	10987.051496947432	56241.36707291243	56227.32263918814	25473.08575449707	38266.803968014625	18151.698521259284	15757.960156326759	19987.232305315985	36715.6031241873	49442.4908684406	41214.1965115151	47759.78493449947	67324.09299492213	67502.95711598586	71358.25004018862	80370.0389025753	42470.49017587743	38495.75182309761	29429.844253561674	55829.56052328749	48087.6509317371	38544.57768867265	5028.432418477209	38569.46431441563	19729.113585839736	18556.80674770469	14905.251092819162	44037.31392488307	50586.31611118789	43472.6359542713	26348.891398761465	53293.25806023338	95300.53876026817	97665.72354239617	80599.79061102691	31462.161205903216	37572.828430014546	69954.27195431122	25968.95856446319	75519.88872644173	79478.57260223682	61855.69194958327	37543.29497289812	31044.85442614945	20930.45753091716	9196.322719000584
219.05197_2.312	12329.7	16237	23482.68	81999.84	15551.4	205153.36	138759.44	446584.04	14297.44	6773.36	1847	81242.36	305888.61333333334	3913.51	11828.4	5770.76	503.04	50.79333333333334	153	28047.96	11686.28	26375.22	53038.56	36816.64	416959.0133333333	155736.08	461411.76	9977.38	28560.84	9774.3	84161.78	242565.70666666667	2510.79	23054.54	3458.82	1864.42	74.0111111111111	147.43	21797.88	29656.54	25504.52	97500.76	32063.4	353517.72	114544.56	274356.22	13623.68	22835.04	30273.36	63813.84	145476.8	144.98	35952.28	18804.1	1057.75	203.57	127.01
221.06755_2.711	74390.56	64602.28	119105	202928.54	116458.48	187430.30666666667	334626.62	476906.72	40686.28	37844.9	5344.16	112762.1	253988.32	22153.97	32110	13081.72	5940.05	186.03333333333333	3799.38	59486.4	48718.94	153965.28	169031.38	188631.22	287252.50666666665	349077.84	465038.72	55682.54	83234.14	27951.82	241493.2	176070.84	7739.93	59733.18	13746.96	6200.96	233.90740740740742	192.77	50422.3	70630.9	96902.82	124216.72	102910.48	350015.6	837967.04	266884.38	79632.28	67711.44	76429.08	116840.23	128823.26	1094.02	88492.72	57836.66	5336.25	419.28	241.61
223.17001_1.793	0	1292.8823665164634	643.8604132698686	8247.977417077607	0	6071.001137534698	1547.3308089075554	115.61364913557368	0	0	0	9845.839224424992	9646.515569560246	0	275.0526448020398	4135.027847677601	7031.536926622969	1309.3528797836457	663.32993434941	0	3327.6195638335776	311.50535169271336	5525.689450164013	10165.742342739499	713.9789034589863	263.87435648951487	2660.27176075029	0	0	3660.138468189573	3488.9150246472736	20289.431265297135	5315.606590253146	0	6815.680396615021	3830.604967379514	113.99378395369204	0	0	11285.280082605917	0	1369.9891442856365	2325.482807834944	1496.815956859339	0	1389.4617296075357	0	1091.715500556692	1609.3687985227652	1686.6709805236687	3703.9981853380323	1476.4806280063387	270.5414763109152	4156.390650387507	3794.0666305623427	0	0
223.7386_10.558	1724.9945962350737	26526.246183547504	18978.65148784676	9989.257080295827	19566.094375588284	11413.553003249432	21688.37449566517	14326.219570508229	14954.3365472326	1683.1807694715214	15905.285410526933	11117.091727819829	13164.751826787471	2706.9703546619153	1796.5533858577026	9047.53546903438	0	0	0	2610.3072672919534	16336.527048747987	15875.700221227658	9445.943909440657	22344.825875903043	15835.977238145775	24607.227496225154	19336.037763214874	16599.798152115367	6071.663377837532	14896.094674870594	11742.698960631229	7722.083838265424	0	5666.086710408104	8373.648590168192	0	0	0	8418.236706169584	24375.453724132312	17809.002412033733	12519.300970501637	24993.33505237806	24320.014168065292	27742.979677949184	15388.445731249956	12464.850903844384	8801.091236250717	23966.654680072545	12102.87908279954	16623.15487705104	0	13887.979223751458	16501.230620764716	616.745717511146	0	0
225.18561_1.784	4341.415812988805	23605.856225709103	11496.707483662558	254997.16381900266	0	200860.47693413403	20075.301488084962	5910.8305445163705	11733.541324989435	547.1623266503234	13084.88900789143	290444.2065242355	189907.56666538175	106.2033574391686	779.7165102111414	52742.5445420644	147618.7995744965	12017.978608911573	16650.848861598886	0	40217.581618372446	1293.0959488584892	70031.2256128917	399983.4374215584	45005.28185978185	4691.8315117470065	91254.68710578827	0	0	108685.31501250235	96250.11738919075	593841.2243321856	112244.3981163593	1706.3957566983572	199628.30504893072	49743.14788206407	1617.3337410263516	0	0	75219.68137337892	11025.378779624309	38204.12625386009	32480.712499499357	47847.384804687885	1940.8660845161608	12246.922847277021	8665.70620301532	10229.687962906584	26442.134372078363	87518.39192505354	134498.04423976268	6121.994589174309	235.0547941202054	141436.2796480807	35336.42243170799	3038.3158023990522	8411.186308952932
227.13982_2.545	0	0	0	2265.912677231828	457.60903910712767	5163.376544430656	2726.602906575383	9687.384837035595	286.29496444784087	0	0	2178.1526885423273	10215.6818939094	12842.516150448435	0	0	232.5277358475354	10493.801831725565	3869.262291807694	0	0	284.1173109883437	956.023556821358	320.1078182259847	13828.771456136457	552.4217224207889	8345.80981813013	0	0	0	444.51704522889037	17580.208695957586	11520.646385074155	0	299.2884024416249	235.59444365792012	8271.110939098186	6660.973449361639	0	0	1634.083370970312	2074.2134103914013	673.0822600299482	7203.635192855146	3283.559649943386	12611.759008945612	0	279.13688638257406	930.9006714576598	5204.999060914986	10760.26679091696	39375.417725971325	501.03390894160316	875.412080451592	2181.9199860045637	189.19652263191975	472.45144848043145
229.15564_2.174	380.43343460624027	0	0	2539.8758928959455	0	3522.676201357853	746.1721084857329	4646.828574694553	546.8974926615763	7208.13792007923	306.82261816950717	1200.2097319984105	5151.338108120064	12689.393559168724	0	1345.3164723879277	385.78372014279785	8121.72257500458	4287.3592300168	408.89093673490913	0	4511.106588722145	451.9592300641747	1794.6933920811787	5472.443116634465	440.02582869921565	3767.4481053210675	922.4363595361876	1004.379106940466	332.5600254118556	1364.0135584072427	19385.121009875398	9707.531363523416	0	0	1464.5281052188445	18826.61864583642	5977.398130490049	0	2773.1129409394757	0	779.4128342166638	1168.1996723999919	5675.484944034876	5484.116763129243	4126.493747499033	553.9990896304682	237.6400052178709	1228.369302422474	1950.8564155446863	8656.620387284147	2280767.7861352544	387.46962596726974	773.0364647883897	6229.472668592539	2808.202947807977	2489.262771745659
229.18031_1.82	3113.106317348701	10198.72506710788	2471.2391807692534	15537.280115202359	289.85107168173295	11106.865483817486	3845.21797511345	1385.3782105828795	196.47333818277616	1528.4001494024276	4095.747651561893	11653.818911314467	7229.799907569406	0	6214.774900775363	1576.9481696098994	426.50998416365724	230.2781922385035	1677.9729495107197	0	2922.4104916335414	707.9513834012101	6983.098088008471	6933.382154259696	756.6395107045163	0	2953.167691076393	0	364.4928670250704	479.08874207244196	8398.231440465119	4593.141427033861	16464.62274638236	1136.8855421382177	3954.4852238639332	371.011310646894	74.74557872044728	0	1060.5038982763629	21202.33926159359	1206.8463217681624	19281.434173242924	9006.012779017077	28018.261300954753	0	10775.52466033418	7282.958693435465	9832.305888422368	7957.38604530207	9636.27342888126	14654.994782040743	5162.516254804061	551.8506794079295	1732.8685471899093	3964.8470342135274	466.5059208011751	2549.6647696000878
231.09799_12.283	376.51976669818345	5653.527310002229	1529.983217485903	4799.077212359319	1936.603668735397	6558.610083942402	626.1171896097553	11544.255918872119	284.7605942943762	581.3826365021389	194.82546361736803	5371.605585179233	6113.3524044707865	20975.521870852983	4794.90182767098	1092.9192388729944	4662.537154390407	7022.97784096379	16730.29444545432	9255.088624225104	3107.320669788017	331.4851065906652	6483.252382053089	3878.4076163146983	7867.746899609612	7672.376640534878	10966.231988640633	1666.9588176308764	239.92973381527773	4477.868988123985	11648.042018958093	12505.202722996795	20174.263514905913	578.6167318239395	2752.9972229004275	8773.760512027315	14865.7708531752	6911.969235491103	8115.435722941315	13433.992032900891	8665.956698384041	9037.53779606938	7189.164478596684	14441.170346676972	11567.807987360715	17902.945095105635	7133.935031822076	1470.4070091451795	7361.822882626145	10587.328494493635	17414.39309924998	9129.752766737216	5759.807042124847	8886.37081631983	14941.910715619884	16663.433985209605	11677.047169660626
231.13467_2.721	271.4357920169685	0	0	1197.121228101044	429.7462002369003	5624.326586403362	3522.502497537012	8131.7404168163785	0	0	330.68745841634825	242.2788906954902	8391.113277712753	12174.30863496273	0	0	347.1694835124527	8212.590915946668	4024.2479740159256	0	233.5990460022366	2121.641604581786	501.3829531388934	715.8891490250835	11187.684238465066	1395.3329392261846	5710.566495470718	0	255.15614667509885	0	1541.2062357627415	25998.029203972026	8034.936362595298	302.70756599286045	0	1811.9740045232836	18510.911430805776	4407.112508748467	1220.0101128530596	0	418.1298115135604	1828.0777258436472	2328.0220420792975	7219.8876466792935	8038.786875521715	7354.706917276449	0	318.1227004423557	1499.7811738413252	2175.8673342696925	9821.269903343817	1052183.5669549955	0	2442.4600014876805	5990.82380361833	2278.663090924569	2055.007937759288
237.06142_10.469	8235	44451.54	28048.94	18695.13	27384.48	9178.4	30550.68	30303.11	23224.48	7063.22	21292.84	20079.75	14067.93	42219.84	2406.5	20760.5	10850.06	27782.92	41173.97	6442.12	25811.9	21607.96	24454.71	45998.52	38498.47666666667	45319.16	14227.39	24208.2	13705.76	22051.76	22164.48	20872.85	61381.14	2013.06	16335.06	18111.73	25944.225925925926	42000.88	5526.38	45321.92	34468.92	30320.97	53629.3	47178.04	42263.52	36467.07	18644.56	15511	49082.16	28389.6	32470.76	6956.99	21349.26	24062.26	33503.76	19377.64	19890.38
241.08284_3.491	13604.251772097983	13283.59253054319	5355.545118900282	22713.64582666997	10363.53104264799	22573.623604272747	14626.072919088318	18968.38882429507	5508.35902101567	3919.773470023374	28038.892036810485	19203.628321582164	75479.93180053531	46723.52488529397	31345.92251267763	17261.560091667812	19812.429777542624	63382.41336021617	61763.88156588431	16640.00518264579	13586.58100492253	5927.2792578850685	18819.428651603193	36338.785125524046	31430.932846504238	15104.63648423371	21262.910261483426	6065.897455032583	3976.2972558497654	10171.547598888465	16581.295674223744	100630.95460643218	52703.630983411276	18136.917017810723	14794.606256303945	10549.82435418068	78067.44946089257	48631.34263281843	74609.65112651778	25329.802484905467	43362.35718998405	22192.575361282037	19938.70816812048	25421.55337654231	21119.766234739618	25443.28216577256	13902.24776626781	4078.3634050289	34129.18587533263	17224.243250605334	125631.21994693273	12533.375251192921	28401.91142021577	39635.884567639034	32067.253272589	29895.419899940556	21102.682575278763
243.01785_12.043	5392.084525403395	9560.805446724566	12119.642745163334	4245.249436004613	14178.889479384297	21160.894957044227	25557.425643368693	28675.743497476775	4592.953115842556	7648.920120233405	819.6385379907124	23904.71832600537	32534.65542822723	80099.369474455	2218.0245787673384	3230.002514052957	1520.6699072844783	32997.75333754407	41298.41757426117	3785.276966680529	1958.114763160805	12189.113528175	23617.82560204097	4470.325213416918	14489.624387842901	30979.192254780828	76640.66677480907	5319.137081551421	7781.026057503661	440.9671283286092	10004.702235181176	22538.97318741808	95524.12396078909	380.6092592935303	7476.460697826874	4278.419676138519	34317.19733763351	131526.86272491544	2498.97202517189	13081.518729713182	9976.760622383175	27216.135418176196	19301.338264436352	24693.054179501916	26660.24021542141	75133.0084597249	690.9309219955757	5473.92659857099	20210.823409014927	30956.670956911734	47257.24440767239	401167.5138536243	13079.757829219434	5065.580247774495	43910.45427540677	63849.91638363172	67209.79116080808
243.06216_6.15	45801.08	69108	60355.96	158713.14	79854.28	283375.41333333333	132225.22	332442.22	43034.84	26853.1	49211.8	201352.92	400222.85333333333	277198.08	30980.48	87974.56	65036.92	335008.58666666667	215474.08	51157.48	103811.84	71191.08	96370.83	84019.04	438810.1066666667	175361.28	328422.98	79695.88	37182.1	126872	147550.88	541022.88	331736.84	31062.42	75349.22	47245.92	235215.05185185187	244789.64	66628.9	123620.54	147948.32	112175.26	36993.88	331828.2	247156.92	265230.64	125080.64	83913.74	130228.5	110650.15	374787.72	179123.9	96364.14	144661.52	105882.4	86869.97	111207.91
243.15982_2.743	10543.909968640794	8763.797605941261	9577.651216645374	15004.742689500898	485.5104653566863	4075.2455696029665	18865.048542924957	4534.802925729886	8177.298123030596	8081.535270311903	27765.910769093764	11014.492621497266	4545.76552266871	0	17864.333759218673	10708.39044664553	7418.413830572591	3208.446647017148	4295.921071286591	5670.631675638041	17364.83012598018	6641.601528599872	13031.260808214189	21273.236124313422	1973.2735258272473	12590.086880765233	5227.675546463229	964.6132043849985	6449.479303224007	15718.600953157806	5085.662403511968	6005.686242212041	6409.915076389401	9050.556289782842	9456.296129659064	4949.210136793591	1536.98098683831	10688.96531770971	13064.030469947986	21857.42828788775	16616.20226098902	9245.271388503326	18367.868298012734	3627.839912634065	2211.378770745832	9466.520220858716	12828.621121316115	8309.988882705406	23850.58149424254	9970.2440100086	6296.923774757555	5285.306762589626	7149.108340744079	8413.697909185561	10937.776136652901	4629.095435682339	3244.030490061508
243.17145_2.044	16784.7	9979.66	28166.84	169.99	3832.9	5594.49	23803.58	7741.26	35282.44	4146.12	263.6	6228.58	6202.5233333333335	9753.51	4109.28	55225.46	5819.05	7395.04	8767.3	6016.94	41188.14	9207.4	232.13	45269.74	6133.963333333333	11765.96	6549.43	3064.24	2394.26	19699.28	6964.44	15236.113333333333	8798.54	10722.6	13401.24	4206.48	19084.881481481483	6107.41	509.5	30093.16	8431.28	2481.21	15118.9	5557.36	8227.2	5771.28	268.26	27227.64	359.44	4545.19	12852.82	1464908.64	6786.66	7890.08	12251.67	6701.76	6469.88
245.0338_10.642	345.7508574961487	33522.072027078306	427.98794518067206	411.8841545439485	330.13073540271995	822.7659594459336	66902.60179271126	3350.512682064761	19211.51328366499	291.8150917445076	14639.61761488796	1949.101780552603	1015.7697913533133	1568.8113344854005	241.94451410372886	54700.40008404942	165587.7250057523	1693.2963563258616	14180.707966846156	22368.4219124447	440.338736653922	400.05629514051674	2049.426872005429	298.2074125874398	1606.5449131686955	735.5113458214078	2654.664953756479	16053.300053350054	28019.450300430548	251.95921712905903	642.6686118152879	1998.3397547989025	10604.33658572306	18205.98557586759	298.86670835068577	208.73391479265584	20809.64122927816	15855.825701259279	1162.5688767724503	265.4780649191129	755.261041711695	1246.3778926482141	516.0512731528748	1799.3196353478615	275.1604386145956	10378.55758671148	26597.42406029266	20019.523708698278	242.77829320079437	2416.661412809551	5774.920102671834	344303.550210106	27874.55704868758	423.64605757480456	2531.4235381342132	2602.5279548721537	192.32306717714363
245.04303_9.848	15174.410191359355	28090.034041499624	31677.42548700597	57190.50735386235	36535.162786473295	142557.56912496348	76164.2347124915	57461.83244128074	17067.8750630578	19270.74252635263	19832.1441931113	96439.92832094329	271588.69865587633	304778.32079961034	22251.636403369463	48312.673502101	174142.61902794655	828645.0533732285	181995.62654164137	20093.618754719653	49447.63937000495	42510.40669577164	77767.0834095048	113287.82242102045	132515.69516743996	148271.16902383833	162552.2462176442	17621.98039919405	24077.928096422376	61720.81125124177	106370.42787501779	462058.8936849577	547492.6153992757	22760.952948577222	75306.00033487324	185483.4090059451	239960.62798983522	259847.69362956754	25596.14315639072	66228.84129512114	51911.31372801497	60442.33730853349	52500.069390595236	60254.08350173831	62570.26329492121	69507.91468476453	28843.27679637575	19141.119389085095	61736.53400274597	65700.5240051784	135535.66050134477	244088.8290485434	25503.09795788755	106902.74876855242	333651.4716427881	167864.13025993117	55244.832558393085
245.10295_2.614	0	2178.96	480.8	1645.6	378.02	1332.61	326.94	1995.72	301.8	319.32	1480.7	2486.28	3041.21	3438.27	1949.46	717.8	4220.69	1597.2966666666666	828.06	310.22	2829.34	2023.82	1817.96	6130.88	5732.6033333333335	4297.28	1702.17	1931.88	1436.06	1091.16	2962.5	4377.783333333334	3322.82	884	1661.38	3373.75	2281.777777777778	1124.73	756.94	2417.8	2429.44	1224.59	4799.38	1794.89	6762.38	2617.27	4162.22	1360.6	2484.58	2330.72	3710.25	17255.37	263.18	2154.34	5203.73	2075.1	1010.01
245.11432_12.11	325.35496966447704	827.584676655135	1214.5831352939153	9099.604010075544	3043.796998913309	13420.410788484307	2914.3434654896423	12030.244771471416	355.11255612525156	286.46746592500034	246.1101562019519	10045.03206405878	15884.750852072215	37931.98189727493	843.5819863497633	612.4122300164051	10873.58315770378	8701.033601659243	12908.349989111435	266.5397974641208	2215.144361619596	2456.0950610552695	13417.94663811564	2752.4785747766623	16526.466698971475	4437.43618715597	13274.556173077113	1009.4348944494209	285.13906661496674	4865.841880685544	16176.29119543593	31303.011693196302	26491.73200391966	277.00024707893095	3327.5015223415844	20045.340132143956	13028.109201393101	8751.024822488282	7135.58057467565	12981.712673923335	14537.00641585904	16957.32315199891	4881.886685519343	27084.4209693947	12381.88849968587	34582.15033017988	11307.13673136122	5075.023274929995	10015.400891310424	18652.341771409323	35274.205165340136	6433.218720959034	5767.888028616413	16403.79835242762	37185.237495326386	18650.631766942493	10048.817600101902
245.97084_11.256	17146.957948163013	62521.26664013914	57739.18599976941	24747.895618414386	48361.977275702004	11599.310092638285	66112.4421125865	50561.07396715541	20749.561239410614	24659.632696092278	12429.054334571618	26651.628443315447	16252.209664126569	21183.06224829729	23598.349939835673	15954.07314004191	17026.20215656324	4751.10089342631	9045.849795035749	28435.38176972377	24572.273416319833	46373.79969324688	29953.624531431527	52548.46354035458	11190.583655410843	74673.05945122955	46299.88736910722	25760.45124282676	29923.469102407576	22107.128299275162	55492.54570708946	7344.2215523781615	14595.079841837136	22390.346967877	9938.81496538718	17231.24947304665	17096.0513126754	14794.49524158083	37418.0414316321	47094.67651687514	44083.66519247025	44644.49244075027	44105.17570537774	59944.559591491634	76540.25491378704	46305.38593620984	25597.594059255018	53995.60330088521	69262.21456598907	16737.39389964151	29983.350476543896	443.34491375307783	62645.92383018242	25608.345929904153	20562.436636683793	9600.256016646556	10264.04102343978
247.11205_2.393	4107.74	6787.04	4220.78	7677.41	2201.84	6369.826666666667	5445.3	8430.2	4217.88	1975.88	3686.18	9730.42	14057.976666666667	504.8	3066.24	6573.36	14039.52	7720.21	3262.72	3123.3	8368.22	3619.74	7751.11	3726.56	1264.5233333333333	3740.18	8930.32	338.08	3340	4852.18	12474.07	16637.053333333333	18518.37	3679.72	8485.34	13510.28	9412.633333333333	3050.79	5137.76	7314.58	8470.76	4582.53	7998.7	9949.35	1906.38	10008.4	14284.24	5701.66	5933.12	6264.02	11915.2	163348.83	5014.92	9157.18	13617.58	5348.9	2927.33
250.09267_11.304	5175.030151531302	20451.91707433484	12920.930131566587	10983.180570075108	14248.574242983561	30780.99225005344	27641.42906947226	42126.98504038019	6180.764267214037	2579.4711897705015	494.95675937761376	11743.067278979455	21525.017418329255	3678.8781160570816	4872.844619901194	3329.958827481366	201.3951664536924	52.47916959477433	169.7808744310695	6521.017426745521	5981.562265580467	12680.92379462452	16461.24149139154	19675.818177790286	30503.09141765548	23948.5460134433	52210.150030375196	5437.509056138969	4071.172161355261	3216.7214759687668	17683.415400999136	12012.139893538699	560.3753411991148	3765.648272104089	1007.586248797006	570.5401199036635	51.3586719440628	137.76977262837582	12570.589506546185	21158.2757521283	14989.786862482526	23893.17195123259	25510.102103945206	35704.3272506456	37184.03334027921	40839.09653018483	5893.682982005342	7889.868485302183	18213.971098818696	25999.532273321358	17740.18771124502	260.4069456064197	16165.485950373364	4137.765245233346	251.6702579673608	181.66894933010983	111.57167813741067
253.05652_11.593	261.93521261775686	3149.415483495484	8124.608166992944	9773.296834067307	4056.875127351208	7401.6411784734655	19006.262011515497	16873.359173682125	428.8593476735722	4506.535303984335	350.5327329498684	11975.783602932108	4707.848993076689	2889.549248932518	5408.239818773534	2204.102837411303	296.74332805048334	2817.5038524021843	1592.5532322472566	598.3492563313926	525.2341969055367	7665.6130910538805	6945.024747840848	3574.4622126415434	8802.477585696308	17618.733666607863	18711.367365714435	1617.559972014612	6640.825654791989	684.3346746352095	7243.973119630398	5383.2946371299395	3437.2628983022278	1316.5686350359842	3105.6635583315406	204.4048082631881	605.0515501077725	2164.6429041839983	8469.716923368002	5946.241602915547	12709.393516187263	10031.686621238647	8637.957622872904	13648.03391571056	26642.658299542578	27127.654336798234	2871.480822313427	6673.087395296017	7480.531058306228	15522.30680733345	8605.376083486264	16609.86076077781	7126.351052203269	509.418504353675	1428.3562920725628	2589.0365020440713	1430.590865538836
253.09283_10.606	1292.0876383199447	90324.18090798831	66561.29091113144	449448.44983567693	70769.84185587429	428768.31544602173	108491.62465335974	196811.36010136496	11281.518747079957	5137.2561782041475	63589.47558477693	614292.5027302381	956191.6088804139	814041.2056328371	5623.680956345379	315859.22371003905	834820.6708751	243770.67939798848	44743.4720047681	4619.183525695949	146671.61311720056	121149.09291395757	380306.0680943784	216149.28851972907	1153941.4591280983	181095.102761939	277653.78979518963	8113.680832156682	6439.456596399028	138549.10759803193	466508.6498171107	2236005.0232456783	279471.5321367548	4650.615688035056	278238.4990625463	431742.9533398542	34110.30186211844	47465.90840146477	5503.177175243706	102279.5826550696	100514.49603944765	66678.49281201004	23344.31916881256	217456.81654228564	50616.09205899096	67837.58244877885	19393.806366455487	2110.2355773816307	98654.59072180836	78002.36257586352	638507.3604557383	5774.615578808245	5786.691573130092	459579.318465435	380142.6699741929	49611.022896041075	35232.40261820765
253.21718_1.759	1088.24	7076.28	683.16	41291.54	346.4	97598.02	9651.24	3732.5	3079.34	2341.34	1241.54	5828.38	26641.31333333333	166.24	1601	6378.1	900.08	11570.15	3593.76	1364.48	2010.74	735.4	1978.5	19826.96	21643.763333333332	363.26	8732.08	1148.12	1034.9	36539.94	19567.1	135722.6	5734.16	630.76	9102.44	2496.83	2060.885185185185	167.11	514.78	1659.84	1751.42	5465.84	2771.6	17372.79	6150.96	3763.15	1810.58	3077.94	317.46	5669.18	19598.32	4161.09	1810.98	8723.3	1332.98	1752.15	2983.41
257.17572_2.566	356.88	2926.72	1784.66	15653.07	315.94	14405.276666666667	6597.2	15510.1	735.2	231.66	7430.48	14766.4	65167.90666666667	371.41	5827.1	3262	24085.82	6996.946666666667	2613.06	664.08	5426.86	2243.92	9498.9	6870.5	30117.243333333332	4754.7	21221.29	0	436.24	2845.56	9764.24	190805.53333333333	6112.84	3588.96	5040.08	16034.19	1812.037037037037	4430.81	5029.74	12443.64	9234.72	6143.1	8319.68	13067.42	271.36	8622.69	3695.08	2077.96	12918.84	6342.02	43701.82	1287.21	3694.38	15593.94	5613.76	1633.33	1851.99
259.02209_12.705	985.9	7113.68	2586.2	15119.22	8527.94	38358.81333333333	6385.2	21271.79	1289.18	329.04	2386.42	17048.28	22315.613333333335	17586.37	1035.58	3801.26	7529.24	14736.866666666667	4985.41	0	13287.88	4910.28	15952.69	14801.72	36688.82	0	25857.27	2730.56	304.56	13111.82	16612.27	17806.753333333334	25598.58	2700.48	5571.88	6635.39	9873.948148148149	9179.24	1233.12	11727.54	18708.9	15162.55	14222.2	38846.59	11361.16	30804.88	3937.16	1366.66	13162.72	14876.42	31886.39	29468.94	3645.66	7781.28	12984.52	5706.4	1416.09
259.12991_9.199	14946.3	12583.26	12088.6	38311.34	16588.62	27843.12	18014.62	54785.54	6109.44	15499.8	7834.26	38845.18	64249.32	94534.43	5246.12	15059.12	22192.56	28948.603333333333	16639.38	9940.62	18724.58	12372.18	28484.54	21812.88	49096.513333333336	21694.16	40094.52	9676.08	8555.88	14386.42	26101.96	53457.51666666667	93962.37	3452.72	23625.7	25710.96	19362.88888888889	16901.17	24763.4	23405.6	42001.86	48748.16	26117.78	67908	30797.08	113048.97	16941.08	22558.3	21635.08	42650.74	111964.29	66865.86	28293.68	57893.9	126423.04	29421.91	16241.36
261.12808_2.385	7846.42	5699.84	8416.66	1904.03	6057.98	1042.8466666666666	3687.02	3624.5	5808.68	1696.1	7451.54	1625.05	1011.66	1174.83	4347.94	3413.74	2867.65	1845.51	2785.97	5134.26	5232.84	3463.62	655.84	3608.64	1518.3233333333333	5309.82	2961.7	4937.48	4113.36	5640.68	1212.95	4387.82	2106.52	5205.94	2517.2	1572.55	6704.2	261.38	1943.32	9288.86	4782.56	2540.77	6675.8	1205.3	1328.66	3794.15	1478.34	3239.88	7133.74	2023.64	2002.64	198262.3	3206.58	6214.78	162.15	2117.51	1602.25
265.0567_9.616	181.95129118147113	1620.4275814568318	3853.77260687324	5007.216997599795	6935.374207885979	6562.630606057995	21147.442089147666	32835.2387854395	467.0765433696768	350.0196014362047	217.42589602450013	10268.261516305083	15978.04018669813	12000.596730414289	305.12998098738905	309.4730216967689	0	68.50928202488704	341.7220224749197	263.8811103770416	2664.1800716827174	6850.682750522037	4218.045069053557	5358.38252091597	40080.67073680563	33694.782279958126	45949.75732319505	4650.173068976745	285.14706968753757	808.8226365451198	6036.395878757815	22241.79757456994	2548.2399527866496	232.5730544343835	314.1920498954225	1046.0028102843896	41.15913135354184	408.1174916121742	1051.845950916801	7024.147445380812	2620.7203605442	4673.45858722692	557.1873268475782	20274.8757046794	45617.28253412789	25285.19959876704	4585.946191043829	1070.2410681377323	12765.202760517383	8157.281493850958	15946.069636735392	0	4507.131450299192	13062.747037523486	2959.5558079916914	150.5358358099484	0
267.07217_10.635	2754052.408968413	14011141.246577239	9127294.166313771	5251435.7742396975	10507907.421909966	6256045.011219685	11077654.422166329	7278597.334243784	8565690.878238596	2547993.881183357	7641204.387086059	5018224.739680674	6544376.141895781	1615556.1527631036	2141806.493435395	5137300.268172191	945293.5353664926	104231.68380169176	282757.94663955143	2468828.123058848	8721087.574796477	8644147.771866525	5356311.555446956	13257132.0683353	8974730.843160521	13413285.870816043	10028351.14293134	8590131.79958712	3582023.3391625523	8706894.134787966	6027236.090646081	4131052.8753463235	670952.3913758245	2959804.2619028776	5159575.91743361	853855.8226908855	173700.08071398022	285997.43794925266	4946656.864987149	12940492.786943553	8727171.259613382	6575897.430488009	12901805.243664078	12831749.870731361	13407862.137618016	8052399.78088431	6716101.315942778	4753702.046689478	12248009.345714303	6275803.489799974	8887136.251426699	248017.28943244976	7294643.191588186	8490600.810724728	894698.3927147493	176357.820161673	225254.4979707098
267.07361_8.003	9994.429636969442	14085.94911149259	17594.058072280648	68004.00006300758	27480.92948371856	100776.43479261019	77564.2105581165	268685.46741115133	10160.322875167005	7649.405654792691	4135.261624026602	58758.1413596209	268846.41494043457	310141.45373619185	10180.943545690156	19473.258640937718	38054.63528260451	191523.7008391091	293935.0936262432	8413.829937322687	22045.17001299976	43139.93032673018	27326.67134159917	37839.78888760239	339633.4947214428	94887.72841061445	224670.27875520583	19263.829210060736	12572.559906794731	30424.79157896441	54271.096902544516	354769.23518232035	153631.51296106432	7710.633535670178	22301.274124312375	33841.035429420175	193433.18993965833	240595.17363651883	10904.133662979237	44999.82191643984	60273.38599104378	33556.78065127513	11089.051900895227	227291.59773793115	203991.21225490683	188505.64482432214	48011.53497156638	18598.130672190844	67261.67435222231	29088.322084423733	286864.6568418301	261768.179323252	31000.482427803436	126026.38510143507	70948.05382240521	22941.10340897235	64225.42350260923
268.20483_10.647	319.82	10009.22	5514.54	2593.22	6030.74	5997.993333333333	4933.18	5155.11	2433.72	0	4351.12	2220.42	6006.746666666667	434.95	276.38	604.4	0	0	0	0	6319.2	5827.18	3142.82	7890.5	6049.016666666666	7458.78	7687.5	4714.16	354.56	4305.88	2671.69	3962.2566666666667	0	0	3749.1	125.1	0	147.85	3008.2	7005.46	6719.38	6375.36	6374.12	9342.87	6637.8	6558.42	1114.18	1418.18	7260.96	3185.12	5716.78	0	3711.4	4924.94	0	0	0
269.21228_1.807	1726.0486312721318	13421.474730732261	354.58470995479735	21196.13159683184	340.7191626713724	13861.320714301733	15941.33078983314	2999.3692923913504	10459.932273041051	626.0887339164989	15479.128609907408	10625.470408973502	13020.840860632708	93.00733429605769	360.40773395789955	2237.324305923636	5935.854330713857	4217.65798811825	8080.933833282444	655.1549059155868	203.59384272530824	955.9215404418565	1077.713525363718	16815.789237516303	3754.298068097363	391.275779030107	26913.27663846611	401.9077502844129	836.4545824768642	6308.932514699885	10752.072732992498	51005.115642111145	10701.697229472444	397.55562887610773	5747.725480317426	918.4749290305703	3197.267339891722	755.2971729252005	349.6439279296007	5041.083103815824	205.54861055902785	3236.7351031110065	9129.720487813667	10296.498372649301	4484.826825685842	1936.1268358679279	7350.890400250042	3421.787377290289	459.483625210471	6897.18532738694	17703.81672660788	22743.279216641706	256.1945486852204	45687.538161013996	898.2844130207384	4797.460245301139	2129.4676473155782
273.12085_9.707	261.4	1355.64	557.26	2879.22	962.24	5318.98	319.32	3090.8	405.84	0	411.46	5115.67	8408.186666666666	13595.26	195	701.64	5482.98	88.63333333333334	95.84	0	278.9	336.4	5649.41	19007.44	9233.526666666667	367.44	9246.89	241.82	246.52	228.36	4848.33	12075.003333333334	17438.64	13565.02	1357.96	6946.79	1302.462962962963	151.87	9517.78	5964.96	539.9	4929.25	397.08	6234.22	447.58	11791.28	679.88	1615.4	3516.18	2770.63	5946.27	132969.88	1409	473.86	7466.34	622.58	106.75
275.12473_12.386	604.5663944239803	3065.713113086393	931.7136459457588	7774.9635359278645	1003.5409418131972	7265.725419094982	2057.9465096006024	17063.74105688985	282.34503659699004	282.9746455611158	1038.9873934539362	9530.39840227316	16122.543566172095	50697.73411998197	411.2067865727545	1040.2083936897661	11903.104626200975	23621.566566452006	27192.56292450273	558.3274348779557	3632.5894002712366	1283.6357802216314	6552.5079899284665	993.7584933441944	22823.291486050795	2304.1105522974526	15024.6836073819	742.6890765607418	361.38626593549867	3124.1920777077844	9026.17690609244	22470.67118648753	36881.91907448493	405.20109692923245	2731.6186023516875	13352.527674845545	42684.3591877285	27924.256806008474	3923.4622060984057	5264.627098120978	7924.499206017394	8129.2482471103685	1535.0521932841448	20949.00112686751	1625.9978651834836	23331.279239378357	3467.0240500803716	2191.850465820774	4060.723132177085	6493.5929899071625	35735.1391137873	7156.063233764785	5208.298271968696	8993.570840837054	25568.505271035916	27172.871166157664	13215.001041927415
276.9884_11.678	5809.685253770098	29891.12340532032	17237.18907873914	9173.117799853173	33316.85618525333	25387.478394796428	30127.900868552042	30214.80716450102	8513.226222537474	3555.7252620806494	8688.647058850307	7775.455847062528	20776.62800852209	19655.625997462997	5308.65070979542	6368.107004419739	3640.526520224546	3989.1362238158945	951.2553777194556	5416.8629635983125	18652.006063012945	19470.16653486014	15149.044300000489	33774.16226230201	64982.428589673436	45217.18673189518	47065.61030527142	8337.067796082747	3167.8624320144645	13103.283025742552	18241.65503776401	19138.00778460434	14777.789052271999	7784.770487618394	8454.780731480367	5600.4143677978645	5255.927318177175	717.0269880097314	5709.971582612521	19199.567611286602	13682.88689134616	14814.800101442455	30524.849650585227	25789.1420894263	38344.13535456113	18723.292840111928	5519.262091045189	7493.8098840695775	18333.928965824984	17528.49557330159	20676.213580614585	3009.8242632903234	13740.079454291688	12809.025306418669	16021.118911872958	6428.984971322027	731.0204375846511
277.15601_1.954	59962.84	279.36	0	553.23	265.54	1211.67	0	1241.33	673.56	22879.24	0	11816.87	1647.3333333333333	4964.34	0	0	321.77	3697.5066666666667	2513.68	724.1	61357.1	1026.72	431.98	362.62	2420.93	291.2	669.16	0	270.24	0	162.71	5394.97	3319.36	0	856.48	0	12554.614814814815	541.89	281.24	263.58	0	687.33	38609.28	1868.78	1802.96	444.67	0	616.76	0	463.23	2712.09	347926.68	290.46	387.6	2399.11	547.74	662.82
282.08453_9.567	19275.212386978503	27427.98736448862	22447.98977507694	32444.500488071873	24912.38981764577	78097.04014183128	48323.827770311975	72118.27823086081	16307.760148147332	10231.690938816842	13697.87723648276	29031.391503284314	77087.86464266523	66313.96000957693	12239.586519139802	24952.213745472254	15389.10825790163	50250.03815939436	63032.57406685404	17018.484995477367	37579.47232836133	34068.777485169594	17079.81875841956	42703.52436138297	42561.788020407075	55104.06579784561	65703.52430260771	18935.74182791697	15554.55486417408	36283.0186699558	34751.06962309701	85084.7545052078	95572.91265555104	8596.219473588368	25677.21097153748	13557.084580981042	34836.6996391848	66698.65722938695	14220.112951927784	38372.857226962245	61998.22388542135	27226.681934100223	18773.622208485798	83287.05042892857	77885.64545120743	69203.16684953011	21896.893054103843	18985.41201766051	48206.70873048027	28665.76364962502	108599.54710690746	66486.96412919849	25882.13206824837	48727.008885791714	36821.085033422714	39373.34418023254	31453.48257280838
283.06879_9.308	0	0	1033.2577216208526	4206.461330731339	967.9958264472468	4839.1530754620535	4342.207785219078	5606.877194160237	145.2838202036095	0	605.3432779045557	3722.986355792856	8416.1181198792965	2510.7010816497	152.88931053848734	0	787.429573448955	5650.45471991248	1854.9377816649521	0	0	463.21047644094784	3237.637394508496	1603.0999393510313	5268.082010015828	4304.057806297791	10690.64131407516	0	141.9047637474629	186.29469328056305	3089.0425487372313	8657.794185868666	9283.261299351203	309.6191095065125	134.21975292499792	515.3392582022037	4205.148464932545	2466.292578203094	655.734901497573	187.78648611171434	3337.4789804646657	3331.702498352082	346.92977838667576	8008.78378091473	5795.502952817392	9197.547886315651	4111.535973854146	646.4641242512969	971.5304867398288	1204.628906936891	10386.94034752032	2258.6958143608817	238.9824050086684	3931.181109344585	3783.749032882304	2244.5781656717104	2308.5924888068666
283.19153_2.193	336.1204184230165	2076.9553133855447	0	8095.4503736806	0	1840.5155121624032	456.492000326025	7510.093037426452	305.7464925157217	300.7559975436198	246.57553414755705	9614.35883759852	2643.399156666931	0	0	618.1324501698106	2537.992958969656	4580.123663177467	1627.643042218495	297.73801944240034	1344.664066349188	0	2948.889119219135	800.9896937425208	16301.683624033161	1225.4173089579344	12473.6960354146	0	0	2627.857973636675	5676.03649715199	105579.9267878407	14312.149592615184	1228.3943813562228	3096.3724916334786	8139.69300076918	1432.8155017093234	2032.1006616551008	0	1795.1840673080033	305.1730534297329	754.7581007612872	6024.033435333838	5322.328473956265	270.18778187191094	2433.1603751132243	402.0810330296028	779.0851392719493	2633.661683486458	491.8924611555826	2734.2310395912723	2465.129480107505	0	10178.238979105528	6340.353823931544	404.1571232741681	93.57849334607427
285.23425_1.814	1820.248386280189	1807.0620596483077	4875.884340187466	6505.470265933266	0	16838.113337579056	1603.9011383001812	1455.1029218125693	6704.293307418229	0	0	4121.024146744749	10944.430293607586	0	0	2161.0929169778346	3257.91183619507	9049.900764771435	33386.91111114439	229.35813576831023	1635.9209343294215	0	1315.779391879355	13575.720239958153	189.9908085631795	1638.3694351593995	22693.986056202702	0	0	7062.194694299853	9200.92711943686	23941.44728705966	38217.20952969687	7655.277740276457	7339.900316937242	2983.485068313761	4913.234283917521	0	0	6434.324958962917	0	9070.273621044593	11410.62420270597	16772.69095140452	0	4727.638598737	5486.041538835128	11384.384773381531	0	10142.114101053552	23675.721583643593	6038.074785030737	0	10055.983309115689	4266.386530610501	11296.783544149868	38282.53245023012
288.12027_10.458	8997.487874249931	21148.22729257429	20458.193786550735	22716.784894970693	24687.369213846574	37134.48173513629	39341.57082214712	45410.30256789044	9904.457484560993	9560.439666860693	9533.507161006633	21828.636078436288	36505.82428502228	8833.302846850618	9034.067980306925	7901.495761783532	9469.1931539981	1534.858496747132	260.26228895810397	9659.876322874845	9652.950785760568	15116.289559598054	21557.397468083127	20697.358015162055	38182.52526343648	64456.1513583241	64273.88336049375	8345.447017114704	11457.336536433542	12809.246483466823	22904.149282627975	34109.51679599166	4718.701930498561	10243.324173186584	4823.201154420815	10844.205471474688	1251.438865671874	170.1408916387584	14038.106714836873	19626.88170197506	20717.670675326688	34549.454136654065	29014.4906631751	40190.07998045334	44536.438324646464	45084.59426329444	9666.75954029104	11218.567356372316	18411.18172017597	27855.904575677607	31577.431711107212	21006.3202637341	20789.893122379424	14362.342821664217	5465.307452515303	1413.8616035939867	95.19048332396024
289.0538_10.612	49357.02167160015	208241.16781830657	181125.49244906995	82361.92269394355	145723.06032945798	86426.02446227577	151327.8307743396	103208.08644901907	133894.48539436603	41490.35065072834	129698.3633043689	133146.33927884698	72987.86703290061	11151.79549244373	68302.57417574209	109763.44385928407	19545.21484604613	2631.1385020879707	3294.9441744643887	42920.05182333234	100478.56053702418	165904.7704745652	137275.13911104744	179053.4593194605	92100.20621122996	225889.07947310165	154021.17247797718	123889.78584173799	52631.91182835393	115598.69360184172	86627.38951237522	13862.758465588617	27818.87260758283	51271.418583999366	74762.88652195974	6828.182107126494	2027.4938790477622	11695.635020733705	203736.73506561972	331436.9918670758	234888.7161085784	151863.90136036373	283318.3396795025	184015.8796439784	163875.69884692476	180352.7796394093	141194.2131295252	121656.40778161758	310811.1611035633	155999.9356501923	126359.9037460487	3349.0169364209723	134921.48074638826	142994.11682054296	42655.09430711091	3976.882066101416	4932.971990011849
300.22278_1.86	2755.265255242777	2267.6123958235353	5702.5163872058965	3046.7000262093206	0	8167.086531105622	4874.539507965662	1136.4023780343723	5803.641479533952	248.76497573917214	388.0419698513454	3395.919647992578	7291.689892080252	0	0	3970.369135605782	3239.361023535013	10932.566801673805	19491.30746181584	236.05831819976495	2846.942948420936	0	1215.9031518897405	5270.056949072959	898.3104677854484	6320.672665140028	14672.018203099056	0	275.2024089800184	7795.935653458594	5445.564249184407	15912.454639146697	19642.68914044164	14986.993944798905	6269.183318043266	5308.6129460517795	6856.4086134356285	0	310.5329602660161	6912.825980372972	1075.2939403406467	3551.0911416989425	7608.537325270413	9346.460789395811	896.1326931366723	5297.24170046669	5457.599832966685	8119.83676517374	2007.1952409137118	7406.040548493221	17708.87898687627	2992.6518872619426	0	7819.287966717229	5482.9835585118635	19290.55348900335	15344.459312439456
301.22916_1.861	12064.819143236364	8028.568928238956	14587.198177954928	9608.399175435008	0	26198.51346409543	13496.1830050487	3678.1722941643193	20665.307265245618	3331.7169480537978	1991.211322220207	11537.27481293478	18975.83791469792	0	1855.767819611472	11550.814852207506	8042.083002234453	31755.794937571784	55976.59091581503	968.2822806237568	8560.594251857781	2781.9095635693943	5962.342002211076	20120.199626097266	3380.542562521559	15305.34660555764	33668.54308769736	0	2969.1562874992046	19218.622016934954	15807.4382005647	35399.14837427067	52678.753201570195	38623.89686215743	18633.766515376767	14383.727920765125	15462.163774554645	0	2696.4705003885138	23936.43101672519	6658.268832088564	13695.902360516218	28720.337071039976	31228.612586203242	4151.9833291367495	16223.479838698795	17681.97157748099	25913.064461107817	6625.154569271082	20268.834819879063	44410.70484823596	7777.154694754173	1389.2426817520195	24873.566869968843	14007.425441213207	49855.91311163762	49433.294529129125
302.06635_8.188	0	702.6020711298959	328.9458090738327	3644.5157741602507	0	15155.959159081542	1303.886360458518	3564.7447869380057	273.75848907114647	0	238.644449058537	5405.040247945139	64606.234535641284	33583.46993872801	1763.1838859640172	7378.207858341991	10818.70363716514	44183.77308851894	56577.79705786827	0	1850.0769997639054	650.5750194898231	1057.9803712647672	1227.1514992464543	5810.955005952416	1302.0790036993367	5835.789092287653	166.62009295682276	0	633.7429493494719	5929.06723349968	103019.37247362612	44357.17085656352	351.1044386305002	7730.5298357330685	5936.41443295856	39825.68632110769	39060.91984585086	287.90669343057124	700.2996317190087	1408.2161255506464	1890.1030528294066	549.8121951513637	7668.2463753836955	2250.9701826340806	7695.336079001813	638.3548538196263	183.88338786849138	1193.214617380477	6272.770013300156	77831.78968135946	53523.63506199303	5241.87112695918	28065.13237933662	15480.786027222266	22827.13584247863	31106.31406845344
302.53397_11.862	1877.810556154484	6558.778378085329	398.02217207871365	6436.0342475072575	9538.089975285791	5299.16581655128	1608.7254895909864	10918.780773819375	1768.6271096814985	1233.8552076867452	3315.4607773331813	11854.120518574497	5772.305749386814	1892.7453480867016	0	2455.845026579935	826.6069104967179	287.52161256374876	329.16697049676657	0	1170.0505962884672	388.844892052121	4565.32869600911	8477.553749116474	5265.459129902579	393.28560152023107	6310.522259123814	1587.6785290367316	0	1048.350334966331	4014.658603514973	1994.3636754001805	2955.7595474582963	0	994.7648249914658	926.2033565059364	1367.8048796073786	632.9161355912278	358.17892641185557	9780.514077174623	0	7072.47740311364	19894.485394197967	6318.696673258935	1395.1611655598344	17535.20123287081	332.7637907090622	1440.0349291308992	15043.422897033934	10775.28133629492	3136.7224314568966	16854.695335786113	1483.7594240452493	1296.1896091092456	937.6079346519577	184.28780938456902	267.14005086023
303.05026_8.009	2638.8979029320726	3112.633067590374	7076.555743531364	28131.212306488636	11088.164788501506	45498.962801344926	33602.978601650466	122540.65122629389	1105.7156898894514	1269.0089439241385	411.1293013739477	22212.19919650658	116210.8672145245	141209.08289906924	4117.883660618893	6146.191775145009	16864.572670504753	65575.60624587972	135357.17840118418	2493.6546882869034	7078.327994865611	16470.3392591775	11413.716069164911	14992.645872754072	154498.67039286846	39456.37091064557	100592.50080220014	6470.1961991492835	656.4792415553751	12656.554630195995	23251.354561488763	163939.83921498476	59961.92200970942	361.9792806088446	8254.164474731417	15464.30741764187	86541.79456318509	108214.2218086462	1911.711819857841	18595.11261642352	25513.57859106163	15193.402911394638	3480.400507934073	100587.47091993316	92009.1124583997	81393.0401216939	17758.0340962027	3716.534989573749	27986.836003799435	12464.910051495688	126580.03924977832	123817.15393853308	14157.824282914225	57987.76334000212	31019.8152037388	9895.0099274455	28244.46271509606
305.0473_8.007	0	259.1251016846599	229.49858860723168	9035.247187696375	1061.7106208422224	14621.663363640997	9615.966045413816	39945.847174769406	0	0	0	6599.305357726874	38541.893357308625	46227.37205064011	212.63418105065202	1280.0319889062923	4383.845109797123	21940.79372473902	43764.342081985	0	174.62685539354442	2773.5136304168636	3144.6498730490625	2056.045615976678	49586.18229945277	10634.476384916949	31425.14499242483	327.14999139788847	268.1161888045708	1796.3433089483237	7438.241443533909	53941.915032013254	19924.873169791957	144.73514600319922	484.24046199384895	3369.6350450774858	28356.141001200238	36394.3158224904	0	5062.888597678913	7787.829357467566	4106.149079460332	166.08200309721207	33513.346181949135	27548.284897482656	26365.253429430002	4254.551353885413	831.183094502115	8338.948121978588	2130.148700949814	42343.93682225996	41173.83191357678	1330.6617724013972	15582.036692606618	9301.343297474617	1487.0821597112663	7627.748398591419
305.06842_13.755	3149.63610413294	16933.865202462806	13763.01620650972	11009.157206688998	17928.58943417972	36196.553470918814	27945.95565946192	40260.888713164226	5096.658883116317	965.9192051512807	1025.6657992451148	10363.603724906068	28692.83838412996	4796.462547142151	765.6192410200696	2208.3893024323565	1297.1530305891763	2818.6358011406123	0	4280.268430095963	6512.741801057946	11015.835841190657	13384.008148032333	17397.336418919193	48146.19369150119	314.7977214009249	54210.20061398398	4864.875553757169	7882.520808237036	5603.9205189049335	17170.78649857539	14806.194131237078	3289.697839828774	4799.340428797918	546.8329061382623	2713.605753430879	2287.57162955057	313.38779760262804	4061.495000964211	11219.50060431219	7799.4889419439	23275.309334714893	20377.255032340458	34355.05366690267	39456.24515608703	36853.546052531165	3083.581413019271	3696.342098244321	7893.398228796848	21387.098548996615	16740.775293796094	9885.716963380917	12700.63972459401	7740.328056575464	2273.645238112768	285.5227601979572	0
305.11862_2.328	6306.66202617037	2887.487874219672	3030.121292690665	4141.833426187292	1670.3542101183266	270.85397985752894	1970.3045930313208	691.678666177935	3926.8648292824764	8476.851291856237	4885.103812892426	4557.879141093519	732.9015819490298	4058.6647528973435	5428.535792381855	3516.4518402240633	2881.4828034093143	303.56345665286534	2297.627050836191	8271.86742071309	15101.593572197315	7225.794707410656	10485.180646531126	17865.99505567994	1201.1967678419096	4927.575736629475	7128.627013171348	8056.289851348931	4218.403388907507	6963.61156050204	1705.1908652451298	718.8785153873637	3657.0944189019215	8040.372535713422	6867.631434056244	1801.286932633935	206.40929660276024	556.8017749538485	20638.55251341342	26301.86979569962	15287.954341853381	10420.405052014354	17663.52108371088	6054.3301334659	8738.473712452404	4030.661071920847	14269.186622381376	4266.411548343989	3902.447225143815	1303.2048567807522	929.0535678849217	5932.440680568535	12518.989870590463	16971.38774529835	7579.391706177891	6299.526430934427	6749.816668471516
315.08087_11.242	112858.65678690319	256278.18360894464	207472.02181322186	121889.94575621748	229630.2052280328	79729.19082678766	264001.18789380253	193531.4327918174	123183.26194129021	116454.16376539394	77645.79679182936	300711.6485528419	53343.419233920584	74206.77807548274	235347.47303853912	90511.10679658137	28391.53881205397	15844.216983177343	39788.61096387144	88585.65530961532	81463.66268937597	181704.5475935524	189675.36074035105	246694.1684489413	63188.76335775229	256077.5977212546	243028.99714849752	88328.80358617674	133855.55542771626	94947.28613151159	115988.19111881957	33623.489636745195	151852.7414806437	55787.817080764995	68104.72017387899	48074.824134075854	22182.722920304528	136644.27998642996	287016.56448420073	522880.0241972729	281472.9405448321	248223.2332828825	604002.8453001122	179675.56549156373	298414.3913547511	355185.1205984053	121380.3556510476	182170.6634825402	649716.7154013143	407072.7095820702	116781.89552406319	3918.3173428296927	176066.1686146144	129658.1475085726	90711.25777169039	32161.781805506977	27241.1886683549
316.08856_10.746	9699.319833601035	992.6799705232099	444.0599765623494	10727.104206486965	17942.73277913461	262.7811384777054	21069.904153546137	2722.8092343072053	11739.680881457176	254.0221843105074	8207.498182245326	19134.389951335852	3404.467805244338	15924.476044130635	27293.846338458097	5644.661352139604	23588.061434019102	6309.601659835981	2779.937970812191	8567.244791855252	8185.975558859486	204.54705588746023	8150.917102622643	3281.219079232665	4102.945028371006	905.9865941201605	190.30088419642408	8558.144005995104	12828.462164917777	243.41406883210593	7556.52346440393	16720.01644338481	7171.1453605952975	8108.45218609927	3415.534401783716	7676.03323903259	1740.596748424015	8563.654927059813	38571.270944338146	1935.8334450106472	1180.308698965922	821.8607660480095	41612.55279327408	760.3464536711203	24699.47019272858	24920.029430148705	10842.990401320567	15486.335379210775	2111.7474711956274	1431.2915779718817	8652.528594833011	325.4851111359301	19197.01596637961	10131.713348895451	12867.669193319683	349.68112548344817	221.67977723671504
317.05469_11.204	397636.51976636035	1114416.0344976038	1147371.0895773813	4083012.0605659615	1176457.5467270978	6250191.113000988	3716356.5975462175	8784649.001923319	395623.6119517836	403720.37495177443	418509.6840495774	3935286.5564602166	7361760.8526798515	8176692.316044352	202783.5575199057	1763497.445215837	4077293.2653266503	4473948.436953572	4404360.998738372	387407.11421204015	1255987.0552991412	1675470.0218371474	3679468.546944797	3576885.79323504	7138197.684995334	7414758.621882308	10535931.486828955	290807.2896078938	561214.5985578428	1052670.2948190793	6103114.779084411	8410426.444086472	8444811.814573592	257796.2202641194	2227327.0934389383	3967135.272691162	4600747.714704939	3502786.4854481383	913064.370394522	2780784.786003669	3567634.527811434	3350914.382910971	1816098.875835058	9848420.720135061	5746989.746408424	6747684.584754508	1449725.051078662	874857.5123610576	2894043.496876499	3511900.1338665313	8458961.8645449	2149722.8302538707	868151.0619986797	4097700.984806301	7241166.464326735	4706938.862416831	4495553.361392099
319.05035_11.224	16330.194393757603	58728.20622358113	59957.87486352831	232614.10568576187	61150.92592129037	364109.67393857084	205756.08013379117	500563.80630907894	16340.69372307888	16512.768506914523	20514.023438611675	221325.21118407138	427544.9656210231	471634.0032112363	7169.892155461569	95310.97053679696	231568.46128412432	257084.64187129206	249677.4594238009	15846.323794807053	68878.58559042077	92049.8630329914	206336.11671182277	197043.46177531677	413327.52605831536	421943.38804462267	603122.7941289142	13158.042365279267	28122.540729282722	58712.8433408947	342763.122844703	489789.739774233	479077.92264237866	10768.253489137833	125355.69936730884	227527.77909428705	265697.9614281245	200219.07436417346	48064.7317430413	149121.83685457698	196000.4102350244	189852.55944719023	96847.69625103795	567112.9533906688	321853.27159328276	386926.6422899998	80420.69483608741	45675.55734630751	160829.3904350082	193846.91187159173	483056.03306523105	121598.82727095686	43935.95822467027	227876.7399300913	405189.57032693026	261758.6723430596	253197.7643404832
319.23975_2.107	2416.54	6028.72	10112.08	4664.6	0	11299.003333333334	7038.66	5924.51	7962.12	3467.4	2958.46	4031.56	15121.453333333333	159.76	0	10636.4	6694.8	11639.11	29366.1	2589.08	7548.5	3447.68	1664.08	9094.9	1683.7433333333333	10725.48	15008.83	1623.38	2650.1	9956.86	11957.26	22856.04	18854.15	17927.1	11167.12	10786.55	10910.52962962963	2279.86	5233.54	7357.1	3233.4	5268.82	7836.04	20402.16	6095.18	5403.96	7613.5	14129.4	2137.82	5063.53	25933.04	1412.63	4042.98	9856.46	10605.81	23054.14	44315.12
322.98849_6.211	107936.44	164581.88	142466.4	314082.52	111612.4	412141.41333333333	297345.98	546710.52	90930.72	75255.64	53564.56	89933.15	548816.7466666667	549732.88	79679.7	200632.84	118559.98	115004.98666666666	231604.22	115555.56	254506.54	172601.8	197775.84	216345.9	578608	393894.24	610684.04	62029.42	109981.52	112427.86	275767.64	561731.4133333333	249962.96	74641.42	163883.32	108100.55	214520.16296296296	385911.72	101611.76	290540.86	368385.56	241902	96640.36	575567	481218.12	473964.08	263976.76	194909.66	317521.16	232398.96	645836.2	402176.6	202390.4	335507.98	233556.16	192888.12	140177.72
323.02863_11.974	7218.223984131578	30768.301076146203	26622.475570192906	24526.893591144108	12313.169630731085	58473.49836229134	38992.80222978551	49080.99680417298	3832.0797305268848	10310.993887311786	11239.80610012608	22319.478362902217	48462.47887603279	6198.588008717043	9720.46654238934	1209.5145725587304	4536.829665215491	450.00025048554915	1390.2497551332374	6719.705094396066	17072.790841573726	3651.6945848646055	29268.142560316875	29328.589384034058	31742.59550593106	3006.661193677708	62269.156708070266	1660.7340175261024	3351.4801846654336	22107.609932030668	33945.307201976866	7244.52311460636	16269.52827949045	13119.560036552059	8030.241703923082	6850.033967308707	3351.1906601709675	6534.11365816097	14780.453931734113	25130.119283956075	23604.15992609703	44124.47208562246	41460.76549113421	51913.59780699168	3731.9432935390905	68469.44859434062	8337.682010953733	9963.35700867319	26183.820958497872	44399.57337688027	28404.10945987498	169758.08777102522	22789.00242623142	19694.72771253004	9518.205239363495	5093.585801601322	2928.418508188969
324.98645_6.212	101651.26	162811.96	131269.08	310793.5	110321.48	401759.4666666667	283828.08	530534	89225.52	75100.9	50876.02	89881.09	536727.1466666666	534355.44	75755.4	187173.76	116179.82	110720.10666666667	224089.02	120476.5	246356.46	167492.92	191592.96	206830.86	564470.24	385020.24	601413.96	62617.56	103917.26	114024.06	269706.46	545226.7733333333	241670.28	74642.68	163266.6	103584.87	171229.1851851852	374596	100094.96	283609.72	359196.24	237432.26	94545.06	561916.16	474392.76	462599.56	252428.7	188932.26	312624.98	230654.8	632645.44	395331.28	197811.98	329370.3	223369.32	188885.66	236819.72
339.03638_11.196	0	0	701.8924563867893	17570.03846848955	1481.1712457916371	17197.016089917754	10264.499804847032	25305.15758316369	214.47495420605378	0	1047.8849743236237	18872.6734767092	24949.56057100437	49335.21267128111	0	10389.911758259494	32589.14303376185	28769.540400218506	17056.872551135635	0	4145.224903523846	4004.4497500265343	14023.007015882695	9275.38156049863	28448.150226522226	34509.60642555519	34736.90536046994	0	513.1704796627401	4318.21498829337	16875.134898906716	42162.50989561107	49898.29186441214	0	9887.014830902894	26537.30292670305	26331.867496867995	30340.277388700113	464.22769646714	8321.833221812	15626.457724384014	4448.256249785951	2128.5701526374824	32180.989779205112	12912.865328409669	17188.818771898725	12084.880183740328	0	10190.297484559875	4553.793058104038	38966.90804081142	14067.568695818238	792.3101144712862	24274.58395310392	41522.42388854215	36765.15944097517	26727.415963261217
341.10855_12.69	5963.001569740554	25417.916915772345	31592.473905863688	15096.4722536157	14595.321959891038	24830.650469811124	46007.34849924795	18871.58505873889	12034.613557496925	4153.945682763203	13005.953474533753	14713.864611392988	33300.81064646452	76977.78974762227	6702.28597561445	33855.20158598271	19388.659747392918	63881.4535424584	28123.08765058259	4793.780872926244	26401.681209041144	13816.427510835772	17164.55660643047	31431.02622258484	45568.5888925385	51521.116854986874	20995.081701268315	15082.97176153682	2884.7076170104956	24959.17295422941	16336.056421766158	61303.97861588016	173873.15534143493	6990.987293490218	27169.3439220154	29669.01282010791	142789.7735590605	52066.78788616593	8192.973425493006	26843.9087806193	22158.998355409298	15300.599965484798	18006.583786951807	43678.32126195172	26219.062317866847	24346.312661230044	12075.687606132795	5552.237793889628	31139.003630914947	16864.34596419929	48486.400673538534	20459.084118052415	8860.133277710385	32841.94429418092	35553.0655147985	61609.09108001254	24191.592211903044
341.10889_11.914	976090.1497575222	4401047.348544931	4284444.871496978	1734399.1658393585	3584412.3506480823	6767138.110950506	7555022.3267008625	2338654.799576497	1799248.4875825294	705055.4409234391	2138195.76950323	1760530.9409210584	5049853.45378463	332466.35735738283	729793.8472536677	2077471.2596234607	292563.11333661777	28368.03207262167	20819.517694604216	664971.8830169766	2820058.891685592	3918752.0477392464	2327806.8670384344	4364085.895156714	7896752.756009145	8893096.505727772	2927764.8392524463	1720794.9494779415	699094.3072245716	2848008.1993552274	2324768.4465835197	3263298.1140855015	101575.2998392543	716253.8286423344	1693201.1528412916	241859.65156405428	32009.72235984883	63927.27174545938	1053553.839492621	5679941.474953197	5100150.73951115	2354111.089666016	4313847.687713871	8293199.81508119	8568818.749884106	2214099.272313662	1908416.9371221398	937771.1120952547	5640387.325973365	2191861.704679411	3764764.5868687625	25224.304372227205	1243981.2942544015	3477473.0023558484	165905.85318720422	23101.363365671183	18268.41339384088
358.08142_10.813	0	0	0	709.59	0	3030.85	0	1668.06	0	257.42	0	1233.62	5548.01	6149.52	0	0	3898.41	74442.62666666666	21856.83	0	359.86	0	1862.97	0	2432.883333333333	0	5814.02	0	0	0	2154.19	23291.23	24052.61	0	0	3993.31	28946.17037037037	34982.99	0	544.7	1264.96	1590.23	0	2409.58	288.16	3642.31	0	0	0	1239.48	2974.29	8002.35	0	944.06	15134.26	16582.7	22178.38
366.99765_10.542	3609.88	76475.7	58796.32	16751.88	67168.84	47331.99	64049.04	44444.62	38237.98	4567.9	14275.74	8672.55	56621.12666666666	3701.51	4399.12	22856.76	1895.61	0	0	8331.64	56389.66	47346.24	32493.04	82239.58	41778.746666666666	110750.16	77530.8	53221.52	7580.6	19957.4	46322.66	31141.58	0	9529.9	27434.12	1210.13	0	188.16	11445.32	62001.92	41845.5	54735.9	66856.64	122312.19	72451.08	58571.9	25855.38	23648.98	92022.48	29778.34	64033.45	0	32367.26	37470.98	830.42	0	78.44
376.27258_2.077	71863.72	59006.26	61293.42	56126.04	0	24582.253333333334	46634.82	19655.62	76863.2	40185.72	28134.52	53633.55	28821.283333333333	214.82	11150.44	50263.42	27760.05	8966.6	42491.42	22660.54	69563.74	14171.12	32202.39	97222.8	2114.3	41014.22	47717.92	447.66	36207.74	78456.24	33282.62	25861.666666666668	43844.98	112746.38	76174.3	27677.4	10544.114814814815	891.76	15156.46	85078.04	39625.16	47993.62	99237.24	41192.6	12946.44	20781.9	36677.92	72823.22	46013.18	57646.12	47685.33	48908.45	25564.32	60357.22	23429.94	26326.75	37140.73
377.08578_11.928	56146.36	264068	296938.8	77898.09	164076.14	124774.28	293504.18	219916.06	111583.14	36612.08	84156.08	86945.78	122299.06666666667	15831.09	34630.08	111692.92	11607.02	10331.39	425.44	34464.66	200978.44	212254.4	97831.61	185584.06	241556.24	380757.6	127377.41	172842.92	35214.82	105086	182861.96	91606.82666666666	34696.82	28353.16	84331.4	7728.33	34623.474074074074	2536.88	57490.92	213534.86	335985.16	111786.95	178001.34	327081.98	420298.84	89184.18	104348.8	42968.14	295478.4	96027.32	156424.43	1729.66	66123.5	155718.56	10357.09	151.48	0
383.19342_2.633	6279.16	5819.86	7328.58	3361.37	642.48	1717.6933333333334	6190.24	2213.08	5023.24	5536.46	6818.9	2614.8	1559.1466666666668	341.05	5310.16	3413.58	5666.57	1074.1466666666668	4309.78	3715.38	6437.5	3271.52	2918.1	4393.36	108.17333333333333	4805.92	2607.98	922.02	4726.58	9974.36	2662.63	1384.2966666666666	1948.32	6673.2	4486.24	2917.06	1301.3555555555556	4531.96	4455.52	6207.36	6035.6	3378.99	5451.96	3158.02	1262.6	2640.13	5311.58	6952.04	7765.32	3003.3	4731.89	5395.15	5564.56	5992.38	2393.85	3450.73	3439.57
386.03351_14.095	12589.718189489786	18310.97645344045	17028.365600365454	8611.115062365034	0	6505.38153170831	16303.55382308191	12077.658430300526	23754.196268781307	8580.115135214111	8927.44599852643	21062.138725011846	7704.786972590713	0	12115.783574592495	19829.635236189562	8012.966488437071	4836.772896828582	4047.440365900092	14885.95950802692	14284.54586386654	17550.664601114426	12497.412257862605	15804.90605780368	367.29005149114886	12043.929738432862	12817.481834048504	513.0479128959755	12519.266316433517	13731.215152724706	12340.798566425101	4975.3365980804165	10668.189732619368	15043.038676416993	14418.494998755323	8496.440005900075	3024.516289326513	6846.109832899329	13423.473067976342	22159.731628737973	17949.387758343368	19033.531855586214	33638.47396833542	14994.107880559888	1298.6549756078991	29637.260963204968	16447.254842447743	14663.20763717821	24188.019087022403	18393.6940715943	11440.49448987148	8257.583853346448	23095.508363095047	17054.341918419566	8486.789885798506	4772.133475822112	2335.824585143933
387.11478_11.944	2686.4722261328984	21452.753603026456	23240.8632411158	10963.653177540657	23094.327082862335	35873.524430772784	47444.54142820193	13268.95788829788	8701.692445943301	1849.6663973534946	13670.57254361484	9396.587832095942	32890.99436320942	450.66387848823416	1911.8689701419935	9299.551381280511	1167.9065785610233	254.6492490847251	0	2830.8677239872713	17517.88457073932	23560.983100520665	13481.017448524748	23857.63427517145	52645.65026209786	92796.64459109252	18742.673484147454	9709.90686728106	1028.904922049336	19122.282454094857	12277.530276068212	24777.1574344528	108.10366385888854	2875.852401790921	6133.741306565649	163.36189007581024	2822.5448223956037	104.12873271787772	4336.392202562264	36415.02508002716	27741.526733132214	11546.621449465216	26720.050698953663	41808.22249173602	48966.29789058474	13561.534916997423	9197.856952094546	2512.5145560931387	34069.97438952884	12073.599486989715	22932.714311016527	0	3654.608265212806	21067.920718601534	319.66144518413887	0	0
390.25189_2.037	67376.28	45334.62	47615.32	38782.1	504.72	8590.72	44122.9	10382.24	58047.44	48573.72	34323.1	37759.17	15371.386666666667	167.78	24322.9	25996.6	23967.18	11769.336666666666	37523.82	36723.7	62248.44	9711.46	27827.57	67889.12	602.94	41317.78	35877.06	0	41444.28	58614.24	21846.53	12951.513333333334	34301.1	94717.48	66048.02	25127.22	3531.7703703703705	2930.52	14948.14	68478.48	39862.92	33541.86	79636.6	32936.89	16697.64	32615.99	17531.56	53266.24	48644.6	43771.06	35893.41	34121.1	27180.5	35859.68	23786.64	25443.35	29725.88
400.14682_12.153	0	2900.58	10265.34	10245.5	29627.28	26359.68666666667	39407.4	25747.9	2032.84	313.82	251.6	10446.09	17506.87	203.27	317.08	0	0	0	0	0	1171.64	2770.36	17445.66	31219.48	7017.81	49321.64	56597.06	602.2	0	486.8	15393.31	7642.55	233.62	0	300.18	153.78	0	0	0	4573.88	8386.2	30217.12	52669.26	22695.21	27507.84	34310.2	472.96	458.6	8330.66	19321.94	10086.35	0	899.7	510.22	0	0	0
404.10477_11.996	68613.80825606042	353584.15783394	304588.90442363376	93725.2307964777	185145.15988052904	170402.91310813781	425442.43098068336	148882.8595701194	134251.34466360125	51497.942225609615	88300.02592273382	94786.23473374307	161142.14421057643	16269.69942631001	52528.24131097356	151709.2194263935	19142.070036249675	14829.908492887718	228.209671591592	50119.720474702764	145469.81874581875	284838.3154152183	127990.64652813268	313500.693406567	156904.54902454358	563307.672069163	147422.00572340115	65252.64344607237	48526.944189977425	127258.20635636251	147874.88336454023	139996.3407131247	66514.5263817236	29806.41924991031	99768.03696906981	11316.38620851469	40215.8248795487	19924.485845442956	78808.6498337884	434735.1374282811	313302.7587017226	119794.48166820628	340173.82272433216	389097.44192008587	595134.0906123136	134553.04510137124	92469.6908241325	49294.04924072336	379791.56042641995	135328.5129658654	190032.3591151305	3419.6113347595897	69443.31101327481	203039.64658702668	13602.49371194631	136.96283745930418	0
412.14658_10.215	8723.078189139344	10964.456583761865	11796.159855416538	12715.449846789488	24844.978034022362	17573.049340460508	37766.14583714076	29040.870323313313	14603.100200354656	16341.613293785696	652.3960862172028	20964.52066400647	15143.746980573578	1409.7220304366797	6931.368782652918	948.9303811091982	409.86241162723934	79.95634391828199	108.80268364445985	15069.873998300245	8181.675235334526	12944.249509176974	12671.660352200544	21754.625171902204	15870.077818399766	44396.723684133634	38479.007000272184	9330.257770768634	28922.365174953688	2903.092842649954	34896.41422306456	12175.15299588319	1290.0076459892207	7419.123881841047	1615.5800697106708	239.5298875259284	0	0	4666.621536759081	16215.742317606231	10446.08929673121	19696.63752459465	74543.38421051671	26837.148662763386	31009.550387953677	45951.27853319974	825.118559116603	13019.335459047012	11558.294905915473	30709.5560576821	10252.487949729808	1174.9583501507102	16696.561485254104	1757.9567141167001	95.94021364854343	87.80002555978321	0
412.147_9.199	27559.8734454495	44167.81050662117	38209.09805128796	33416.4187471955	162662.28510785417	43256.09400752155	104122.04060663804	39544.0786943736	46125.125181191695	42811.6190716445	12900.458394833939	33225.43619270343	28252.248814743	16547.9648109798	31162.14335451054	16924.334697882477	6221.179461964349	78.2464619661134	94.13859537075614	44062.00381512413	27724.350069044074	45954.7556542382	32780.5848037847	68982.48592508938	42351.800427821196	200901.5166635193	77589.30043946241	66359.66630386174	57479.695836670064	28818.990566445886	57801.290022838	13935.562939067973	4554.557521246716	65132.26246495564	18992.047622079677	4782.324114936321	29.99017661349627	0	13444.483001446793	22203.00813377178	21991.73842094601	50935.42100614934	101618.92157513491	51347.0608634085	89896.37140926346	75041.51974402777	14489.245648526121	31704.69544323663	30088.642529167246	44016.72475296108	22146.540957827194	1673.4589444917729	38731.0660699791	20629.48773220376	1876.9961932982433	85.0257713555469	0
414.16245_10.21	122602.03877105209	158504.67737219136	157962.94106176746	198427.3034533675	370695.7532516618	344092.1074563215	487677.7255602486	382327.1454828049	136567.01981953334	151858.56444832176	44472.39067071155	206047.9830934449	250210.23601583525	31910.05344477736	162106.58585825886	35637.540862686204	13334.085682144578	1472.300994931674	123.77109346716958	157484.00403476757	115600.84382743639	133364.70635784036	319038.9643545535	429419.25702503556	192371.94873328565	503710.64319268556	619298.8824176216	118947.24764860237	224293.68974516296	82373.2441137148	305499.13273961167	124260.97400279948	23130.68345735862	182435.95191340748	48389.3064413875	14802.504499888124	594.6423598478943	169.83336135717582	125026.13392522366	158715.1056018367	178713.1698053287	457307.5179367369	699939.1815588255	351821.2330585422	376817.97234421375	500563.29783346993	66834.06707865089	115851.51510436734	227336.48937216346	347294.548642973	164629.22297863296	878.9548956593208	206038.35468609649	83316.3986737516	11569.31552427919	0	0
441.03741_10.385	38689.829631991015	114442.66837990581	129293.29092990891	116353.14179745669	160970.3152577896	4717.334158919395	185896.11494211224	40292.23861482951	129552.99250041643	38748.995554068424	256381.44674200582	143629.32405421147	4405.0017030830795	25739.840331601008	39327.813321585556	67759.38149140883	10490.997208977416	1309.0541231699274	12494.94148367826	32803.808956045534	167733.32136815114	122034.59495096347	99274.96614150368	231580.0802287401	4310.802020984597	267909.60420734546	117374.5191518003	188658.2179883438	53577.243349765435	271235.14707069413	67817.91793679722	5181.952899021854	13546.831125053483	84891.44992047262	81160.8040294383	10240.330712448436	3418.326598389812	8379.465429924749	83679.11697931208	196535.28906302355	199266.6601722151	121528.13646813243	218476.6600554657	19571.365619610766	141429.71482985484	113925.8577584831	171286.70389407355	65704.15427600009	224898.22350511164	106979.15886026502	88997.01216583385	8594.393422866995	113511.19070530383	153569.0429260862	18695.956168799676	3144.437304301765	11237.869442784518
448.12378_9.218	1829.98	3858.2	3848.94	3818.14	17100.28	5416.873333333333	11316.68	4234.52	3883.78	3576.68	677.1	4093.13	3908.2833333333333	1455.32	2276.08	985.04	312.12	0	0	4646.6	2652.92	5513	3971.7	7169.56	5419.956666666667	21539	10361.68	7740.2	4476.02	2713.38	6343.75	1361.93	153.93	7611.68	1247.84	67.2	0	0	613.68	912.16	1641.02	6394.91	12767.96	5617.79	8717.16	9855.41	351.98	2158.04	2252.86	4715.49	2147.31	0	4308.36	2025.94	0	0	0
486.09213_11.227	0	3087.724292305184	7617.293955711132	25293.924579767787	2654.5569741084328	26123.515308770493	27449.851144185675	38895.95029863386	0	243.327423753559	330.32867104959433	85814.14839239785	24236.5229242877	37293.30851724079	2332.1476545702008	10649.357955145277	18027.293247298185	47336.33875253532	16127.601178362314	0	7161.762573007764	10537.985272379452	36270.295420575705	26252.727719921884	26929.173958423027	56180.406912038394	57094.76719338068	442.3644818368079	0	5326.08917838805	24234.80491556285	26831.77591409751	104182.14021026957	0	9672.133458171016	18644.70398044001	13638.789446319573	67623.0920738847	10910.244719486524	54146.34695457565	40927.6192234541	31629.93038659227	34483.915892665136	48835.87010626877	31263.978216877076	74638.85686419906	9679.701370183613	3108.9878951292603	63066.603971826305	48798.65842768055	44002.649735441664	3577.1052358318325	2766.0553978365865	26975.53747477846	52059.57522021826	19320.440283523876	14595.66904170629
487.36606_11.247	9474.730724038329	17901.45213167023	13973.452616309209	11007.628339015291	14941.763974098314	9444.351411131174	16621.40186183597	16352.355351642405	9816.243208270258	9052.458119843408	6790.484252454583	10689.07910796522	8799.141561285722	6668.390910569278	10029.608079398868	4047.568196287319	3673.3137517718237	4073.5517818353505	3920.090644336935	10875.784305139536	9146.565943357498	13080.127207223377	12264.424395606049	18678.204812671054	7583.050655047819	19192.708524948244	20111.13947947823	8601.51420378605	11089.294447965976	8626.53404974642	14993.62714969707	4383.440533720935	7242.431025917505	7779.120593299503	5719.579221199312	4592.478987195827	4257.49439133136	5925.0389619880625	17029.112521718387	18245.369799362896	17705.595273154377	17458.250886218502	19848.781733829874	16313.000290987757	23038.778290650054	20018.56967673321	8877.951641415872	13888.503503223414	19037.298135226916	18358.521524184478	10903.384425380855	800.0735435389513	18252.158320581162	10622.350550888788	8440.666652090958	3704.840140905502	2822.6310419207166
557.1355_10.545	4386.6123594991395	59746.39959606594	39680.05084467451	16824.833362512985	47822.78182042925	24107.37533062683	46525.591311313474	26598.18098515726	34870.21231990257	3585.019024560615	10956.446019961792	54742.761359000586	20045.457657311737	2693.0659414523143	6446.896014383613	20116.464352600913	191.74639671080723	266.4622629586834	0	2609.571636544438	22503.966694486517	39974.88139176448	42441.23095655039	67442.62328821544	22280.76826597909	73416.23096404057	39407.90796795141	23917.993894131407	7357.601180098506	18227.542248428006	21585.385032055005	17015.389281069394	1077.6003666962324	559.8880252572915	17642.98612137015	0	0	0	29083.46477422745	138485.0595403805	66474.60000668788	53502.85451525657	144391.26163943994	53954.58314079774	58540.46345824872	88180.44850015565	16351.982148589923	16509.341127616943	175780.5539538021	72330.29348419797	41294.61189860546	0	18071.400627692277	33426.17205895284	2872.9645020271796	0	0
591.06366_13.026	6145.327779047593	23673.087525147133	25790.82377320408	16022.651442720291	28273.687601680034	44116.220956870864	54459.09824867589	34755.64076338835	12870.46127490771	7352.728819436495	13402.078155479801	19320.183148353306	16232.568174658392	0	10633.962461550605	4476.311845924045	0	0	0	7961.786214935649	17054.49760893833	19977.68394649177	25553.354757929723	32014.680246049073	62131.66089184104	42283.68724200636	39938.282979307434	15261.396235069202	11503.986208298118	13191.320167108324	23709.939246972514	1389.1170559958732	0	10326.217404711582	3556.465421107766	0	0	0	15649.014632649454	29813.59896198343	24772.089625826102	40360.2961222015	53224.03034358019	51119.23173434948	50279.34126459387	53656.12571475041	7499.261245301298	13461.565444828046	27948.05979479369	37705.25092661555	11084.653329706704	0	20621.136270403735	12147.173642330896	0	0	0
606.07513_11.869	8021.750507454022	18523.50350275217	1208.0897167089233	12915.967720595574	17757.12978026352	13204.96651759886	2651.0733137434722	31206.84144462727	5652.735917578646	4261.552474637087	6512.124019619947	13459.330718378918	14772.932326234393	4665.0054143180105	2067.5257347975435	6213.211065573385	2781.2785624313774	1378.3322129202224	1322.494618240119	305.89895020415605	4195.426086294089	1316.3414005750283	11023.497905039663	21699.70490815829	13296.303779409434	4736.566485100123	19449.82656534122	5897.67712863758	685.9061656638196	3830.610618781434	11593.452967136873	6040.498922481332	5644.261580569966	574.8926230853416	2265.808895812548	4286.231864934846	3367.7951919219504	1916.1758126428736	5364.189050702282	16014.265130480819	2863.1149087235913	19391.06389099494	25256.273453704085	15654.950992039012	6114.096392005861	24568.669638551342	2512.114714243613	4630.939418953256	16062.691608439512	17308.311648270228	10796.383420310432	44154.53171573323	10042.00263386357	6134.408861184678	4291.398569404268	1493.7424183555775	1043.014784260643
611.14331_13.753	10314.903095665306	39717.90770899122	33198.70717607776	23865.339346358887	45084.269249625824	88055.20143457418	73173.076939972525	87894.1169262539	13738.345433459914	5679.045769069569	7822.706191125209	31083.89609190091	72352.95339942838	11082.378092200792	7885.290432575659	3887.387467005196	4076.893972239854	7299.0019873678575	1305.1334744051885	13532.492272319454	12397.72897401871	26266.546516048562	39479.584632232945	51449.346997824985	72512.40290549846	4445.693835675942	132397.46101972347	14258.665369524648	13189.731706924984	13165.357848017775	43365.613829005364	36757.264402816814	10846.677672091313	15062.543012376373	3855.5482344720153	6146.634722188544	3395.1024429554577	1522.6218947895277	15257.126443724903	36006.656390809396	32532.269050177114	76912.94319676692	68860.71103453591	81361.58600674907	83502.52422554762	108802.42173513716	9530.856923802052	12263.706888996454	31832.65040127218	68379.35813706732	36128.18297172704	21185.16950822261	31607.996426536567	16667.602666804294	7441.397843076291	156.3513703861116	0
101.02325_11.429	174440.11805055983	177503.77645139862	125106.27930334762	121851.9601031547	161969.35740040883	130499.84660101855	198607.3689018867	271805.7354827091	154069.97855054357	134425.4853812192	21218.682121577727	129032.17623905586	154784.56130092544	189027.6047673719	143507.41924271622	99137.36667546212	80159.85497841053	21161.86956458961	213397.19793905667	123816.63771731281	166441.27501474592	123967.62355117222	162079.10625380615	180706.10216800758	230164.44545237193	130039.74940528024	222568.96614457332	160322.84016868268	134299.68985049066	121999.01844771158	185104.56427299147	185676.17367372787	155023.2545823536	133985.1991981388	130979.6396511673	104722.5814930949	111221.31941963459	136841.19196565798	151774.59342823556	274602.64211756835	196922.4684563022	154429.05443834377	205269.11827136457	233231.42865520556	293471.80338024476	198463.35385623924	136983.30830770786	127048.59900840063	206912.6070474073	178054.5983389547	176488.60600407035	7965.85764334426	177055.22178723637	169641.51999543328	131041.4979438106	112323.3419229486	68735.92738109131
102.05492_11.202	1257505.8880804337	2233082.5753233936	1633376.9213652485	1079792.0166143014	1593633.8960388459	1450332.4461264107	2143493.051426138	2506917.4371650596	1252448.642392555	1178331.1366909381	810276.0398002941	924720.2092547811	1210906.0103689902	1037242.1457210528	992833.9678913873	810686.9506057975	472142.14020405133	381788.8006575622	564957.3118144714	1176202.8799663365	954631.2399189856	1488315.0743640077	1226627.33923327	1684058.304676427	1351703.3417677416	2126790.6520970403	3012013.88075029	991369.2331891218	1390600.133022679	873386.1536715548	1623790.4082243042	845281.6579554979	751669.0577624774	908613.0094901266	676596.618278179	551920.7008289439	451701.41982928955	473868.09748876386	1390178.0292369893	1826359.0115400471	1512420.1891006234	1948641.4349701449	1964580.5342004516	2176876.2360237776	3030088.2697754977	2235589.9631621935	1013487.0074480616	1471055.5377184257	1807392.6953414793	1898836.8217512148	1350851.4323415617	324541.1906560508	2035638.288081932	1109805.8314307714	696946.1636542663	467245.6263583181	298434.40483102365
103.03887_4.516	86356.84343403204	300838.4004597841	17540.379347229737	181904.83401115585	13552.612124840502	157903.89412742437	15598.406726414885	310420.6852549316	32817.425102165405	142505.06215988082	138352.83840893564	184652.9373433244	705885.9581817453	497855.1406365907	40199.55646347174	307108.91191230377	825258.9303476224	17946.114186752413	55370.736421300164	84377.07724259733	304436.86831674335	11690.48928428235	169078.2088353248	9056.17774191487	401255.3695597016	13753.269037271419	447866.11133108474	25304.104756404544	240348.65508803804	130174.66240963823	454928.6317021729	788067.4614048767	228991.95610493678	86701.62729139382	227898.85406462091	546030.6054159079	43622.78327610863	46971.97048913841	43726.39959131713	167727.81133493324	68282.39804603586	79970.7726031937	16814.777356141723	64939.84528061788	15428.419674885507	109518.13969050272	153271.740218763	76895.16073081104	76958.23273752228	31966.16730340647	112898.71554494911	11678.506390725554	123107.56080310803	148043.6282413259	273276.5332103938	18782.052953575065	29793.4531450173
104.0341_11.607	73610.18478390554	97089.03447692042	55700.52082685382	38075.33575742974	66001.22065843776	24012.60905751107	53121.18579262488	76613.07098157512	91779.73151492616	48349.71570011178	95106.53348809866	46055.59901967049	23926.240964622433	77358.3205274799	58195.646147774	72500.86593727543	33917.624506732296	26491.78824653102	45646.06567828796	61059.07359735245	95577.941095554	61951.939061806006	35522.56195270455	48759.596969878	13332.25722718516	120048.30044364078	48651.13189669469	123681.07519282035	55324.745789896704	58084.2402804895	40400.23259386622	44470.20282292465	60593.09110864846	59490.599560236646	58242.6054452238	34450.87985704052	38372.441022376894	40673.86516300994	72799.37715147581	77627.00437149948	43728.90901856785	38011.75507421793	58672.75841738572	53891.68007633378	92168.19442569964	57325.732684199655	42332.79597501363	52378.408680516484	58070.40749527086	37762.583346440115	74446.72966854273	1006418.2085267571	74268.70165213579	88007.0248834586	48121.93864355369	41056.889095059916	26721.30623657472
111.01884_6.138	115080.7849611421	150805.2704046393	61591.59363208841	213560.2702630362	159798.59063766414	281027.42993389186	213408.07699440751	354866.4362940073	92819.4701368055	65056.61880609839	108881.13895519564	257447.24060198254	364526.0818577906	307307.0638586053	37624.76697155878	138258.57020612166	106294.42637126056	328356.2706045488	259563.11097963716	57694.88142809544	155236.04529773153	140119.66736123755	158528.11513626712	216733.7527462378	415392.249593153	273072.8664224647	433199.9513537974	166470.44506605965	92533.31261667065	210058.594958728	197648.61640601454	506206.62418562046	447814.28539753286	20052.839861875047	124973.6738629932	86802.47344281891	227764.59870143485	289144.52120869793	153171.98169886018	214611.47986416754	222656.02784681923	181566.85309055145	67943.68566916356	360565.1004798486	315751.5006891543	338387.57657918014	219723.9688728871	165836.99864368557	214910.75442867144	77160.75780282838	410917.16474820557	224472.50424755586	166382.50115148065	260589.60134543895	200906.97008077765	125294.25725019029	156280.12591734942
112.9362_15.237	7691.62	9410.2	10738.1	7396.09	9849.24	4203.206666666667	13510.94	11851.81	11744.1	5788.74	7876.58	7722.72	10798.233333333334	3272.8	3020.16	6812.76	4299.02	5670.703333333333	6697.06	11533.5	11455.58	10763.06	5070.93	9826.18	2077.35	10247.92	16368.16	6853.14	6901.28	9285.22	7342.93	3820.923333333333	8613.4	8636.18	9293.36	6641.93	5199.040740740741	8105.68	1927.5	10755.36	12340.08	8948.68	13612.36	13154.66	7565.54	12991.74	8170.18	11360.8	11121.62	9480.65	12032.82	10000.72	14171.72	14878.56	12576.61	8697.94	12249.16
121.07533_2.742	15454.942099269685	14913.591083303267	13101.272510442004	19074.950456273084	882.7418472160222	5446.081474094023	27151.382502275657	7798.419056500392	13382.039606093298	13855.43179697727	20460.94107735008	14466.531040395883	5497.37200377318	451.74715945282674	24308.146966905704	20543.170452946735	8206.023403615913	3810.9092979794964	7558.4524145062815	9099.093663950727	21426.39022956426	11947.261705112596	18625.5053422427	38310.54786534036	2587.1125493969344	11152.332796487586	5585.273650594496	918.2124842164028	12613.361810860944	13586.260892215168	9639.536726752029	7045.117930059073	8094.621712418997	6875.849911189243	16436.205701546467	5976.468724414492	1536.6688809566815	13156.151126199986	20654.669383386572	28887.729126952578	24236.06323592074	12195.503132414387	32055.37991214181	6349.643348051609	4658.798934224716	13396.744186556349	14888.590706917194	15067.094538733136	40715.12473089237	15613.836763697014	7784.378028998845	6649.10438474359	12111.801259743605	10147.275776920082	15913.91248210305	4562.552666686447	7533.763539448058
126.90388_3.497	180132.28408073244	256206.4209961527	213493.4750673873	128019.74897551663	277813.732715648	82404.13034580013	184494.34049619493	191877.88979419146	164705.0744397834	205208.77220224202	176176.80502311664	95612.49679210654	77710.71613971813	279607.6431742147	81157.36325849092	121087.23501125882	82200.87673266299	66268.88543604116	167423.9573694369	184502.43085043627	180323.4911071333	165208.64765513976	105613.2018994454	162497.74727536822	123032.11187430612	231745.35336842592	216850.3843815891	234804.23577252883	228564.59067942097	154569.45855861192	154389.75841980154	85146.2453492367	123830.33483547892	133252.87776713388	136108.9893817101	138006.89858498354	93983.89192405772	99059.08168277291	177602.12199490584	212533.40299321472	182887.5920081599	127086.84192954456	142733.3456578586	187778.34980809625	343542.52042610414	132739.43864922956	261954.6148396483	258650.5857122483	177449.38181295167	133229.48221722242	167998.66402186555	644179.9744567217	218963.08700454916	188260.1755847086	89553.28256925927	115194.45674405192	113041.10203559345
127.05019_11.22	6931.4703726701255	63442.73284717522	90138.22080309504	4347.2973319978055	32116.647423914987	27781.36127622501	88091.10840981339	45467.8871757873	26130.119562030697	33585.52175287068	8634.514331112297	5980.533739112129	31628.777652396268	65852.07436094349	25997.532651916084	20295.535496287055	31634.12820280209	15566.651199382286	18003.7328166303	26838.61288266827	22516.16850662922	80922.91730163574	42282.98417544678	29939.713996674018	49389.18475140073	124625.3307378716	111538.55656681565	37634.61819823726	21087.45908940898	43723.72452026094	39149.41355866558	33475.295851380404	51398.027304639734	37910.71306538003	20630.868792730664	33828.78888086442	20334.81856164024	18741.503759623392	8778.125961144016	4620.888003853794	70374.17337936127	41041.77874786803	60370.20273541675	39709.31116537944	116814.36369396403	51022.419795118476	34957.69804319282	41461.956664767444	46082.78058393676	51771.655480235204	44105.09696208013	260415.22304269698	62886.48371594588	43414.644820256595	51264.47288411989	26843.419963905017	20422.712132057848
128.03406_11.211	1199465.9416206158	1858421.779057824	1626776.5143391541	1380126.3125632117	1706971.7516425902	1638145.63686884	2374923.543357919	2332499.693080145	1139243.302005134	1025888.1384809207	1291825.131484686	1302655.034336605	1393947.698457787	1064236.9270136396	1435646.9013689822	752932.5738209841	511874.25881070644	50754.77542623707	512010.270862665	1078736.4134373318	1062109.6537913117	1373554.237006301	158275.82297797792	2157473.423095848	12632.401362345952	3530606.1940320088	3375887.824785009	1102794.333627283	1266522.7820511824	1230925.6509484674	1408632.0399365837	1071237.0830478657	1088956.4607247203	1040458.9789174409	729943.6449962901	603687.7746765312	490452.48967434576	580410.4513030798	1907483.826110911	2197444.0936980806	112305.97932064587	3193052.088665579	2483943.6870758627	2047410.2931787209	2588875.9453425184	3307132.827331509	1098718.9391983266	1366989.4265822014	2507887.699882772	2686142.7788024927	1427388.4087116374	466584.0438033186	1830251.252807582	1217053.920137774	1178592.6470219502	658570.4842523223	315250.5285160863
128.03421_11.117	1119055.1430152666	1807278.3642370647	1520502.1309859825	1194562.2465740568	1693820.362887371	1444690.452802095	2303852.9083095207	2174903.9644546974	1104620.874138549	1002925.4919367593	1155041.7556245676	1129663.5687022312	1299277.0724078112	993084.2740051044	1283471.728352161	710242.7253588452	501534.2951167696	516689.97892221756	485040.66998252145	1043232.3967980519	1018143.1953018054	1363234.4729741053	1617534.0528734934	1980707.0207766946	1243511.8739537974	3316005.9506053696	3070356.4040118707	1096196.4948292286	1227676.6667703898	1188797.2430060254	1367799.8985535807	1011283.0570307706	959406.6604845028	1003442.1968209666	680295.5843704907	585055.1855096162	455933.8210032618	561987.177074446	1722901.1738097249	1972861.8919478825	1971053.644015059	2672925.414999726	2106271.793131012	1900648.3465602568	2490909.041898282	2881010.4868878126	1068083.2895574193	1308724.3858884564	2239054.539511813	2324540.354897628	1376335.4512696604	466453.944445974	1756650.8075360828	1202169.720351913	960360.7001832852	609985.6785498703	302684.9477057588
128.08313_2.586	3939.9910172676355	7039.194847699313	6442.672937814865	27861.21699069896	0	31608.930018891642	14809.374445101188	31926.35489323926	3576.2041353152185	4462.384003182772	8893.121606380912	23424.431548082408	120565.57341266572	0	12268.337186052411	8380.947732081519	54728.80637210169	18183.66028981801	4665.490955448	1114.8665544172477	11089.02462148367	5674.294501783734	17598.680456977014	17174.219643237706	64330.17687195588	10759.647920980718	45605.40263042167	0	3948.1714370151935	4908.130787750406	20078.46470499035	413356.85366340604	39105.36117795844	3148.0267114941303	12047.237486404954	37931.01794427067	6688.161565023678	8280.365429325846	11490.727948995958	25849.62151497285	17804.629786464087	11545.54675690743	13590.632761481944	28499.366959879408	1084.5071711458065	17113.961220568726	6347.334383318026	4211.658059928214	27910.158302468917	11013.17035869436	97624.09861853397	3956.225166365955	6128.035036097984	33693.75535003045	42685.54259640235	2862.9229795824735	5531.838298626722
130.08624_7.695	3371.2	10985.32	15744.28	27360.91	25558.42	42507.34333333333	23691.62	89254.23	15397.38	4219.3	17374.08	28618.88	74079.93333333333	128695.67	2614.8	17239.8	19253.98	139892.08	68781.29	10859.46	53285.8	28702.64	27656.58	16999.96	121917.26666666666	35771.82	83660.14	31324	6639.36	39895.88	32015.5	147022.81333333332	125428.15	10398.36	21331.8	23292.63	163893.76296296297	66485.91	18046.88	17031.92	38649.12	40624.37	24801.52	70904.09	65003.1	99377.33	25199.34	17625.16	34457.28	38827.3	111309.53	1465963.84	23100.38	63687.08	141750.11	79456.14	51211.16
131.08133_12.251	27126.199751733373	60584.16287209745	56961.06935559979	48289.76810108022	73282.90170954909	123175.53399594036	92761.29518054088	130320.66675995495	28372.327456030805	24945.258804888013	26459.3783920862	63581.32400590085	66563.15201414848	16259.787163221707	28168.421478701985	20426.38589937579	6644.083911706085	6728.120685293861	7946.75015427195	28173.230888987706	41971.456240499036	43352.58820828029	109523.61868829957	96857.78703788223	112934.6493634938	114580.47904747287	215537.31530549063	27391.786326018675	26139.860050724852	36634.06672752438	91455.1441162893	34528.51018409884	24481.03327606755	23387.540355947498	18701.359078389905	11131.405606257096	7562.096113861106	10283.266278161895	51007.85529179727	76608.38033708431	71044.71851751958	157477.59457742271	144642.02525349343	119214.7800474499	128981.19966599667	198449.03461014575	26213.488892054687	40984.31251480339	79568.68743873014	144239.28331178272	50647.262521566125	3409.25453948937	55986.07404797342	32476.685243333966	12810.748891997726	5231.768876884275	3201.624259665691
132.02922_11.538	805946.5074251351	2894261.729446897	1108047.491776237	1110600.1391271648	2219478.1664393125	2012959.2628176908	1611524.0647916822	3261915.400678801	991181.9776581979	739702.4951380491	598504.925671816	2119516.257124407	1869550.5574231045	621519.6503443547	983969.5073317791	851317.325806207	273779.5939546837	482657.19663046766	158222.34037434985	635942.209957743	781929.4618596965	1031854.5064194533	1918464.6383858013	2380848.751547664	1844452.5592519743	1395757.010199639	5182977.623396091	760138.7822394961	930432.2314395717	793346.6679132582	1926502.1805889003	1362459.2723086795	843571.6903747016	342124.7394433372	822422.3173667487	367413.22144159616	150127.11465386007	371181.1261180781	1450279.6871752779	3990243.4847948365	1609893.3531673434	3092173.481838772	5235661.861426278	3491763.1344979145	2598514.9575091377	5015827.878294966	821036.4948201957	1208007.5587498979	5463687.730178368	4504544.87610412	3008966.379392958	1220050.033326494	1392584.8171277249	2186678.3730306225	434431.1950181903	133919.0447747689	113231.78109150864
134.04597_5.533	578067.04	777245.76	746536.72	1128517.36	758225.36	2331832.533333333	1580058.88	1881976.16	513238.64	430750.4	574297.28	1036149.36	2245225.3866666667	332802.52	539287.48	552566.52	396620.56	1276114.56	719563.6	540257	1028726.72	811054.4	695527.36	1232009.6	1288211.52	1852721.44	1977232.48	709738.08	559633.52	940972.56	961087.28	1753024.5333333334	1459389.76	548821.6	636475.68	338674.6	963059.674074074	1029684.56	708251.36	1155179.12	1329517.6	904241.52	830409.92	2109512.16	1909102.08	2009707.68	965340.64	700829.12	1191286.96	1024539.92	1506487.36	1296958.16	866201.44	1133654.4	804830.24	800153.92	609015.96
141.06589_10.16	414595.96	699454.96	715358.64	792982.8	710366.56	978921.3866666667	815736.24	1002831.44	613857.96	440373.6	450808.64	880800.08	1529500.2666666666	2081507.68	463686	1021865.28	1715651.04	3115598.506666667	4354369.28	554993.04	891050.08	802031.2	1066698.64	953334	1358087.8933333333	1129089.44	1355732	820829.84	622885.16	1151567.44	1288026.72	1863430.4	3269668.48	543473.64	952524.96	1952431.52	2656446.1037037037	4261190.08	411339.88	626626.36	765514.16	716593.92	710406.64	875606.24	808310.08	876853.2	643224.32	353757.32	651588.88	609729.6	921761.12	3252466.24	486036.4	849641.28	1194192.72	998723.52	1003381.12
141.09108_2.223	1694.6850612110516	2709.7480232296407	6072.616978922738	25519.846250441868	685.2709679453272	3448.3489686028215	14574.749535076737	31253.923106594542	1377.678762164019	2707.9342496984345	9035.499050055992	28935.745612892377	3463.541428217761	643.3826399894476	1286.0553630688871	11670.426013665148	36369.24117576866	33821.00007271986	18056.10118484648	2669.973607574373	11014.879152046813	5905.642486376462	13406.80435131833	10508.73057924151	39085.01008033245	11874.738099611544	41694.777579878966	879.7625290521812	2377.2056948361337	942.4947307542102	19414.294104553195	364561.4759075799	43635.38589108543	10140.033882570999	14567.373915813872	26624.458001590232	11186.298918483688	5793.381399437398	11634.948536176915	18513.151824983903	4086.130059792334	7607.377022722997	7485.445523785306	24425.423477996974	1502.2808097430075	13056.50029917947	7594.9202486067	4426.4693133994	14678.906067945185	1728.853116535308	78695.21882108612	1830.8755519947629	7024.527878586559	38051.05859054807	32384.966644261967	5166.158979056653	9473.459495084915
142.09888_2.192	3199.738788744646	6437.160588605101	1585.3146137957478	8770.210104272257	0	3849.87951893399	4419.561516172728	2963.629568406451	2443.295049666938	3102.027288219607	1774.7585000944873	10439.249048373085	9219.194660664758	0	1783.2033400680325	1948.176260269408	6633.791555453927	5088.028954276696	5806.8445721114485	278.34066789686534	2545.102870561555	1281.348515162935	4925.324361243083	6809.358330513974	1832.810203231877	0	8855.779847739836	0	376.0730376736645	4722.818429955109	374.0523094421007	39386.06709012064	14269.41806876473	2828.004354055152	4327.40740467388	4827.944758737147	3054.2612019943335	0	283.9290291574509	16223.670283503232	3326.7773504954225	5368.183745011848	8883.410360139065	7372.667190548127	0	5780.461501360813	2676.9190737376034	2912.188398880221	8244.556576000383	9853.79847177493	15585.683475728158	2057.425201847353	313.25840874916736	7262.258737881635	4748.838733639611	2175.966906450197	2943.369774808457
145.01329_11.437	487.4891339392957	408.7426259495678	88084.503263861	207397.2386343408	142570.84409710587	150973.5753108698	206433.79077953243	399724.7119272692	87846.75806093757	109387.79665495043	298.8429888644446	483207.90220089664	225187.26481576954	285692.71980619873	2307.2766876251853	88162.33853609086	75460.08281377239	695635.3151096039	433821.0318074291	85543.91567500522	145395.9458792844	114160.12433576632	203380.79700608912	180542.77008347464	372543.0548967672	104011.0122626012	315164.71721715195	134848.8349018034	137583.54967639805	133583.541747552	219221.3675465999	341733.2535856523	678732.103123886	39761.52452494652	99651.51930851002	108432.65020120771	320282.25960373407	552440.5560250897	601.9798471249351	435386.11241272435	174105.34997078506	175725.26588528353	972.546981898693	306341.64738365303	404989.83631073975	753349.9854539286	111163.44718602112	79113.18488099833	428571.4598763952	420784.0076107893	270237.3751317318	45875.01462697969	91606.99675689187	205731.52079218117	217547.61809180267	95527.52777049337	110755.48163797415
145.06082_11.229	364286.3739965042	860003.5724817382	1276680.1375459668	373059.4076276245	378953.79497406236	358585.291602062	1286958.4740059157	634238.8257906297	301624.2782536004	415173.2664392143	435363.16140384047	446783.25838982314	466933.4633244271	904327.8336962372	301557.4692835987	477068.0377299689	360473.7915252952	231338.85134240234	242491.1662265737	377100.7802652151	456704.2231469299	1178436.2304202374	499584.3495825175	375711.8233495286	647476.8317318384	1807397.6776301453	1482600.2447064715	436168.11240502703	276160.96422738547	442001.3783397127	574247.834557793	505746.53773493716	741133.1595906989	464733.02473722777	224226.3278619241	393218.55550024786	246130.26882176026	205927.29915195488	295533.9632763183	626455.4694380297	892093.188701051	521720.0616330984	962813.6529013952	468666.0325037859	1567651.3115809823	629777.1284919159	651267.1410225136	649294.0627842187	540738.2366899693	716685.6663773165	627576.3851427925	4133012.07655165	643254.6218350243	565320.808733787	675672.4989721664	292840.61165989144	257517.39290285102
146.04462_11.236	11022438.209080175	19950916.692057967	14361417.260100195	9276451.50925131	14121407.676919127	13027724.56149046	19147636.65696293	22356180.66674563	10958830.070519108	10102039.272331908	6795448.546489822	8077454.2707635285	10554220.600235729	9186729.699612375	8605778.163034057	7135018.997135235	4256074.02715423	3660928.7037003334	5109834.631497823	10249903.89971167	8149369.923287349	13258436.461759632	11010660.21537625	15042324.725326266	12101886.725373631	19205038.02488201	26851888.955639616	8732953.565276487	12196416.744347095	7620759.304888362	14626321.399794078	7609554.946445985	6696136.231339147	7674224.3830748545	5806581.683065958	4878676.855109805	4310886.799788748	4622184.230137026	12222749.722775431	15924794.955141135	13449981.030538797	17209239.701093268	17281278.78775228	19267659.445037402	26480906.750314422	19829274.360899203	8735520.763624689	12897214.39019395	16024129.573697353	16998297.54776916	12325505.280143935	2723174.1147616147	17553508.34147561	9831229.414902795	6164627.403896404	4200872.213970974	2641960.1687558256
146.50258_11.233	3053.7211778226883	10770.13423873441	8799.21836631287	7113.741375255543	10748.30006244213	7060.225798738626	12458.40143951928	16174.979718597931	405.313016072897	3138.9030641109002	3090.8924773967988	7680.177450589439	6099.734215908912	4590.977496720147	2983.0520080669476	859.2572891369367	0	73.06468535181543	1158.0604986928652	3271.1036939520245	2038.0844649466658	3768.6485450253567	5373.998096444048	8541.391552783925	6618.597682242301	12229.961306594058	20956.18720566687	4353.629911457961	5552.077008584503	2657.4925206919816	2381.5058585457436	1602.3737198658991	3751.28989616599	1805.857673486597	2942.4030190259446	1028.2360375300964	1746.6209360185073	1346.8466137331059	4485.324952767301	8622.99772230603	6783.572091145498	10142.789888964227	7475.3608206257495	13758.599226841096	18314.07548206717	15999.432609499463	2211.843242699232	11316.693936872784	16790.009813095618	8297.155704841432	4648.877356252728	169.67536068957398	9730.553173495115	4417.947420534164	1705.3940967125568	142.400160574237	652.4762363969056
154.01112_11.567	29296.461959972297	88669.15645740349	45365.67798139298	30598.169275456854	48171.03162772058	37509.56620815968	34276.87680782023	73741.7829598092	34200.791190974676	23070.769050025767	29704.83530526903	64045.822402125435	36200.434306531366	19298.584479638663	47873.43114975407	36144.13853536977	13268.27950306926	13062.017679732597	4083.5988818145815	26361.31908466622	23612.111361008258	36252.94929936121	70035.51016002693	69200.13298413708	46563.56052451572	40242.82323004209	101892.23456401523	30101.98558042847	28385.861932626365	25356.878708673943	57844.6591035705	31333.11145303132	21308.79855279799	20741.294672884404	21244.768903441538	10958.393227329605	6197.9983743059	11310.999010032549	103466.8634228697	115914.13146834986	71958.1271638973	77265.12731165989	118624.61245840318	72814.0167526614	58949.95666026577	86435.85456768477	41878.60169872962	48445.58107475129	119152.48541572882	77767.26181485169	62746.2203661667	26224.890772885898	67077.30561043714	64237.96553118368	22911.95813557617	5897.213114516264	4424.052470288802
155.08163_9.015	0	142.70869751552596	142.2340860402605	1735.60727970688	192.03006757448023	2028.3931248148483	364.8911062042495	1364.0418536413447	170.08023675473925	189.99190591312686	598.9567205116724	3524.0546130131033	3546.031723577697	3074.846671418905	113.47638408388264	1335.3875160126752	3336.0887849059886	11509.699564659246	3772.710035008039	152.39858375701718	805.2276021983503	1111.1492998517651	3080.608418962275	1022.1965027396285	3504.5835706239645	562.0195737926971	2353.2301471399833	625.7715433775714	181.2481602013968	9653.450635248493	8924.008507235854	10948.003444605476	8736.53941398593	636.5688411519952	648.8682219781109	3035.1870895435095	5415.299324073821	5814.941803862265	163.414869574414	252.45057022552996	463.8470903073987	279.15689224655415	224.59373119689272	179.82065233238163	0	740.1249452268672	247.6466733402577	241.91472961287968	184.67359214277232	769.2880765717692	1061.3176465330564	14801.150813015329	152.7047380476253	295.7259259698552	1497.916916991779	1011.3297446658821	501.7980157606274
145.01329879543_11.2458333333333	107640.0071106493	126608.67717336449	87657.52226919102	204481.69018479262	141678.23874099457	146332.85227904454	203910.74257953363	391203.4165473294	87737.4340145281	109001.22754149647	100764.56677006911	457754.21021818893	223962.85803128238	282732.38861487946	87928.0430005063	87842.95792235505	74234.1428565418	693239.9913664242	426836.49199343583	85092.95409498969	145382.80541300357	114237.44714234419	199599.2128469351	177232.25098485925	364810.24736766494	103246.86934140077	312402.6894009207	134837.76749811307	136616.156829836	132255.0011625835	215865.03663105148	323686.0812798611	674785.2992918438	39757.42768537031	99554.71864878631	107575.38666998268	315878.02617820783	516462.043732368	93058.066529696807	433708.29541542695	172434.89327742573	172939.9457021787	290503.9043293074	300173.59176526824	401507.8118848973	742744.6985387127	109392.0863422083	78216.62848330488	420737.77003571263	419058.54597502993	268116.05788284854	45524.52847167773	91595.60376129387	204967.6180104108	217325.70370441183	95549.47828182059	110725.24012033269
195.050533638882_10.26	5492.165013794437	8806.327213735534	19165.13346929337	23851.33328193869	11333.116021257254	43749.216652883355	21697.737044000005	35838.29306399191	12972.256568723385	13548.12441951003	10723.398563930523	38056.12594279597	57572.91821594273	44953.38321614815	9602.609656190905	10174.552352147286	9921.102397406788	76343.7211314668	40889.98370958413	8731.33413774821	24799.27223268738	21858.158893907577	20938.701461847377	25513.557424502615	19981.243169872345	9321.223501571772	33153.71294200453	11829.734390712856	11439.341951866467	27577.217405180018	26204.859804428943	110100.72095925377	112164.49735288374	4541.969696303882	18606.095711701855	12020.61525536819	46607.90394854061	26715.144238851994	11345.942981840308	20370.875837624437	33708.08148612399	27177.10513020538	15015.308862158907	49239.956270699724	34994.513671294626	56980.42745958308	9489.635760718751	6987.106073780743	15276.393851331935	29679.691077777432	70094.0209881742	2100.6884477791314	11136.395138520711	18101.359194734032	22628.191746183842	13517.193693066749	7860.585481007858
167.996455404272_11.2941666666667	4340.1432793652875	5215.924510511061	4525.845412242708	4427.978027757406	3072.264748961343	6251.3233174805155	5897.30541534882	7571.441801846053	3030.548434017095	2932.5339221620698	2023.2505732972236	8235.499022445445	7397.777688800421	16291.822997606017	3714.763328249262	3204.7425706666713	6301.5524074530285	22499.522965677137	26034.58509816439	5065.929056127669	2791.3455620363848	3829.423252397713	4762.634647479786	3526.714903820169	6942.170061965699	7062.102460325821	10118.690154486852	1800.4186221957477	5896.309494937422	1899.471940358248	5074.099366548509	10928.943540602908	31659.85305907198	2075.6897371731116	2949.837319264117	10284.808851584341	10740.328395379362	72953.85668630524	5426.974001866425	9993.450655897126	5125.660524021777	6823.422912462625	8986.27630245236	10143.368740420932	7313.380197945792	19769.61611849832	3927.581147790851	4108.726583614475	14019.740205770793	13705.274080844685	10583.719758386052	18447.7937134626	6876.878892860395	6362.694948430151	12186.295334912103	8441.28622385147	11551.930810220438
188.055870791615_10.5458333333333	80035.40533247069	222208.86101785454	148144.15665395337	123629.17297830386	163278.6291543211	356372.8071504325	303723.79168976477	359925.78205837717	91918.49952326882	92848.15537598004	72679.30372583661	105644.92551538114	382488.4192707937	162296.34802123182	80637.58207868722	63127.85238862001	90765.93052778956	48872.06133908484	32913.4469113607	68667.1662871115	92437.48308445314	122063.50780666988	145803.85849496155	200312.77522731788	190547.27314498584	324988.8188388307	787639.4529683361	105683.2599121946	101285.39883814998	81387.01243522648	211861.14082340625	197131.94020321665	179390.03576174335	89072.77180414573	76076.644451574	100359.4959142372	56508.52147740225	25134.941657806194	140742.94172191594	195860.2912332658	165483.1095221683	354291.71627656213	242377.5282259949	354026.2220204539	394967.9146400886	448755.0519481261	113943.27035450315	141415.51782664115	200907.4524976183	333256.1256317802	247574.9397719329	49339.626007334	230294.61591151223	166358.77332231542	116664.1068754017	61958.895276645024	21401.451603015797
117.018143346996_11.3341666666667	202933.02	155095.38	110968.9	147161.42	146033.36	93331.90666666666	188604.3	126766.65	110425.04	13658.42	209355.4	170616.78	129535.48	150572.3	234363.26	152860.64	130114.74	90207.78666666667	106046.67	113946.66	203293.02	12875.7	168491.28	224693.98	85986.87333333334	118086.44	102425.29	134402.22	206279.66	158186.76	123293.01	145697.97333333333	153307.72	140323.12	180103.12	91658.09	74499.99259259259	209806.1	197694.92	244010.68	241527.54	188213.08	285065.94	130624.81	152577.8	186022.9	179064.4	167587.56	373730.36	178241.26	118138.37	207578.6	149752.5	146458.94	176478.32	70122.02	123772.23
124.006287102777_9.87	3755.04	3637.64	694.46	1121.69	2803.44	3937.3433333333332	1215.62	2440.5	5970.64	2640.12	4409.08	1386.04	3441.97	11357.2	786.28	3419.76	4070.23	3835.76	10800.04	3469.38	11857.9	4174.56	1113.54	363.22	2170.5266666666666	1349.42	1324.27	9918.46	2043.42	4344.08	875.85	2409.846666666667	7079.56	882.66	3223.06	4213.8	5696.611111111111	9406.42	3605.46	4781.54	1227.96	3578.41	5430.86	3004.89	3895.26	3748.97	2085	3234.6	7365.22	3387.02	6775.59	123560.59	7341.92	3792.44	9231.25	8185.2	11073.06
135.028827886513_9.23166666666667	6736.74	23821.06	11280.34	10420.66	22572.5	43304.166666666664	36201.7	19916.33	12121.68	11301.36	7653.62	16028.34	32126.496666666666	4784	17708.48	6877.5	3421.36	27062.46	19454.05	4314.3	13882.54	7810.72	20263.61	28748.22	26856.553333333333	20143.38	28858.76	10456.54	18301.94	8794.66	10099.09	49981.46333333333	53311.68	5064.58	12864.72	7200.68	18852.125925925928	41513.78	8487	51276.88	18252.52	25325.07	49932.18	30504.66	28127.04	30386.1	7473.1	3588.84	55505.26	18848.86	24108.82	790951.6	13035.96	17206.62	15709.75	5337.23	10775.7
125.034555971424_3.47916666666667	46028.544692747884	21819.610389633955	38095.10244816603	69427.75227453891	8133.959395722132	109389.02674731957	54607.47995396322	69739.94282715637	13982.704344016043	26057.892478884394	15572.281693117235	70725.25952643115	350478.6713705901	160945.76429689882	26367.041538778947	71999.64366922114	65946.51109783743	258638.1541466406	222511.3832566278	38519.05960388504	82135.73518714862	44312.23155842007	61287.17476880807	49979.335008955655	98244.36867013137	75500.43030950875	61714.17702105808	10538.079460916244	12072.786509500818	35910.69093438554	73012.34947019194	459193.50883215625	229179.49649232923	40516.3121229613	83955.10349959374	40371.92287972088	214846.00142441085	227030.17034681299	125577.45556469209	104577.82013824847	63600.860483785866	35926.52280096071	54676.37605795847	95526.45388369322	77447.06017643429	109893.71663083616	37717.27712745052	50057.02027877848	81583.98686745072	55877.585716721595	464608.18507860345	47236.018080911635	52164.80484645827	141942.15139091213	115014.74656248296	99081.086303302	97169.830927203
346.055887783266_10.9258333333333	10410.686919660136	21565.691707582235	19967.142205860935	33232.64239578808	32518.846073843742	93158.57527221784	63767.76070819721	79574.63616951984	13986.566650124474	10703.287339948874	18046.252222600175	72209.0313577769	67378.91035837786	5975.742806305939	9213.33097164886	5078.861248022154	1450.764931150865	1731.5262570457562	8613.201132647915	6057.809503325369	25775.138216194486	18411.485336411988	34114.91331780177	52017.5498707828	76238.0483628626	0	77072.94833560639	16646.08072247584	10385.2794770742	27147.900129272322	39605.39064841186	724.187522591895	30116.93279043355	9587.608622545147	2249.5713322789584	6695.5117638754145	4196.101039078599	19035.531748527817	10647.814398659744	55831.301472696985	25054.150626123286	59785.5560646096	157402.267251647	79679.29955584269	23559.298475962336	184961.10029855347	4177.402580116733	7428.743510784901	60088.311899940105	133747.26275667976	36569.114561445356	389347.83705239475	18657.90384026865	18025.46334279117	4971.603892273309	1970.0583916179592	3821.265939268581
