mz_rt	A_C_0	A_C_12	A_C_18	A_C_24	A_C_30	A_C_36	A_C_42	A_C_48	A_C_6	A_LV_0	A_LV_12	A_LV_24	A_LV_36	A_LV_48	A_HV_0	A_HV_12	A_HV_24	A_HV_36	A_HV_48	B_C_0	B_C_12	B_C_18	B_C_24	B_C_30	B_C_36	B_C_42	B_C_48	B_C_6	B_LV_0	B_LV_12	B_LV_24	B_LV_36	B_LV_48	B_HV_0	B_HV_12	B_HV_24	B_HV_36	B_HV_48	C_C_0	C_C_12	C_C_18	C_C_24	C_C_30	C_C_36	C_C_42	C_C_48	C_C_6	C_LV_0	C_LV_12	C_LV_24	C_LV_36	C_LV_48	C_HV_0	C_HV_12	C_HV_24	C_HV_36	C_HV_48
137.04572_7.988	31347.84484764952	45717.04329666665	51917.67320059206	180291.20075463518	68694.26953122132	274320.8639220235	175013.48085632958	623399.5966744386	39118.55005495949	23908.280245657865	24892.38210997866	217112.13309510838	676616.0947786008	755152.9606754236	32674.74896064615	56289.385224806676	91036.61623198962	1083138.7158696812	711270.0529819388	31509.847198864714	52732.830719577556	105379.9389417384	77105.63993639071	96907.44188920985	977372.0735653931	217638.90365079706	560934.6558585317	48688.05312193848	44831.52321952456	91402.46721931818	132951.1155578272	948412.5905296894	623650.0949817267	24333.5908395931	56117.59905765034	79988.327965386	568250.0492886653	667182.0706871795	46446.494692543994	122999.58508566748	150063.49059367456	89306.12557802889	40827.729421548924	539282.8769342807	482575.74620351015	538124.7305649869	123080.17414832667	49155.79778666216	165388.88641006994	86542.7068495499	709437.4072138844	934704.8327356807	76263.98671809438	296565.5023131347	182776.46628802788	57791.66574998056	155920.84750416197
137.04584_6.443	58904.62	89147.82	81442.64	288806.38	121100.28	433086.56	243807.02	464170.28	69568.7	50592.24	56270.92	284422.02	1184452.0533333332	2393835.52	62187.26	159405.6	847070.88	1713056.8533333333	3026255.36	71378.66	143127.92	111023.04	129274.12	195535.56	604745.2266666667	165356.66	533885.44	86504.08	80597.6	163649.56	243639.02	2928936.7466666666	1473485.12	194451.72	161779.88	409063.72	1658278.0444444444	2648175.04	61248.92	150455.92	209982.12	126576.19	110263.28	549631.68	584837.52	435702.04	667585.28	56520.56	243327.92	146041.09	1797234.88	491916.84	142595.88	619614	480220.8	228819.78	660093.08
138.05481_8.484	43569.4	90306.82	74838.98	41524.99	62319.88	31253.97333333333	42248.6	37806.77	76013.14	26770	87664.84	51485.22	44812.293333333335	41008.94	62565.04	54532.72	40292.29	93582.42	35884.85	34329.94	162855.38	75195.28	46647.31	67637.32	62328.073333333334	88737.22	53003.74	97504.24	36912.58	71366.28	32122.16	46352.23	77547.79	82932.28	56779	42117.32	38815.52962962963	68533.46	46126.02	71122.98	76286.44	46815.48	65025.58	41056.09	43641.68	59864.38	70673.94	38770.46	74218.38	48503.95	63442.6	6846024.96	38208.48	62795.88	53771.08	54624.16	31870.96
76.03989_11.841	29057.66282315186	33646.41658102597	24319.66797627029	25850.58429547916	51074.41069271356	50971.639708410105	50173.222762252466	62576.71603094886	39484.89992733449	18038.01714673061	40555.59762150905	31898.882315626004	50807.29255363613	50565.42006277427	23773.97186441853	29161.135562975363	15175.49936861373	28648.823507989724	29088.99063591999	23767.276686968162	42943.2713158249	38964.23759993715	42014.26277416073	43012.821076977205	58802.95925640782	44426.50927155762	81101.5663341538	45892.23005805052	20131.049658863678	48641.218799758906	33021.299068519365	48852.59690792992	41421.75922816657	25043.684165997143	23860.132132541283	16177.121542770945	29169.40199797681	41351.502271963625	30658.212764051128	57925.621457580775	41863.609388041965	52230.513792861515	71013.56760299228	55350.62148041551	51198.79266777825	89040.97707883493	28120.82183338871	23144.113602307592	50544.08942380173	41046.88156191931	56658.30874104836	4974171.335751388	29984.3259657316	57695.181991986494	33523.8216505845	26860.66070805568	19980.19306620994
142.64003_10.159	17649.217130520537	26728.794109597806	29370.09977300595	35312.578822165604	28211.318413245775	43019.271597094456	39054.2960527417	46623.18474606867	22036.597296149615	15807.50136090726	19323.54443341664	34649.59125523493	53409.21155579397	83502.6527582708	13687.813110611292	40764.63190436711	75052.46511680644	108580.24874780516	159120.01337523508	21176.19493538236	33868.48282155843	35727.419519274896	39077.66764787242	34216.99146621391	71366.70634559197	49497.6159872396	65783.17118457385	31936.935858207333	27132.069315251356	58311.41736143698	42654.84647779672	61019.34307313029	116383.82465402002	19304.720269624897	32773.95219072446	88572.79748103862	148225.55411381304	149882.2155490289	15244.13563831959	21522.08901653427	23584.96146959431	27031.55110001892	25001.527632516943	35223.590029050065	34765.12197127086	33908.42524102419	26762.759811197095	13882.651346248285	22930.708667607792	19078.81378493955	38225.40843374305	166795.30561733397	21480.585906671615	36529.03981049734	42356.10803994088	50142.65929068822	39667.79278437784
142.92117_10.16	770.7689760908269	2123.2814799303073	4287.637142104049	5271.668076189925	3035.641109531961	10426.44303452541	2735.5057595829735	6858.638543000757	2334.717816093482	960.3288956483772	1757.7801822929698	6489.422781872231	13321.919126310031	7706.730497495823	2694.850490668375	1821.1980273475533	2801.0383418197925	14771.042744375813	19635.924766620392	1904.2730764925184	1607.4011507939204	2229.783571876953	9132.133340092138	5290.434020389581	9641.980790847172	6635.953956940037	14355.570003190844	1074.0797504355583	819.6040274779662	7981.937021924911	4125.415287318139	11300.004972264087	14007.596949416697	2280.818117942876	2082.5061243473815	14402.719604522008	16974.80554757272	29222.02715027612	2073.0039179285486	2898.2136888354016	4913.68542672048	3345.7255586474466	4784.193097304018	2678.444422507127	6281.31811065966	5900.501451944251	2644.263263994256	933.7608017053452	3946.368296708985	5128.456923052316	7660.5292758923015	5239.890189403414	298.95427496172937	4850.172979812792	9393.54906112336	7697.02122282522	3755.737389478406
142.95488_10.161	9959.96	22680	17091.94	17838.56	18208.02	28802.04	24746.6	29612.67	17327.82	11918.46	7522.5	19487.64	33286.97	52352.46	11188.86	27636.74	59686.64	59201.013333333336	91544.43	14249.28	16420.68	25286.96	27549.86	24029.68	38309.28333333333	33171.88	41382.11	20696.64	15171.38	32081.22	37149.92	54882.75	78517.1	9218.78	23648.14	53760.99	64013.69629629629	111650.66	11139.44	17198.02	19571.12	21458.29	19879.76	26421.26	22647.84	27739.1	13189.48	7896.6	17614.4	18530.17	28536.41	107812.24	7785.04	26307.18	32760.58	29353.53	28701.61
143.08125_10.162	20404536.32	37239761.92	36319091.2	44443361.28	36304427.52	53543953.06666667	43115253.76	54761866.24	32008980.48	21249816.32	22291937.28	47595386.88	78407980.37333333	106923991.04	22000314.88	51690362.88	92681175.04	139693561.17333335	195648901.12	29273858.56	44172907.52	43680512	55422402.56	49982899.2	72450532.69333333	57754485.76	76744161.28	42144537.6	30370176	62524410.88	67471272.96	91661557.76	180370247.68	28465899.52	46144015.36	98687682.56	120711782.4	202816368.64	21846835.2	34163924.48	38922447.36	38244124.16	38989204.48	48302361.6	42918666.24	47463316.48	32760460.8	18315889.92	32723962.88	33482291.2	50986291.2	184663920.64	24789094.4	43847367.68	63034112	56165268.48	52134394.88
143.20895_10.161	10473.98	18558.52	16855.58	17818.46	16696.86	28881.103333333333	23614.94	30520.2	19523.12	10849.02	6841.98	20063.15	31681.16	56027.28	11247.88	25824.12	57113	58909.64	90160.6	13380.9	17979.68	25093.26	29134.04	23487.6	37738.64	28494.18	41511.47	18992.12	16415.56	28384.32	38103.62	52653.72666666667	81823.9	10876.62	25555.32	56196.44	63152.148148148146	114658.32	10709.42	15979.94	20830.34	20883.93	20967.2	26697.97	22613.18	28092.52	10937.6	8296.76	17872.82	18546.16	29975.07	108560.83	8582.84	25635.66	37710.04	28619.23	28239.48
143.52464_10.16	14652.481838811753	25310.822034231984	27975.14028391466	32901.24535788675	25726.485874511698	38603.65475879594	35499.509521607964	43208.72589750724	20076.83674794549	14313.887886300061	17613.106031711093	31459.25790962529	50599.13939434752	74749.10432889823	12360.315642423353	35726.71522206439	70283.41654716949	102038.25653662418	149369.48738741514	18848.62110354905	31485.35530227685	33215.46028269464	37014.71112215553	31050.5343220769	65358.19676295924	44954.08659916495	57436.11165288346	29173.05243417697	25114.937430687532	51165.36333313265	40253.518199745246	56573.85941920512	107230.02107122766	17718.591728996078	29621.44288201376	84256.15979997357	132095.66357938637	131920.54768580335	13800.464221320979	19595.146111720744	22431.256128688423	25285.126928713908	21709.34580575542	33336.68762635597	31886.52202088418	29172.236021105535	24271.258110110582	12687.653243871164	20763.324504220316	17512.259828533806	34032.24412597972	150653.16056650144	20335.89976733383	32384.968422811995	38205.86959576415	48385.79990818242	37020.331757034284
144.06564_11.335	18682.66740353535	58266.12381991634	56496.21049143297	110983.18099146493	55997.5008528338	133009.85505434126	81877.34246094308	133267.06293420814	28960.093231877017	19003.7489109906	29596.466006765502	77986.70386398626	156260.70613996795	121342.0289463499	30152.589790583344	46636.79709645833	141991.05267472428	141640.27553869656	102226.38273397519	22564.008971728632	29794.13368306953	50417.39874399271	118269.20954315798	76649.41897562453	194190.7398585961	98950.59956688761	164994.417993105	42658.81231623066	22435.18776900151	57620.63432309606	125204.22360963261	314680.1833580175	182533.0290153005	28903.299355937015	54183.27067882707	165366.47544566938	159342.94425777206	128529.22018274682	29530.896048816	61981.928156785776	56384.97062878736	67595.4105813132	51351.60157393708	160283.26030856327	61465.66545305864	105195.07666223256	44324.114377828104	21069.08761212671	62828.283598541646	62508.190107288196	141612.1720632551	138207.06360119357	33199.55638783387	64494.48898756432	103452.24002505772	99021.77316973709	47657.1574729703
145.04953_11.934	13139.457428689486	56848.52929793521	61003.01004853114	24225.526591972895	43566.0776640667	84489.10969648474	95950.9818796004	31444.62957982419	27328.69970775492	9564.760012735669	27822.02346383893	22716.5329355953	72662.60182942863	4009.6646468355216	10556.197370191427	28613.571593255172	3980.1891192544367	643.0394080265545	95.6040014972272	9770.61242735259	38173.060702611234	51401.93971434163	28353.726873763266	58209.8577604354	134043.65351154844	122010.80875810783	33680.21467157695	20742.18134118204	9731.405915786912	36696.17854315504	28370.40981312041	39195.38531936531	1471.0969425615194	9017.718850810294	20957.486236211065	2752.7278228096466	24.962525144502347	271.8188104397617	16717.0959896754	83610.83593600194	70991.71490268792	28657.01266720627	61072.67773828162	110903.34967474891	118325.13846139055	29988.402595984502	24775.662054341006	10059.79020541814	80848.78440808477	30736.91853523604	46698.246211719226	60.44535774022116	17687.42035458563	43573.67025898112	2823.410792308247	49.144496248197605	69.72218639148218
146.09238_11.905	61790.66	60551.36	63697.46	121924.82	37582.94	68196.95333333334	98259.24	174764.26	45471.4	54976.96	55818.6	91914.78	147550.21333333335	24928.85	49659.52	54706.24	42292	43272.84333333333	204696.58	59037.64	83286.72	53219.66	57254.32	65042.46	79104.68666666666	69300.94	95394.48	43902.44	53193.52	69193.92	70085.69	204899.89333333334	64634.92	69896	57954.12	30570.98	55048.68148148148	130002.63	56169	75995.76	56225.9	54570.16	68108.04	155894.74	65951.7	130616.35	58092.72	53876	84722.72	45699.67	115304.42	31823.32	60868.24	86971.32	43203.52	67135.91	112343.07
146.11743_10.573	8768.926934752877	12350.681760163723	10239.702005711972	8606.00583861426	9710.23183729151	6550.219234318969	10384.775967402156	8491.305644444474	9922.68406568926	9012.814792044855	8455.78012147349	9067.32331790526	9445.587402986484	9799.89606269546	8157.848208585526	8752.237257056908	9100.373444125935	6698.619674326151	7611.49778323036	11482.86101900494	12590.0882026729	12092.266384161769	7813.091319193961	10785.850988646713	10251.877309276246	11042.938413591357	10681.625720661084	13740.727090945298	10246.752885428508	10337.401159015693	8814.910586689724	7206.987647790723	6538.220815004519	10192.60050560835	9194.791732728858	9806.429364670017	9276.19947995104	9036.167214285451	9638.755952773274	13028.579365003705	10156.836742512249	8517.067637291671	10680.55619224751	9918.14643361918	11575.736000225885	8697.042486775952	12752.955321527208	17256.811231396146	18341.42053791623	17620.54567500612	18899.70164305224	20141.80830775133	15708.69951177945	18942.050649107827	12151.195544824188	17615.382541554918	12116.448752908616
147.04401_9.569	1257.5318077134345	2466.050096375775	2156.371331002806	2662.7679567146574	2381.0013589397495	5604.938574275616	2478.0109735596943	6516.020671622823	1889.940536963053	1029.5033282003383	1324.4560468521986	2784.012097097998	5536.324665534744	4953.973022299968	1276.7966781248886	1327.3577441273912	345.2472565364733	3577.3187707053116	3791.423500339864	671.5277925123377	2720.530556999332	2213.4002742173634	3729.9205612669157	3008.144750848876	8413.489038977043	3763.1211649479287	6002.356715384209	2618.640124476958	1079.664435985105	1862.0684520281911	3536.0101645151285	6474.1802717280225	4759.64500975242	913.8147615678059	1494.5885396146232	802.8309483776834	5113.546282312455	3708.413105602138	1734.550237994157	4059.1476820422045	2570.1214027445067	3954.557099673153	4377.0918204550135	6175.815111396279	6811.951484275702	9596.701041978704	1740.7799606324718	1559.885221267029	11031.634113415901	13102.939336338704	7451.53691579052	108195.06744250703	1754.6045182271876	2964.6738698919426	3483.147451696967	3725.4364056519476	2229.5419236212374
147.07626_11.233	1209294.515887427	3195337.385400229	7176093.391500964	2381746.710876669	2511866.3391380343	2983239.9423411405	10605827.36004386	5091032.3416102305	1019612.5092295341	1463596.6236361098	824778.020108905	2183808.672415308	3587351.019116466	5104340.343749494	1334195.0461077904	1213687.3003666343	1801074.8480681458	1435355.3596577733	1086414.7982124721	1479184.4480853507	1524032.1599943119	6227970.784341406	3378858.4134573597	2907528.3841044153	6420153.260371997	12848195.311982784	12010536.770553969	961166.2258556389	983727.6613413638	1296666.5606821817	3712478.681997944	3228636.774617007	4692447.827367259	1741369.6099216267	1243914.5857697213	2499979.061192137	2427671.288411401	1144211.0668227419	1904489.2303353385	2830881.7179913046	6056101.7322979625	4366572.418506392	4019385.4093900467	4206648.299043575	11985298.785447715	5250518.484021517	1446104.2691800096	1690234.0917286288	3445409.430471788	4436190.765548715	4952825.691854391	15244740.034982346	2887957.3084378946	3337771.743363796	4626270.809351476	1688772.6135890267	1054950.5060449427
147.11264_19.803	49662.934886924915	49527.16082468516	55038.44848321464	41236.83058679062	62440.9398095349	48167.64243411826	69607.48659428819	66136.21301694875	51288.281214897215	47936.52388878919	53936.9691202912	42598.04614592597	49143.673871016435	85260.60890689543	48305.85658929429	51496.73616651422	31121.311148017277	52393.20344956807	42972.668623563906	50051.55581318178	53453.29234835449	58001.17477347632	53151.03738551993	55202.031616024244	73931.21466129657	70822.05301179449	73691.64859801371	52767.68681420706	48292.261750260375	63374.25636376057	47417.4943708028	80416.04812509529	80114.65561736787	46973.87932764047	50079.43304262359	39710.81257534082	38985.82046746235	59113.00426487324	58460.68484703422	65704.71915750355	70863.94493626253	54789.7156825835	65660.67139359392	69011.63377328646	85996.87724806776	115527.84200542484	51857.23185148803	48490.84887073228	63025.91929328723	52679.47287958804	100513.15211352654	1324894.0197341088	54119.37316155885	74376.68273398516	61051.510320550035	51280.26581439173	39366.88049831838
147.59549_11.209	6142.52341400217	15506.531712675243	9933.08969189622	10941.57621941551	9579.142748203818	14095.15411304982	16172.153756132207	22460.812591219044	5254.998239548806	5575.919836094296	5577.792801771113	10213.335096654042	12499.63483963298	8514.525065704722	5913.8951586532385	4445.40262619422	1314.361379999469	480.9445417095131	5181.790713371436	6804.07956211806	5970.766064674559	8607.055512651998	12876.602653068532	13573.993357382862	15361.773113851208	15484.871214543286	29221.6755482757	5170.091223228562	6815.374976926491	6341.335567028296	11645.301983355348	8761.813063940086	43.87767803098659	5645.993217505041	3694.902966915927	3500.080594363149	4288.955392250223	4331.57030171662	13132.722401761535	12635.887960804324	12481.226153637317	19390.349622424113	16801.444808257154	21867.840855961254	19396.388971622517	24813.66138996222	6667.246431396009	9987.080479100005	15882.298827733854	17783.700983301045	12948.885585118116	58.007929726729216	12663.844064429462	6693.163500093285	5984.925586730662	4065.6505577355024	2408.6661368042314
148.04256_11.174	7578.858504915351	4783.192011256562	4334.222613880509	9389.11713587736	1626.2474448822752	3584.1070544668196	1811.614197535816	6973.8599328468235	5556.608231408654	1219.8877086897687	2983.4207041651	9143.339787395003	11374.795373285808	7370.687054503314	6375.550474599694	949.4873552156337	6534.940355784181	1918.1437950875618	6967.8824833432745	1777.4134382898126	2532.997766077092	1009.1092345755147	6232.22823234768	1986.8174560970358	22816.733146949555	3642.6210139754385	21132.356968471304	2862.8967723687224	1691.8705342817705	4621.860049061559	6589.237994841592	27265.890963598733	2453.2686723842153	4925.570830012837	4656.4607528977795	5414.332043945041	6881.950135388369	6017.63600862188	5521.853603444383	9281.622752211922	9088.468937971664	13310.128985068503	8287.233292052433	18900.20622002581	6862.359304176677	14966.067137950315	1908.0723685143014	4820.747624128011	18979.68586985812	15268.813905201438	23025.59652382169	45385.94846758721	2925.264162587096	2874.38728466184	9129.134366420927	19136.95777069725	7211.1044176877695
148.06003_11.224	10361323.17121459	21686449.126033105	14419046.224843876	13617961.121958774	15920705.29283968	19461526.527619544	21733390.11216956	29910973.228739362	10238823.339934267	9364375.16933765	7945714.018533966	13053122.477479018	16120379.440488564	12823229.639520325	8967197.988534873	7071267.503597033	5119920.681540937	594527.1287320714	7118536.723663005	9788669.59909823	8281969.086956298	13163953.355641522	15997583.762028603	19035548.750696946	18402400.875311285	23369334.494269714	37675075.87784782	8411598.098648224	11166160.967482882	8848849.30646063	19036871.681545924	12454978.096910471	12290463.311041337	8463777.635482403	5965496.398836878	5922341.4609240135	521669.4956748397	855748.1047909493	15389301.924310299	22036409.342194773	16506712.619830325	26971006.283971734	23899464.858619526	29105376.326365992	28402362.53329219	32120124.394972682	9680261.23377217	13150419.58458226	21897440.71630789	25563431.55123116	18399768.891383428	2113281.6939505097	18831399.95821043	11309461.347129313	9167342.63873387	5736581.954769528	3903242.8126175622
148.19348_11.288	4964.24	10584.68	4372.16	4421.12	7754.28	7489.3533333333335	8360.4	14375.6	3292.92	4214.18	1230.96	5866.36	5595.766666666666	4388.11	3978.52	1708.88	1671.93	2472.826666666667	1832.46	3334.12	1489.08	5031.36	7640.8	9876.86	7194.946666666667	8557.12	15369.11	2543.26	83.38	2242.06	8152.5	5151.7	4037.41	1763.56	2045.32	1600.24	2743.277777777778	3191	7347.98	10952.34	9159.04	13799.55	13095.76	12282.67	11219.4	16999.66	2306.48	6193.24	11928.12	12447.4	7779.12	0	5090.3	4583.28	4318.04	1767.52	1611.46
148.5274_11.24	6120.828251573361	14816.32215343105	9612.767456043755	10541.11818197653	9386.181460428623	7452.1400185772545	15340.026072188239	21632.88306200951	5342.95719339995	4276.910792952721	5173.933739488629	9797.392334135435	12243.65934031942	8499.361798616681	4942.428509450907	3466.712673328753	898.3082473211751	5292.86408278763	4723.027268145661	6264.315395084119	5721.818373197133	8154.482627687226	12512.168054589409	13661.12763500141	14229.871396921051	15168.61290355236	27677.628706641066	4606.069463339001	6733.710877548121	5372.568843954352	10861.862054225589	8561.0272693531	8956.202408334611	5153.659507154208	2943.3173278769896	3825.4456443807658	4080.910614084544	3695.3055284164175	11515.732255416155	13315.18190972175	12204.645493360162	19168.761534259083	14949.496201104417	20941.561892794474	19160.888091059776	22254.520986269355	6465.315356649491	9093.383202056673	14739.384465901554	15550.128561126203	12469.658498216282	0	11894.586202261991	6890.329325317246	6293.024714377837	3926.526609384875	2380.8170052126325
150.05827_8.087	1179.8	2601.74	5639.78	8071.05	21283.38	40680.693333333336	12514.84	88548.91	156.22	1137.98	10522.38	26010.33	108730.33333333333	188747.14	971.32	806.22	2096.82	129970.84	88698.97	192.9	7883.08	1731.16	6976.69	5262.4	129279.41333333333	5159.68	89590.72	2496.22	179.84	5863.76	41294.63	212663.93333333332	195163.54	6776.96	1985.24	20213.84	174467.71851851852	105583.34	9528.56	24303.02	30768.84	53303.52	8900.02	88915.08	81734.58	134576.99	7716.72	3192.32	4034.72	38501.64	146300.54	1154118.64	3924.92	39180.48	81044.92	124356.81	67424.21
151.04765_11.19	7141.56981834037	15720.32727929137	54802.94129166934	6257.583102662987	11409.184412917932	38.59094956001393	35239.27891112819	8248.92556189434	5037.430657005365	9134.478693502842	5269.888972910305	15693.395286538087	405.24026870491133	13831.18882206152	16104.5186156248	9748.615758549382	7883.277994244585	5567.700957895523	3954.735977190113	9304.15788145874	7371.15384109934	41237.85786256378	10186.539301371133	15531.805386237344	2543.4222827233125	51756.28380628124	7211.895183280077	6210.492370426396	4544.784679744046	6353.038139680025	7743.05688638801	2135.2242695605582	19638.513162586194	11083.291054547231	6525.412044519223	8657.4331552384	1694.378416410084	3791.183550337993	27409.84241969378	36182.57106406753	48247.66581156698	14215.910775332304	40105.435273943534	3159.850422627879	39763.159857523744	7818.024561192072	12400.462050943675	12374.863859490455	30155.767026834743	16549.85409907452	6384.9429053463755	67339.38779159331	17476.62373906528	18412.676971272136	9671.261950828048	4049.2421137785545	4060.425032078622
152.05659_8.154	14741.564168224792	40663.71357592925	21846.50077848288	48846.67657443924	31362.141798401335	67641.2481549777	65971.06500246553	45865.46343493339	14937.770887686995	13032.24055973334	22837.007959294428	67277.66824543632	328615.36634712253	182503.5125880199	52179.06938521361	99033.60391010987	75507.84880493852	477264.1217363007	269651.19712225965	14093.734982396956	175489.69168258394	35384.002390974514	35212.69810821334	60592.303651717455	44553.82724364583	68213.96741330315	60841.15384915248	14239.063616841664	26145.092398018864	65133.329179529544	50697.807605110596	513185.0404279471	336340.5435859468	63582.411296973376	108673.82746834816	60162.80991098602	227659.07060801898	221334.1302208786	40304.133652987715	62413.36488488752	69300.53705998963	36408.17477982474	27920.59247724742	59034.22190696777	58981.87613606464	59503.64417785219	65703.19968366096	48040.56506303998	95429.14256543007	62632.308581525685	404131.7780177322	408476.457953674	79263.67480877582	205695.27558076064	109925.08923491754	135174.35350298983	162349.36792497966
152.05672_9.556	102665.81530734984	95817.57327532064	85941.44429103004	77127.76560748651	95613.88578456495	147078.58245844717	113636.40700632865	136718.51634842023	91437.62128656678	82071.80123201889	75980.39993310724	80979.36073266351	139477.20589337504	150447.66105258765	83994.57072693313	93465.55605228117	52128.79677050028	118233.31236768315	135766.5581601694	84849.57469006424	110389.12506162626	109640.96664497154	59846.00707000456	116662.82269100816	116264.67053556726	156546.471090937	145903.02071206283	85395.50453855042	88248.87289010579	99702.09769806439	74387.46846166822	168036.33215719843	210910.3142299528	69574.23191164968	87521.80414821648	48750.547560948304	46991.866576075554	136552.6042613762	84533.14308730805	129143.22306598302	174981.1726742447	89253.26946279961	92566.05874843658	174277.9718318438	168109.87800973657	169546.82788687065	87416.69106097803	89238.85378431962	151434.10860038467	84142.3914763998	173586.79021774937	127908.0243260837	88767.77606564375	122525.17828157364	105117.33221334624	73707.15168933054	90318.6460307527
82.06575_11.246	11349.898402313087	20374.52074429164	16849.962835675018	12835.61294683706	15021.964846176443	13247.262725555707	20453.76526341187	22974.006339929827	1228.1075061403385	7691.567191838282	817.3903350362147	16230.523239478189	13948.712535256587	13940.371756670354	7813.147378132511	10673.301101380292	5709.742115628195	8160.836640245905	5757.809200878458	9875.552002954211	7768.28320225628	16226.262765595915	17603.78472836889	13479.02244116466	17923.419521796495	24797.365096832174	35898.21880063964	10065.565174374491	8895.299975646945	9242.405922092754	16898.84779279929	10264.133143999195	13739.104539212705	9023.4162907103	5589.51126876468	7328.799692865419	7114.477924354186	6766.698384871352	23243.45505327953	26153.407437131445	21384.02619907363	24534.855872534194	24292.1828982935	24701.71142356629	22350.05474517459	31533.020224126034	12842.36453219537	16178.681479955145	25202.85163099153	28676.73536426611	15830.069766216473	14142.665391421035	18549.494382278175	12473.698521043021	13304.700904840121	6649.136447298622	8943.192333538196
154.07202_9.838	95430.02	116228.66	171361.92	150165.26	5842.32	728527.68	228805.38	566338.44	110288.96	52173.56	66931.76	141498.52	306340	2108.66	76721.4	83881.84	19130.67	11822.573333333334	15704.79	65963.58	124239.56	186824.62	285351.56	250485.36	549558.7733333333	1396589.28	529730.72	8283.98	77688.96	205384.14	267808.4	224288.56	47964.4	240352.6	79394.48	30835.95	12873.114814814815	18244.44	163896.52	334321.24	252571.44	341838.52	157370.04	645608.12	364366	629490.6	219193.4	131005.4	397157.08	378537.96	264560.16	338.01	121179.78	169208.9	33442.79	14657.14	12943.67
154.13374_9.633	6528.559383196785	8974.71731241843	8682.605948647075	6801.957182508813	7446.405774943382	5443.504806711235	7733.964484004404	6240.525185690628	10046.11113931573	6921.758356265631	9017.08839461645	8936.378360725615	6234.260358315997	11385.067885013887	6933.844772761808	7730.371096993011	5786.11730334228	13062.678436587801	20861.357835063056	8137.919334919448	5733.309852013291	7550.645255900661	6578.635790868077	7987.3392268921925	3512.9733674351305	6338.508198030126	5438.008043656946	8695.911445004493	7651.675504922064	13096.512129359831	6716.0314034788935	8091.704359163285	17020.23127545443	10816.126694403367	9498.912621968637	7894.57411694122	9178.888371786408	29937.703150764304	2802.17698500905	11345.59366206542	10234.065224960854	9479.019631807403	10171.33837424735	5984.230873173731	9135.638956266686	8305.037306373191	10277.257476100307	2256.9715289787473	9500.26748240452	6728.827017832856	6705.259033603199	2104.2773113432345	3870.3745649183616	9018.524053383275	9855.092382095863	22217.56785934892	20982.87696754857
155.04285_11.085	16066.709568083488	56759.1872171775	41258.62993333037	8494.713504039004	49842.96834682363	16381.52213020911	60239.724989563256	14917.699516198809	22340.46357380383	18981.47754180588	11154.441956074535	32067.411101675527	10419.335529012946	7233.815391184545	35730.694691660785	4287.272281114061	1995.6387467441161	17971.758084731442	5777.423499850697	18919.067707542716	15657.156809168071	35456.82035739736	25976.68657323929	62745.80832797642	9653.977418284938	45786.076056050464	41349.75292603978	10868.93666120531	21976.39695093166	11877.21468033646	11304.007724857505	2788.615688529122	27781.92079501607	9395.091915038385	17385.8288675981	3362.358846363675	3798.738846199716	20401.053702154815	33640.29892386032	132684.33466024912	49430.276737370754	49637.425054754196	195374.1571896365	17819.42808239234	82349.01146875967	76179.26234787508	14558.407955398969	23299.818672885216	182462.0486136922	86769.7483983781	18193.662465811056	110882.9676914702	20315.409041066632	41477.86515849997	15834.367445390952	4253.149071826935	3762.599562249799
155.08157_9.709	80679.22	92852.84	101258.68	102796.28	84185.48	119386.18666666666	96959.3	117686.96	92182.76	73394.74	54424.96	93230.77	110367.84	80525.39	72955.6	68888.8	66010.76	78660.22	74793.18	111415.6	92365.84	89555.32	109810.53	100288.24	119916.78666666667	163388	121564.11	103533.12	84944.76	86006.56	90601.69	85200.39333333333	59827.96	127226	100878.08	100363.79	76799.33333333333	112280.1	86362.3	97024.8	98146.36	103908.35	91925.08	108248.19	106993.22	107866.42	95414.44	77204.36	113349.24	119800.68	102010.34	217362.42	88808.16	108436.68	101020.36	101054.49	100192.65
156.07669_11.085	367454.7975662306	484853.43577329663	321915.3897411875	317154.1175390349	482772.1629862168	375593.8074439423	417658.1755904591	593913.6792852905	647460.9868273899	258236.56723432752	470868.9136273733	297545.6698858797	387808.2696075574	664990.2994657571	223226.97906617756	465227.6328867086	182949.04437816565	307906.97317359626	461795.6162098875	438320.87163456576	774167.6202178678	408227.7065285458	323063.1302199637	360696.1770704754	486480.6998975834	479466.44463936967	553198.0510925421	826250.0226675193	325815.1306151535	395007.84059761785	365230.8719937483	429190.7598743603	489513.69940920896	284656.6248100407	330111.0154786423	276220.1142917949	406427.90408437647	462963.1532278383	330457.9339048222	488964.3061600767	392112.8140383253	337003.39213592565	416910.1076434664	507186.29375059326	627820.0883860727	656237.0952222706	302331.3697896585	271104.10428484547	448354.9705079293	325242.3478621382	619469.8071534917	6862820.517575785	351520.51423746743	453884.0019445368	353564.77233793266	563607.6089765447	325974.0431510035
157.09721_9.022	43099.806651298386	92851.31009366928	111291.77840456826	116163.77274311503	113442.59273486445	104269.38846402896	110423.78707330326	101445.40316583062	104510.70974861612	51940.641725896014	98334.59435126916	172901.27234502288	187919.35742632888	188286.47255560916	59841.932100501246	176312.57860956586	235145.6087373761	395747.5832861928	316978.9988171791	54471.94841282163	144458.7260480691	143963.20696027527	168268.04136292636	167298.97142012924	161519.6257417458	158467.70708246005	178299.59854751182	160965.7505790847	73514.96012856354	649764.3044405509	569327.2629177048	522318.5634574844	421400.19344813086	86650.45100149009	178784.73377008314	231239.4646063073	216578.4156654434	369118.5488751849	6515.99819449148	71886.56207506935	74186.60105724233	69262.26700624278	77599.32918654982	68943.23674889411	69865.56252385592	77432.48755009417	69491.12110494022	27745.268562306497	76809.4126250017	70717.69121690636	75251.1285043817	646189.163614064	32627.688026223404	94494.53231331316	106413.7322774311	92058.73247155768	98405.28878311835
84.04497_11.206	1857876.6410948008	3537639.7899803068	3152917.1211836813	2260156.0648337384	2675116.9028352816	11908.610259335055	19614.413649491828	4609425.650124094	1688968.4900297723	1703065.1832333622	1267803.516725087	2299498.7483146028	2384185.8096371223	2406945.2872013925	1488750.78391571	1171401.746390589	970140.7039756993	1258219.9297720673	1089339.2865988503	1662363.2337513394	1495247.5082261916	2729530.4950862573	2628612.407476353	3139766.538998467	3571518.518183708	4588407.172108444	23330.246674224065	1337241.3444136777	1942522.321992828	1427074.9274454	3015918.215402373	1700663.7555656834	2288532.368366757	1444907.4392828017	1066987.0833742989	1256134.5601882825	1549865.1488905703	1047563.8234476222	2590348.4944881755	3471238.3352551013	3177919.512144246	4017735.7805728843	3815405.248682646	16421.67701076354	5518380.855427797	17971.252650374634	1679310.891803927	2248268.5434434405	3533471.475894824	4056265.8366264976	12713.490352970915	2281844.195718509	3225634.966563227	2068936.633451431	1901636.1608445228	1031187.4225823157	756033.1609609963
158.11728_9.826	6545.2	7782.76	7999.8	5744.45	7841.58	7335.59	8360.02	6433.56	8650.74	10270.2	5480.22	6630.34	5685.1866666666665	6225.76	6579.36	5863.22	4762.99	4776.17	6161.12	11118.66	7286.28	13060.34	5653.1	13510.1	8063.57	8568.38	9637.42	8353.06	8189.76	8827.6	6172.66	5048.9	4426.78	7357.6	8394.94	6231.12	4142.518518518518	5961.05	7785.36	9303.76	8374.42	6939.27	9547.52	6740.07	11631.3	9009.71	7704.44	4351.88	8153.26	6269.83	5073.1	10163.44	5980.1	7579.72	5328.91	5028.52	4399.06
159.07632_11.537	48356.252485446275	183667.1903315405	78432.01763365114	76708.7023960249	67132.13782479955	68888.8934829672	75929.33127578578	56402.68868561661	75501.00857758755	49850.92889008046	51133.61828995176	68864.62713322049	75626.75873139715	58149.96723902488	12301.730940883936	5044.734193446493	20959.7600708506	13912.362791545413	18362.026609838333	21901.47295994367	24878.39319700392	97127.10406458433	18473.672875718417	17045.459300536942	16747.770463834724	18344.46683752807	17689.618048980978	26049.453552916835	42279.650692968564	56033.70008243273	43286.80235241684	35588.68870446683	29241.57619888436	27677.221812689797	44785.888462585484	29809.332176408552	22390.543212073822	26464.566500656845	16521.441569539216	27092.423741741994	24708.549124618712	33299.7321738633	55939.93314250974	23832.9703530903	23395.71012223199	21229.174489137797	20379.655201943893	7796.552035287814	58084.60392747802	32287.794769608343	25702.32715836962	9646748.808589002	13623.85515234628	25215.342813575957	26318.583215142968	30410.692631200523	18034.3025745622
160.09671_9.271	7697.2350359788	9602.559696473762	11459.438915106097	13245.971817113017	12486.665038259018	10335.72642910602	13554.549372553378	10079.667177141548	11950.55568753029	14222.06330591292	12921.095993650713	24011.162673203813	17874.29981223957	14940.978997219709	10177.67663461845	11069.807726346304	10456.91199139106	18647.396754948215	13856.762161241997	17722.54734463431	20676.165529504655	16637.56462136443	21955.12097618878	17555.689650488224	18554.113100997703	17693.927291188244	19631.60234253903	18374.590681752125	19017.979652399976	14225.943515941697	13341.339450940091	10919.887462612818	11654.967101499686	14523.32047345659	13331.849073137217	13992.127321098807	9686.49236087526	15881.57093418985	17591.015260886645	24256.08129311786	20839.21642527688	20728.169060923978	20941.16492663013	15467.443581720538	18818.545903417602	22112.416041239758	17664.445288969477	15703.846341889517	42164.49248548215	47946.625878497194	34948.69758551882	55635.61596311353	10195.678150102192	28454.612891638288	28198.90786046999	29554.05568364422	19315.988299876495
160.13306_10.604	15171.06	24082.88	27234.88	37648.96	20426.06	20286.956666666665	44074.72	62001.44	16385.14	10418.54	15305.64	30667.62	35516.36666666667	48230.41	13695.68	20005.78	20783.42	39593.51666666667	61166.76	14756.96	21930.48	27030.14	27650.24	29136.84	38266.21666666667	56324.3	48557.76	20678.78	12831	23959.84	27718.57	43318.78333333333	74828.62	13208.64	20887.96	24915.42	40210.91111111111	76082.32	25769.42	25046.68	36038.8	26006.7	17825.8	67856.52	60401.82	63820.7	28106.94	23489.68	30378.9	24505.6	59650.8	116557.03	27596.86	38612.32	40918.94	82006.54	72785.66
161.09218_11.299	44105.11895065688	103476.5643978654	94462.9486230955	148714.65269694902	92594.86815250997	127267.88842230206	117146.70700564641	178122.413617387	69134.98699089311	44003.46152129499	59560.75075280592	124234.6542459566	196538.18304409776	254044.69607188925	44976.87536622777	83954.11427995397	198478.45625423663	193821.52141900195	149399.97953814812	45328.71091808399	40165.13016739573	88723.51490006628	150573.60194320942	105859.2562782773	263246.1608518843	140625.19305814817	184671.5143982774	76176.81447280831	50156.86172124636	109757.56445499702	184658.2816674085	262731.8098702374	212047.51457444933	51735.064760326335	80938.4564877477	295041.22123205086	297755.48107348714	210690.65525390982	70122.84755820566	92129.40074626986	96923.48171501023	95532.00046598385	78206.33749551751	177619.9602761199	87883.69078648865	145306.69991827433	82750.5998076564	28055.524135823525	95392.13035423608	86315.63218961122	215777.23529266682	23001.500419863776	65693.84884645279	117456.61178616688	148971.47825822566	163046.6726592983	71577.5575314592
161.09219_10.054	123408.12555315916	173210.69321095635	150712.33143559107	224329.90754115366	156012.1549083934	234746.1604342925	194992.85582974376	318337.82162384625	172620.02276126624	114076.59516048679	120617.41764133166	243107.91719089236	347081.0656760199	563405.1936959751	124381.89472746251	223731.0157409677	393942.3764673301	469171.2719537113	625171.6410117119	135002.71466750474	131774.7881529335	182382.05425821006	253983.37447202776	204941.55118023115	494221.73722480534	246639.29662839	486791.9382416659	180805.53414380748	123385.2179471286	252469.14578723893	301833.4895003976	415448.9757475353	687955.5901056952	119015.40170760854	190911.16727875348	473225.43741042353	416295.30686251767	634733.2318732527	157972.72511938793	196092.1620841182	246614.42110625544	232290.06949522693	179076.73271999857	282883.20988391654	163476.39486413018	307794.32872896123	175341.99028674315	113290.39170912815	199574.726701249	194258.50194024268	298459.57149592927	896539.5353633469	157131.91180109713	244782.63589088566	436363.60567980714	264540.1793745857	196271.57652040554
162.07599_11.367	6309.029861146666	11343.03909877671	8314.755146416197	12411.388089907237	16305.90253173744	30618.295930870237	29252.306590647968	33659.28550887376	6920.592607741751	5136.247571382988	9330.50234620225	32220.390386052815	40374.54917145656	405714.9922563135	4931.375930465922	23350.957745152537	30768.394519141155	539253.0930426889	56526.3231375901	4218.00377128021	15982.537072217676	18650.453332601293	16163.89589788617	29022.703660991963	50743.97573752635	36254.682831680395	29376.23515946583	11202.409888011538	5137.155276417555	24610.37604940125	29746.90829506866	230352.3419487681	946087.2442272562	2118.423813090627	35309.401305938874	51759.222753776565	260746.792116834	63568.988652527034	29447.07074917442	92757.80591932638	26165.197729218307	17203.675385855597	71080.05106440363	81825.75023251242	24559.81129404472	85093.78231936792	23135.124777531993	23269.004437547064	102725.83392712034	46312.711947671516	148041.65328523927	35185.93037993421	19967.35498279456	56648.20263323664	177908.21422935752	72417.12489115835	67158.73567565426
162.0761_11.158	8623.826979030966	16923.05484109172	15402.150660936362	10564.929922979472	16294.943577048583	41788.67569356736	28165.798303324395	37271.830192628455	589.6190946849227	7614.396849294272	487.0235227783927	10998.988813679294	37887.250344344575	304555.2618769493	4415.174238948368	19962.834929100118	97861.86581738996	2851.0332256725605	47270.772704232884	4969.988947466977	17311.070670331326	20185.852695383874	14828.724230496802	28897.95807412461	41069.017048698064	30781.740765666324	33213.764577112415	10984.162749571145	8062.813108932122	17272.34096133287	24863.364830527804	114067.81048747552	338595.24258621974	3057.3038167993545	25775.98965919151	186387.20282827495	179023.17199311976	29271.274850176953	13321.004196299331	52912.677651874816	43482.4072356183	16115.261680576454	47555.2131012761	87200.51503195008	55256.60824899087	139614.3950665034	27307.37750672926	14238.357427750841	36690.608536105996	55652.18095378085	11509.87623755401	34681.181018209936	15500.103389323238	147485.3048144026	155656.05479967297	91547.60749522217	39276.173635378174
162.11227_9.055	11264.816530268998	35382.289393144514	22882.48200674939	21352.291922317185	21576.482526760592	23986.285144960893	23278.865339671647	19892.15264284111	22735.424534489965	27238.837173329168	18097.17856580633	26634.125863678648	24408.53016620756	21154.09306683387	24793.18490892235	32076.232832824346	26346.29381395065	22262.77817388957	34150.90561856416	20683.05106292036	27693.952138107157	28230.32594293128	28896.248940215573	31518.02039793255	24367.513251180786	33174.71498449091	25503.067351755555	32274.607897605918	36521.23726506088	25837.26777291463	21577.159617007565	18942.987973534502	18326.96148591106	43464.77591360145	30883.886844281296	24748.346983237494	15015.414819934373	24474.887112065397	31973.35335026701	44983.360260097776	47493.1154822217	42818.580232339635	43325.32839743627	34609.74571981121	42184.237226953934	36140.92111782019	38189.2212903243	25022.900590287773	47518.17440100599	42776.95523271779	46138.63308388668	261564.66881863747	20667.3391624328	40774.94297298314	33662.30071917144	39440.919222966644	32987.18935837781
84.08127_9.445	11103.587617975778	11011.268105584117	10602.547233307825	4880.161744612505	10512.032677746962	6189.437119814456	18040.72545796251	11088.227576531244	8186.716048611033	7260.899067683332	11080.2097675752	5217.986182191566	10943.982563825992	71284.2573404758	7136.4082718454765	7991.832834872206	12406.552506925744	85030.43217470984	105202.4425260672	14218.69503290508	14452.404446611381	8366.97036527882	13047.110713115359	16760.065907985845	7567.141696717254	20507.3577798792	17252.80079988391	9896.441532971492	10268.081009684101	9515.92056888365	10051.049185601421	20334.80776369829	143436.85134850498	12031.78060937723	10979.479970008002	20552.161076126864	67752.75021330862	120905.61030016774	11534.856241271813	21940.31274376585	16228.418769244077	14309.363796603418	18837.4797756342	14051.385814198195	20150.59895659704	12770.393975776684	11197.838009820722	14689.78539547695	6979.621368393173	8244.896876235585	23214.85226491727	37391.31663759294	7795.592178407229	22136.60863295154	43555.34522701746	147240.58979210738	119987.59755839854
164.05664_7.403	330579.78	854316	798306.56	548169.92	1177244.4	1070905.92	1031446.4	2168211.68	381074.24	185365.22	212763.72	250047.8	986516.0533333333	560781.48	276421.86	502233.88	135956.78	17702.543333333335	31647.38	418840.28	465945.76	813907.68	209598.48	755400.16	2463718.6133333333	1503551.36	1879577.12	612434.4	355680.68	681221.68	1036403.44	781462.56	117418.61	279479.8	306379.9	84035.34	29335.074074074073	49753.63	715528.48	588894.8	899596.4	1161431.76	193446.04	2229804.32	2945368	1623855.04	195068.08	469134.56	751712.24	670619.2	1111821.52	16525.24	888864.56	638187.24	71355.13	45063.78	54741.9
85.02895_11.959	14358.542341423039	60227.62581105704	59948.59969129133	24225.141336322027	44724.101330098834	77318.37201619185	95116.98525777327	33580.358172626555	29701.030257587026	11498.86881035351	27240.158722319127	16216.818506922325	64310.581131413055	4853.956721158645	11831.00433350269	29948.59281812133	4609.379742009302	18032.572861338504	7082.290418436534	10596.33527850579	37202.2961573513	55485.85880299009	28921.44488892125	56300.12193399338	121591.0738843937	112048.11422239404	34513.13673793838	12862.991048725207	11067.760157354436	35252.45733974017	30262.35508853904	36687.25066206023	30130.96406907262	9565.120899919302	7265.465569487005	3632.763585171267	10170.01753672411	617.2071240747792	17850.935593256712	75914.10440728275	67958.214367349	29947.424751268452	60065.81939228477	105413.15664758925	115009.02590388015	31963.448881830085	25659.818609764017	6732.32099601525	76305.80544958005	30715.712075441297	46909.70741961513	990.293075004172	18672.706793719404	43100.228335006395	3122.6180267556924	151.80689804374433	245.0027600118085
166.05316_9.895	4413.4	33021.34	29535	17109.1	4061.18	13519.883333333333	63931.4	24401.23	6665.34	21707.66	6559.98	13746.59	21374.996666666666	119002.67	14298.4	40155.02	17395.24	7896.693333333334	42774.2	3819.28	34351.66	32381.12	13516.97	29439.24	41787.253333333334	28880.12	24677.02	21303.86	9581.42	29969.86	22342.57	34285.433333333334	42370.76	15936.36	36449.2	28035.93	91842.31851851851	31484.3	20246.86	28021.82	24634.4	24655.12	31686.32	33846.46	34489.5	44172.76	28398.74	27048.54	30536.28	29297.49	42273.77	261673.66	29930.9	35066.28	41985.36	44389.16	40985.36
166.0862_5.926	8985.46	123146.48	63296.02	116311.81	131771.84	218428.21333333335	174406.32	386186.96	111774.72	51660.26	116290.68	117189.79	282219.73333333334	771644.96	56641.9	115029.52	124568.39	370939.6533333333	388853	63572.96	166200.4	93245.62	150745.09	119851.26	501993.86666666664	233243.44	339308.28	13663.42	4396.98	46283.96	155042.36	510885.2266666667	433113.04	8527	97872.68	178547.1	535651.6148148148	305398.92	91530.56	35720.26	184721.34	200797.06	107503.74	342284.64	321063.96	410441.52	144470.96	115973.72	169529.58	23691.17	488863.88	9207584.64	41874.8	248133.14	36047	350440.72	210640.36
169.05821_11.252	89421.37571529218	215859.38236078608	599837.9568463227	121415.12023948912	143069.9943735955	24066.857634121137	466068.3554898716	126040.29793516813	80962.84641365962	109011.57282007474	68911.26580859706	192838.53264074528	12733.320431291691	178465.23472715897	192967.1932765744	125329.21643509701	86725.83811292118	68535.7534562488	52206.37153251558	111632.59695145003	87239.46862190515	506395.9385789659	136868.8552845335	195940.83923143547	50062.804479718514	637569.2812887741	43921.319059712216	78759.97930944267	65565.60934829837	81876.53587899498	116933.55701703325	35906.41558028681	219662.73379621527	132099.21484804424	77627.58471597539	106412.83962761276	24846.62141556317	49943.71973829766	336400.1826239593	418141.20226869645	707330.4454923068	150801.93041620805	491139.2349900129	81871.16073990954	481483.57015002705	102593.71156331796	162509.26173255756	155661.40033968506	428225.373820292	215484.59357714377	107465.88628912024	832358.0457148729	204709.5657761793	218194.79236309286	102262.27053489079	71010.00970327758	55650.41839949552
170.01181_11.49	1433.3	440.58	604.32	952.18	674.42	1223.31	981.98	1431.97	523.4	901.28	249.34	869.2	1667.24	4570.03	1232.78	356.74	1864.54	2864.89	9472.92	1632.52	578.68	714.5	862.22	1006.9	1242.6266666666668	130.94	1759.2	545.12	658.58	496.9	884.86	2234.58	4047.37	1167.88	337.84	3364.48	2933.7296296296295	12704.08	1020.98	1059.72	1327.2	1424.05	1144.06	2038.1	1445.64	2012.68	1114.9	898.42	899.24	1185.35	2611.5	4469.28	1543.16	1082.94	3777.48	2051.97	3497.18
171.07648_11.235	293391.5170326078	600894.1805291546	634115.1956484754	466483.20915609295	487746.49827098066	580030.6208026281	1074029.1563995471	912359.7343993182	292985.6355738981	271563.00058726384	358448.22694400395	503316.1538835078	761022.6876552169	585246.9667241665	271224.786011456	204768.46945622738	242262.28862997703	292711.26378244965	177053.7444549986	337295.7330788932	300702.16328901623	597625.860546042	519572.93147883716	559415.7575210918	707087.1984361648	1918065.0120573032	1633287.339915743	326257.51325247536	307242.7897843186	415578.47737273073	640317.9721521729	597403.0424657798	545538.9395079701	377293.32018581027	199418.96242932242	267953.184569716	301650.98634896165	253467.8489242317	395993.4101589444	564061.6382570509	698891.2989881517	806573.3165052795	627784.1189658899	777214.6057162522	1183316.0908020528	858865.3255680731	338873.2075714464	357539.7472901651	616512.2334367653	717600.2709878185	651227.7770036178	1092254.6681923764	699714.9949707687	449629.5564879331	489149.3619129668	258911.84930591934	148173.1099101571
174.08743_11.03	46189.00173267595	44078.246274949444	77204.17543647377	175092.00957025253	51765.8978629318	179311.52732618974	160576.81374291333	590784.5391141123	23093.514511859394	40803.222014204526	25000.313871658607	152556.53046494376	211919.18345009393	380649.3612184323	52134.04205856342	34777.09217664316	43651.944582062664	249619.4312932151	763045.2113787655	66362.20658517283	46381.88150316441	69769.88809386127	130053.42897961683	62349.17692147508	724518.0047197368	101624.29506047867	266189.44215568056	37531.401500837004	62962.62590298841	45649.32929268772	140688.88172521602	613723.4413021487	178069.99719676335	57615.8244205525	45478.46960847255	51585.615056184324	280456.2492540585	426590.70601973095	82203.70569051418	85121.9448003429	68034.20519993662	72702.01639466094	40820.944665661336	510352.8881585898	270372.4951520305	409268.4597572294	108661.09354413734	65999.79458424478	66735.91024164378	61363.86914461598	436258.16733557725	10016.341573181451	72457.70835753455	154186.02041297356	63671.2792283117	154954.4430019065	206060.07426162515
174.14838_10.282	534.9407419795949	4844.68990267323	4912.7147183390525	6695.136996007628	5914.292476268798	7097.172731061359	7477.68959868928	4888.951391661593	4165.599878088297	1903.2286766711009	2829.368000913496	7876.173507223275	8622.212959785218	945.9265793755695	3727.9066003876524	6319.835664441289	7697.182371762661	7115.615596330626	7516.474429507453	1779.1081678757487	9042.67414839034	7417.301702907075	8377.878216451521	7950.244991505348	11371.935084247994	10926.04758297726	7512.269616155053	7057.142106693389	4647.274944420857	11950.143090361464	8786.990109280572	10696.111947492705	6038.623755308548	9922.547942563508	14006.143313864442	11391.358764281591	17084.751256939773	9271.484277898173	1166.5330876413736	3639.128099013421	4232.245697137555	3883.506382844754	2115.3492418890423	3440.2744773094287	2624.248013594119	6406.671068341122	3262.1364192504757	938.5417940147936	4431.842057086044	6764.399153651811	2806.826497551051	3370.1170785301297	187.7828063429437	4151.66866011472	1524.5850762252637	8426.746720661595	5520.248178846694
176.12794_11.066	20814.66	12062.88	7123.84	26488.82	10459.98	13260.766666666666	6358.8	48245.94	22563.46	6561.16	8433.62	14712.3	13491.073333333334	18783.28	7447.74	8501.62	10491.27	10455.466666666667	11653.34	16660.06	13682.38	9244.2	20124.76	10922.66	11553.986666666666	9611.14	10375.74	11258.88	8030.8	19714.78	13022.98	13988.016666666666	17088.94	8075.1	10265.26	10686.47	7218.222222222223	14498.56	12011.36	29282.16	15312.62	20565.74	15754.8	39469.08	11684.52	29342.24	23691.22	4129.9	16837.08	15806.41	17734.26	44921.13	6381.08	14510.42	16257.17	18928.73	24510.03
179.00479_8.045	14799.53752856407	20927.95172884394	24835.867238939925	26620.827905635586	23202.382951020816	22750.678069455873	25077.583435085464	25798.448698235323	22246.228642222057	32598.41901520445	23093.72714721448	40381.804232521194	42729.7286887684	41972.55981673197	17138.633789717216	14895.089899173001	19509.748328218033	22431.11356261041	20078.371989863623	33400.90910596086	34410.777395352015	34392.604377490905	37999.88809400468	32878.56744582914	37599.631861882684	35200.57159875396	38805.97968492799	33304.42186305538	29764.919174912313	31009.9512031988	30351.691704009245	29775.624142758163	21565.396155206003	28568.03376090257	27359.392406186966	34714.88170345591	22420.856379774475	36504.98605200904	15981.860313493731	22494.58325384847	22877.895070165574	23972.559233728647	23767.72845486593	23200.925671496178	21658.652486623683	23864.798345753396	22527.362545474887	7373.264249322667	16701.110608172326	15588.411800426366	16467.099115843284	128709.67926646998	11567.548712858625	20686.894976782176	18785.75842602041	23532.549021406405	19565.323145542643
86.09691_7.71	17448.92	6128.34	30037.86	34931.89	38199.44	43381.55	40011.26	63815.64	37132.88	3097.48	36632.62	25773.54	65570.12	128791.92	21349.86	39810.04	28152.48	83992.81333333334	81634.39	25500.76	55474.6	26670.72	31345.48	32385.08	81927.14666666667	43942.06	66511.06	40350.08	3256.6	40035.84	39431.06	114455.54666666666	103653.71	17427.8	39489.78	29989.17	102808.01481481481	75669.66	39736.84	43060.5	47134.26	52597.88	39984.34	63553.48	72215.96	97065.49	38212.54	33093.96	50750.28	46030.11	106599.71	1143021.6	41601.76	75582.52	113074.5	71271.56	46489.48
86.09692_8.125	23341.26	38543.9	24294.2	36451.55	32188.4	51424.46	43107.8	76600.58	41765.18	19222.06	49184.94	44117.96	70979.22	124142.84	21575.4	34303.24	31338.83	88778.34666666666	87716.72	31322.26	64195.84	32147.78	47070.04	45007	91829.19333333333	64744.4	64877.76	29516.72	25933.06	44984.7	46026.86	104315.23333333334	146829.61	34520.1	47786.62	34647.02	106959.49629629629	70818.58	40826.3	62393.96	77698.98	55193.33	37801.64	84210.07	88676.6	119202.74	65165.82	41823.88	48458.28	49367.89	127331.96	1385396.64	42305.74	75091.3	111216.48	109459.57	63834.41
180.08662_11.934	5159.422285902289	25908.748195121512	25903.995041314098	10148.441046132311	18602.99424994005	33761.900371925876	39002.2494588803	15226.099681642432	12541.822536375947	4186.011543605477	12417.044388365557	9975.384414846152	30503.887829242267	1927.9484708830926	4218.932186534669	12086.317979645386	1784.6207593872855	75.90172724665416	10549.259448791056	4860.386835962094	24305.377495207704	20996.70876867394	12710.338479651307	24239.040194028035	55115.03066292077	50334.882997076056	14216.6751197033	14917.59601945521	3622.2493038292305	16862.31694364869	14878.743590534104	16506.402669766034	233.7444912567939	4340.310159059476	14705.245977206097	1060.1118694938416	31.850412916656516	961.40051037846	11002.75197103991	37280.304971692494	31919.563880526446	11805.283773664432	26771.62885121422	45880.81820336759	50658.463596983835	12427.333926527988	10617.616423402442	5115.80116483693	34798.7310978964	13151.339992845922	19313.56853404421	273.31813934708697	9052.388602421135	17651.631498835337	1041.357133136044	1679.3778992007358	161.40618489097892
182.06731_8.763	94745.14	185803.24	190610.78	192391.26	210320.26	322713.86666666664	254812.54	287676.56	82244.06	66913.26	109170.04	155696.2	311207.9733333333	56446.44	72617	82700.8	10159.1	7766.236666666667	11280.88	90107.82	117472.28	154851.76	219687.42	212919.34	430766.85333333333	227028.96	394746.28	98659.94	90387.2	118058.52	237320.54	148117.53333333333	25871.34	94810.2	61069.86	16809.56	9981.25925925926	13885.34	165545.04	214152.46	241065.38	302936.04	144076.52	352872.84	576169.84	333503.94	135768.28	114005.42	261929.02	205740.48	194205.66	615.22	149237.16	146231.6	19590.19	8030.26	10744.09
182.08119_9.578	45069.4266078732	73040.90167396543	61477.59557316626	58500.64032492249	76282.12426333653	126807.61227866732	77432.15658970585	151039.1713878046	58264.78390851386	39404.87450250077	53976.343496677706	58940.35104238708	117846.30767647902	126746.49562192008	31394.034576707832	47057.38979631912	25212.16790200505	76940.52052012437	88923.8781977814	47887.730802665064	76421.15093360294	64203.04285267114	81381.82486909919	72052.21448846986	506275.23157217505	103431.33751644228	148843.74144656456	79264.43265869141	47094.27686377373	64112.064626630265	84032.43820439558	143215.54950639475	95486.8621240678	43953.47785056669	45801.1877856396	29178.01948780249	111223.15647256446	82544.23008239258	46547.230172141	73958.33428582687	73573.27737423604	92225.90000071604	93442.49184797419	136985.34425725133	160631.04143652716	213136.1419512828	53076.446174989214	44532.90492328339	75840.30985495234	85581.57989762623	156671.52527967433	2499367.1658041514	67067.9659531168	87518.8658947493	74714.2796034555	84573.71747450464	52567.92270730972
183.07396_10.048	21300.48713932356	29202.9515895058	22518.466907905986	27587.72133724402	22674.234217960682	26592.187494443657	28877.826564596013	47600.1118048023	22618.05496502384	22754.925228027925	12649.755414741652	103893.20147358952	38173.06744478051	101256.8128528675	26581.6494050551	46129.74787606346	51107.64782414765	258989.93370858356	133659.69158268324	19305.71392956964	18381.424906278633	30733.87515262954	59453.98208990617	32859.75630120552	41603.0237289936	35962.634157282526	51015.91037691964	18536.985660431368	25891.132838286478	31719.136279206454	35998.01383336585	85921.46460294609	376949.19121706014	9155.304212959361	36397.75440243266	65422.93615844327	32307.768734451623	361031.5334913473	23770.514383968362	53547.79963808334	57865.55890541967	49789.68614503382	53553.51414450744	35440.823688813725	45437.073524383915	92153.1657061042	23629.5655782018	14477.004323231575	78083.0402866058	58874.211420563224	41497.079707969264	102928.13501902256	18902.572207699992	39658.42295017059	136029.3682894882	27863.08535745572	30709.468662414954
184.06044_2.052	85.82952902547298	199.2892070088368	435.72418170614844	7826.037427928415	240.03902049316832	3082.1350101161433	2919.175844401693	6342.07151315648	84.0161064716021	254.56466623539734	68.70219546121379	5273.024553335184	3592.495841060967	13408.118820002726	264.3754734835092	556.6010993873005	2831.185245342367	5563.877981427046	19862.006640613512	431.2297823096584	80.08588006587736	1196.5803405814193	2812.937276963115	854.3427083490184	9412.639948326652	2625.640296814778	6982.366499146603	167.7850245675379	56.30151768371144	783.864034206624	4429.509024825066	9809.455733815425	25404.946307208018	345.82578719382565	71.61100563791804	2674.2566701098754	19616.542560973572	20673.139027624253	582.0476127035812	1058.111854679229	1630.1733976718406	1304.0954616609638	69.88075797033449	16894.58720777138	6839.737125376748	8810.70286535934	1958.1800031110186	285.0172443368726	3971.635453564104	1442.6418629924215	10880.126852201707	46.567184466421224	924.7939751348324	1338.6099927755513	2572.6258714477353	42261.27977998531	19730.256379993796
185.03232_11.273	3174.9008802496314	9759.172849517492	32600.221595121366	4183.284029431347	8072.789813277969	226.32167882505485	26627.617035843297	4807.521680631942	1985.399199436634	3725.120133969995	132.35973300651762	7374.525630742947	87.60089014740942	6794.122488110976	9335.375867134262	4493.710700734207	3706.550005767179	2818.050785189588	1942.0478514866702	89.64440551148807	3772.0300642507314	26599.02168062329	5672.563077872275	9918.595465589595	671.056712915604	35182.56932150982	5574.064780981593	3456.9041145010797	2322.6450321788075	5022.556568256522	5074.024639035688	1297.2210905320821	9286.041894751399	7285.034475118894	3117.1935592443233	5209.201746103183	40.813575369544914	1921.6289445045297	16075.43746914728	21033.07936710876	19991.553430354816	5230.258308619265	25175.448347756737	2580.8809477608347	22562.53673027931	3078.3308573314243	8687.704277689536	7286.418773666128	12704.632776644568	9224.109048164586	3500.663460973336	39008.48945852785	9577.514681452485	12035.296539848989	3398.6661773999017	1281.4920853231013	1653.7012816820645
188.07051_8.456	6854.38	8335.08	9376.2	15607.99	14885.32	24608.846666666668	6528.96	27774.22	4886.16	5628.64	8007.98	17653.54	27452.066666666666	23353.65	5770.78	4348.48	3457.76	23461.373333333333	14871.37	3077.18	15645.8	10751.22	16446.77	17784.92	32364.616666666665	20548.42	26996.62	17158.94	4857.14	9023.94	15438.48	30121.23	26680.63	3962.82	6704.24	4433.63	26014.94074074074	17072.35	3162.48	11281.26	17028.24	18844.21	18285.7	24926.32	31759.16	36129.38	10956.04	7343.84	16332.12	16365.6	31012.34	1236845.92	9370	14821.6	13620.14	22556.37	12459.7
189.12337_11.811	4548.181436267518	6018.188129283948	8062.105303521942	4573.115570460088	7303.855853064863	13724.351116625798	12418.536393134988	12866.063255212304	5763.154113673038	4553.708171600288	551.5649364316748	5988.121822624691	13646.524209583773	7270.744830935034	3588.2140899489737	4893.425506530182	1630.0305877484964	3023.210736088933	8394.681487610484	21002.143802817896	11948.649024510549	1540.1112756850896	8764.241034193637	6461.962950753498	16889.760308506207	26225.239123678082	14582.63394469343	5105.308158444277	5875.400230023701	1361.217512864187	5470.762408522514	13816.13129825843	9066.693157186035	4989.202885240856	8144.649905198986	3836.604481299325	2267.265783478557	8535.374076958304	8084.3320003472945	16363.645988636403	1026.5713080454825	11867.46050910821	17043.046152190433	15571.369215893581	11882.38207088894	18798.243626181848	4869.874017387268	10311.315719782677	12479.675140096782	10547.334941557257	14835.670120402914	10617.261885563268	9276.222353287945	8500.237003750803	6978.569262792165	572.9353221204059	4130.953264386647
88.03971_10.955	3184.123092408379	7173.61592309095	6643.037775459002	156.8492971316787	7187.195011058111	127504.37805702187	8016.906882418049	11341.678589864325	11453.985938548683	35827.41376571045	356.8883878227632	438.91090367625156	2061.612969944419	16927.90325152738	257.5590089050022	13254.774010894685	17645.012522916782	222.95502145501334	102804.24848811216	4310.181324657944	8348.619974926827	9485.028473036167	11201.787220269101	113233.1496649573	20438.136069130585	11183.03581585305	15141.096043899448	5869.022406477031	41123.58329705467	590.8153136753498	14137.279149497912	19068.53510132418	26361.394226617365	408.0039471512583	7056.44147320364	13496.268182007381	12710.914284518043	12239.19341270587	6159.784017908434	2352.3524798838994	9016.596311792999	11974.007478633494	10204.123323337839	12459.819434097717	13043.508634386386	175849.65726362227	127.03565943290933	6301.325597799898	8643.823665096099	10757.165109134501	10844.197006238135	116371.17852536608	7370.860699423964	9372.760079849644	120.27977017696244	11110.53949234041	17324.177598376427
191.10246_10.697	38709.09748518753	29468.63531853776	23511.215765166857	25018.116711601404	17905.87255662911	16442.719975293836	29166.73604312203	37126.20399673441	6144.250622825482	23058.95771052701	19555.344050843498	26001.271308791755	38020.38456997175	80273.55109693528	22215.961683153397	32432.771758026392	47473.00430523185	43901.82497436367	57460.293726474614	23227.64519424399	39809.20988820877	28901.453445561994	19466.44658039312	33001.55666616755	37937.703651132295	38078.11921320754	29066.934239229387	34160.01819916154	17183.062864159663	27659.111816848905	12350.751842871128	34671.4365948334	106945.63415895311	9118.465344103275	20333.15599366384	34655.851130144	113806.83824820323	65088.08099454335	7656.2156300041615	29877.63192918376	25421.438486274914	23447.449317196395	21407.69955647524	56701.62704373667	28278.179619368984	52257.93133144154	23319.570315961293	18749.11069445423	32474.683993685365	20473.59459153263	59313.099286159304	64810.83670650057	26105.70801975528	24630.897349119714	34169.494303691456	127328.97128308703	53491.603277359
88.03993_11.45	44803.3	111663.72	53143.24	5873.47	82048.28	7715.713333333333	55303.54	128720.68	14034.36	40452.52	44939.72	64308.04	130048.70666666667	24831.86	52487.42	43851.4	16185.26	95440.01333333334	11938.87	48287.28	54980.7	40991.14	94913.47	11115.24	107033.98	57017.18	180722.58	44205.22	45521.68	44141.32	86638.15	65627	67495.63	44756.1	45816.7	16453.56	66765.02222222222	133011.79	79599.02	140033.44	85791.66	13075.93	166054.76	130579.12	90736.96	15939.85	48691.4	56508.34	155033.68	148590.4	106414.5	21313.19	85769.48	81429.28	12830.98	12935.52	8948.69
194.06726_4.438	42653.84	84130.7	59991.12	44840.08	245015.42	5188.883333333333	79669.38	24236.66	37168.68	44496.12	62042.16	45681.96	22959.966666666667	34332.2	41304.62	61861.22	29434.93	5237.96	10625.42	45311.9	38631.7	54409.5	42994.45	51310.6	24548.88	48259.06	33181.24	279435.68	39809.24	49661	53141.92	10182.503333333334	22709.7	55676.16	44247.84	19532.48	5271.985185185185	12871.97	63592.28	87991.12	73469.14	37327.46	70699.4	40905.74	103101.68	60815.06	60261.4	64939.92	93797.38	38093.66	34828.6	175.86	32330.68	60442.7	22661.38	11813.48	14595.29
196.08298_6.269	398553.32	532481.6	436802.24	1127850	372511.8	507857.6533333333	823865.84	978850.96	89151	223961.7	547653.96	920865.28	1245488.8533333333	2929.92	445762	142041.76	60018.2	92551.10666666667	87949.26	161373.32	610570.72	273719.24	1305643.28	1035663.6	1002773.6533333333	675526.96	1161379.36	461385.88	274721.22	388243.72	640201.84	664356.0533333333	247110.22	245737.08	306476.9	123238.87	50932.46666666667	190807.06	734047.92	999900.56	1065135.04	1214346.72	659127.12	1165567.2	1320256.96	1677184.8	623197.28	394396.36	1406603.84	760185.92	950388.72	1228.86	405247.76	406656.2	144098.29	67855.23	91956.5
198.12364_9.621	15576.93461902096	30699.381544609634	26298.06182354597	24888.35313884859	20350.979339701462	37533.9541657566	21932.97372143196	22410.81432741534	34607.27009419953	17525.528505550406	18159.72182675566	30961.188212110927	36687.656408723364	51451.568569397525	17805.330212089106	23585.138140363597	19079.844024694285	73769.10027794314	124266.59679823171	21935.70270424329	16772.544324684724	20931.325774967027	30104.655851084684	22925.478602912	23673.556289579552	18185.163377286848	20653.993067795065	27886.080493775433	22875.4331321273	28659.774036335497	23825.962669146586	50489.68309713528	66091.79548180845	30437.0595152711	32771.69169335354	31710.66006326038	42046.15736751231	124522.24574845909	15406.685265890861	44052.85208504161	37450.22825066192	40763.3000606665	33680.52319618676	30124.724490325832	27850.198699953755	32996.340049577266	29051.999486141678	9791.726450074355	33758.06659818136	29157.29914821675	26710.38921719509	29782.14939260162	11119.102503661947	28832.63277275056	38890.261747295444	107193.01917275308	95301.54243504709
201.13461_10.165	2742.588746704568	8449.581775846755	7703.415332106373	15443.847229342358	7828.537538800629	33308.81662062905	12436.960098668607	20600.261966971342	7559.072702577089	348.3017240508183	7616.39497314386	19723.033090335703	51594.35377890912	42342.92786072355	4434.748916386383	13361.468137563264	36310.87300938696	122606.17379694767	125001.34287868359	7470.180757336502	4063.325160627232	13167.89794247241	17008.22817963727	13849.650922262079	52930.11946074957	14913.253730100098	32775.810353366105	8516.878869815533	5175.5192475029835	25928.777026646472	24072.432007194344	77625.71691949626	102947.04126111174	8219.653398444294	9362.8323218806	41967.89142161005	106998.20434390142	127688.1428990516	10632.659607438964	13592.105784379875	9769.668648992916	12524.06717606402	13876.793322362148	15913.211922752622	8806.845197063103	17714.40955752551	6571.502488108141	1221.2196736753774	8218.346103190006	13717.88288490034	19320.240110928236	148237.1313108016	5930.0720663813245	12047.45065859557	24133.570314963512	22254.7233701082	12314.255165084067
203.11417_12.38	1850.4516730959194	1327.9767926159195	1196.3509568909951	1833.2114963861275	2371.5465337859887	1843.5433414048182	3240.1506918810696	2037.772410519504	1219.3155694518798	1339.8499867856124	1179.3779932674242	2806.8725093267444	1820.4243483667187	160.50624788941874	751.0992739270597	951.0290057382942	762.5474746886483	2435.314591119785	3969.5723767010577	1217.2346170352678	2041.941820507124	1310.9928967497897	1628.1455813653893	1664.4126580756586	3709.318049259147	3434.239477874642	1919.3071697279956	1600.9405338717258	764.8907537526784	1020.572819207628	1383.8967342447888	2659.3756780453773	3626.43430900809	912.8808139992668	2270.408335833952	379.6537929213358	4893.9278660783175	3060.3627877097215	1122.1206379525772	3909.051869496237	1727.3203125061932	1978.7169001685456	4059.3746934574697	1982.2213093664757	2856.2534398818016	3132.8113431296597	441.4852378397801	692.5630323873125	2116.739665536336	1906.2535412531904	2563.4334984897164	7484.0652168199995	1492.888169356181	2193.9874158055663	1618.408586806361	3989.46228637576	1949.0451540716504
204.04909_10.836	5635.521737234953	12111.498732679482	12721.854561378006	6505.594306672323	202.76915404963177	20694.674290204195	11455.194434128885	14076.015399719116	4826.351637768969	5445.212660107886	3154.3688700001167	5970.520404084077	9433.563014432479	121.87862058892851	11367.456955417769	7252.9059747129295	1041.0073972049331	2112.6630567827024	184.3052859470928	5527.79981474096	9270.060213379638	6316.156990612351	20182.431707894226	21838.835327489087	1836.5267510297306	11535.804674200619	19163.414412561437	92.3656301911662	10013.534580408446	10988.374052739971	13857.341947030623	4223.200929455213	8611.051208203357	7973.351894442998	4833.130888407479	1253.1147922282362	1105.0606099012336	2240.975831067165	19925.567131221644	17533.99850707964	26682.38300179709	22732.755577936558	14291.276723590749	23498.343564524916	13226.92450280878	44560.68840785066	10200.733332016274	9345.030572371483	30634.038503884407	22850.399302701182	11698.495977795727	0	8761.3104639535	7297.162971940016	5005.269979856304	262.7973094982237	758.8130462081732
205.09711_8.457	7907.66	10970.4	13413.46	6006.77	18943.5	27550.22	17311.44	34548.32	6179.16	5512.3	19107.8	17392.74	28777.646666666667	26128.83	3450.68	4265.12	4825.61	24729.34	17501.34	3675.2	17926.44	12803.34	14613.57	44342	34477.863333333335	26178.5	30427.75	21692.36	4631.24	11737.24	19210.41	33531.53333333333	27572.94	6585.44	9349.6	5927.86	30372.625925925928	19414.41	24300.64	14940.5	18975.3	19704.45	21230.34	28442.04	37612.5	39657.28	13116.06	8980.76	15879.6	18471.73	37284.42	1371301.28	11302.32	20281.32	10161.18	24885.81	15846.04
210.12384_2.759	4207.868295763439	4769.684414447199	4951.65240059144	4323.828975913898	732.6840450413309	1315.7534327277956	7683.635972433323	2716.5255140747004	6092.895784470668	1115.1318814638114	4928.398030642625	6363.636868143946	3028.4836240257837	939.1614869974163	5432.427184339146	6078.212305159299	6101.583240715055	4491.77971731452	18016.892152462216	4373.9160256868845	14298.588211767625	4968.90108623117	2926.722368974099	7910.645096944957	512.8149917467213	1869.0086384172446	3905.993474596608	2227.6929777823434	5339.343197154373	5850.145793452892	3275.698614398228	2391.748240491944	11743.808036068174	1912.5431988944424	8543.91003859508	10307.520833922585	5074.619564705204	24876.03796788498	5437.927429746143	26785.390375476676	6518.269539698857	5341.731081061891	7920.23229131535	5894.886654183374	1249.5296666518773	7061.099144024867	7475.7934163466725	3235.314170569354	36837.63429060843	5134.469800368541	6205.751184075551	1513.9295472077172	3920.5558247317117	5248.075210630699	4203.030632852647	12366.918081755526	10518.276933338691
215.13928_2.757	6834.143748566839	5315.845245212644	2594.979334612278	5685.7839178124195	4220.457562645162	6527.155766286826	6450.180514708531	9571.756434148676	4552.952100731625	6226.143969578865	7056.3025883784	9456.358548601629	6862.759601889847	10429.993593814635	7470.760897604957	2736.7551278531923	1906.0186627002092	9219.063179607705	9454.946597631526	6336.906246657462	5036.49079150325	4839.36798860509	5469.930750334601	10598.868479844523	11860.524712461343	6793.36398099956	9123.866847002384	3757.998408635567	6833.186869591414	8411.691135858975	4959.007909223625	13667.557825241327	18332.01084690212	1395.2566153333566	3817.025564296668	2096.4660916649427	6894.6891848028745	17937.591127899785	7472.402813113884	17925.395270271427	7978.503810181935	6065.761816011332	20700.864845734148	7958.920160574635	8646.890354428817	14681.730697572031	3391.838794345781	3440.915184876761	17808.722491285967	14881.81483259651	8220.674891549785	94623.44759878161	6200.307897281698	2890.3486280102243	5961.198451563158	5824.82145580842	4065.111848161707
216.06311_11.872	90.95638072411332	909.0655328425221	134.91996500430966	2482.321404327746	282.3894866098465	4154.661007307236	2378.0038690471656	3160.0257017942054	503.1631265354837	178.2957259804985	687.7975932851406	116.41082147975703	9066.15067596961	28221.430305478258	224.39199996745702	5242.560695433146	26263.469310825574	114590.88160494814	23521.61059935797	594.7307131444311	1904.04370719064	1465.2781733640588	3063.0480697615317	3034.489599710069	8459.412712907986	1832.0368863484712	7654.365883192808	483.3561748771268	894.9042986046225	3578.250184941337	4318.9493946247185	16640.55174815341	52457.05948030556	91.61951721023091	2781.7065825936406	12002.583862241967	43180.19541265474	57288.32862643947	71.48399439235416	2972.879706379479	65.07296216124753	1193.0900272310048	1186.8025169044176	1811.716798618025	1144.6040993753415	2704.389913113248	762.8563683269888	222.6771928301948	3384.8391365359666	2810.6112326788066	3930.8380243959855	87556.59665877483	394.4561317427552	4646.965500167353	15594.516656386797	5036.40913156414	4398.276747951678
217.15454_2.373	1094.4452926129413	125.22027370763205	1922.5230718002767	2553.718159350226	2279.0444207504083	2279.1518019989408	3988.3852556027437	3763.4633635977934	4871.176351894788	550.7570201361585	343.8974228802022	2313.371158021234	3835.380274091407	6268.711585311036	1002.8381198877587	2064.4689491294625	2401.13256161378	6619.547245605137	4548.69459625649	2107.8879013793776	3037.3626833211	4165.5696835258095	1243.0542450151536	1216.1346948242276	3698.733897426259	1933.7211523552612	2345.250708217849	3591.243690509785	1878.6615211024605	606.7625425932819	2847.3261561186437	12234.503704057905	5871.69453613989	885.3570695490287	2621.617711106492	2090.8658661985364	13608.561443709525	4966.70359925427	643.6869865859928	3560.223448655022	2584.6698793273044	1797.8601447515473	2333.5339637391635	3123.3884834025275	6696.535041070665	4329.968564073321	1675.6619297754455	3201.8727701261337	3289.3037283261597	2695.1385356115147	4497.320016580166	726003.3915312937	4724.042364429251	2493.0962907443377	5662.9784810550955	3895.3269975151347	3490.6540867940894
90.05531_10.886	292709.8974036718	400252.810206356	195657.06126286887	21418.847447876567	166418.79232026392	150536.44906236467	172193.65355035086	468830.0080081272	271200.4485868516	185382.54911187573	172985.78732518453	200946.3965237259	73120.10603406659	692069.49999908	147860.2035610755	239486.64456031367	152250.9330671277	20259.56337928631	434489.85745773325	170642.56362365355	395750.369426167	147205.21055375895	76089.7735325147	276815.5448194839	401872.0254979269	328692.8818556589	459454.5499676955	290971.7728459742	180711.05736476288	196982.75854136233	231373.6836604806	309632.18708551524	422467.2672496523	37783.96551080211	357919.2092323516	189230.90919098284	522389.57706210966	350745.1366514809	204326.45768525024	396104.6568779054	78045.19337107049	74511.47210717354	299450.21516985836	440781.54621795996	395301.3680562752	507289.21433500247	40656.96859253708	214319.34119909615	77657.09721179688	313509.49968915916	563690.9848496172	54118062.86844811	252962.44779044553	612315.051751778	38906.67651217286	396610.42229158484	363712.6986253443
218.14969_12.556	214.90685867201543	126.91035576846693	115.70694673521204	414.2443034110251	77.75237504132154	3498.103181835777	1182.0445704563028	2324.1891607220587	125.09297521562713	132.5454398960038	79.47486568888623	1271.2211865891682	4609.027016970082	1950.64794010525	194.21431068623448	245.15221765470545	255.00059277819074	5914.854123660054	2767.0650315810676	11434.239439451068	4535.993920017793	143.34007286502037	1269.6907788368067	529.347416260322	3336.695391754422	915.4739948787121	2349.583750078688	262.1552421425866	312.52745360843994	91.36802918232472	677.9984215028636	6456.568122876832	7025.107453614358	87.06735256327391	2136.897294462925	208.6216054554243	5826.829297786403	3133.628924031823	62.14305450355086	1528.0145493280395	1187.9878197356534	2078.7783153553905	56.95278959826777	2175.6648446782665	2476.3919629112156	8045.4786101811	82.71824202046382	170.34784157010213	1648.479505770132	2579.495642767336	2951.959276381452	224993.19749010698	98.61025485618153	124.5791389621483	3308.1973972267137	395.12334008133524	131.77221115688323
219.09772_11.16	53995.78209379616	158772.5522735553	47515.898796135305	64808.73805007527	91602.80949705158	64744.67471835705	72740.17349447976	209219.6187837652	58442.72096782458	40090.59964514089	75505.10772317612	45284.82665127766	104201.52063066696	89789.09515332505	26542.700610042884	48807.01370174884	30317.87558966817	18.508714265000595	20867.964268396987	5790.334382516205	57451.90915260491	41122.404407447655	43377.9885467374	115278.14846179105	55618.14642873235	129676.05361441907	81523.6579469917	59955.39116433922	38072.162546477186	40934.924036304306	79384.28117877015	132410.42793023016	40298.01930866831	14709.665625563965	56760.399413277104	32119.118061733014	29294.53776367848	20438.130011810936	67952.98494200353	134132.0615918459	48743.510948050425	159497.83166401347	122214.90644097247	166660.6323496934	92691.75266175605	99117.53020971759	18642.261892827606	41778.510757177886	136758.07730881558	144544.6537307853	154114.1727643681	47146.83919515448	76549.22208886716	111596.75163628874	19999.383701916107	27299.480915918663	14430.37939087974
90.05537_11.144	227632.82222297543	363771.305098601	183717.44954513488	212886.34920973808	320840.1213485026	386568.35669702373	362253.18944970606	487378.3994518616	233306.4564391748	149528.83512153773	289786.6953890068	215415.30530992977	479865.149492098	725433.3109190039	151508.1969230016	220663.65344314827	140631.17883233528	295471.3566933541	384826.9509044591	147328.07691808147	376659.94920275285	228561.68865774423	285163.2463126485	300312.9409624135	410329.9305136156	358259.180481932	538845.1525637425	284979.4776719076	145788.827947309	349921.59321939456	237671.25326624408	446089.1928344123	540287.6958656124	145218.87199572398	323134.3472573075	172090.43007655258	403091.9677914255	370417.63458708033	206680.15867745088	430868.4288107682	234811.5875446228	391008.0877788266	368697.1239970806	485170.65726173297	388581.00201159297	613401.6246470257	175860.80285857926	198256.79207160138	366355.64011137484	362645.01536158397	624319.3842901549	7131938.6057291245	248738.80929766013	593632.6315287418	397614.1067196951	412015.4832829977	317638.99783088994
219.1338_3.608	2204.451814009573	709.0389596401899	278.6430580969099	1442.9735235820222	182.2165425059624	4772.437897537906	4267.1687303466015	6191.534703757043	1513.0054358450486	1527.4611056557246	458.1545900412673	934.4858189684298	9780.196922799701	12191.520529227873	646.0382491876979	601.301933436153	3194.267982946034	13626.71318711267	4965.6440959084375	896.9853518195534	573.0783619339339	2230.8419108282246	5317.442874261064	330.96280152999736	9532.99295610817	236.13897386100464	2564.442635438498	118.88881961415802	519.3426390246397	206.5041528619331	615.5129137266149	25460.16160788329	5256.913568755577	6941.823900205072	108.56415009299164	1072.5905362075903	22520.750825590476	6693.0593636955755	1012.7254701658354	1175.4593644895447	331.2971090252088	1264.849651114335	315.52109872911495	692.278680113056	2097.3106002180193	8964.566935773302	769.7546664375598	1034.9668196890314	4772.906500277034	538.3555600814867	9429.82058352006	1475397.4257297711	322.3574997930145	653.4227646907817	6748.3750178302325	1478.6096569802833	988.6965026749111
220.08276_2.709	2905.62	7234.5	10166.46	3196.83	15863.3	4460.23	31234.74	6817.27	3939.04	3066.32	822.46	2110.32	999.6333333333333	157.11	3854.14	3090.24	203.29	17.856666666666666	180.98	10612.44	2480.8	5273.44	5928.03	10068.18	9662.853333333333	27885.12	19811.5	2477.76	7496.18	4209.36	6458.72	258.16	401.45	7581.1	1554.32	162.03	76.93703703703704	1100.39	3659.26	3792.28	5504.72	14098.29	73979.66	5045.35	9347.02	8040.75	1500.2	4290.6	3175.3	8908.57	1836.75	130.79	10703.24	3510.22	698.87	176.32	231.84
221.09578_2.788	1053.0812549714212	851.3930346547894	503.81885766779754	1156.005983923029	1168.0187566544016	1334.258222743964	3144.2747356368595	1353.0545325489861	220.55044292412614	1215.1386650481754	1538.7005753176502	2520.4744431095223	1296.8153814723084	1380.0947733035937	3405.561744381061	91.11243682598543	37.61564221263558	2379.83265587459	1115.0227294870344	330.92060177817905	719.9422901962357	206.97870379088897	657.6168162659726	4779.227175489724	2461.15489503338	2648.2299576372475	1964.834396105489	251.16353839364933	735.7764857490918	2375.2432521075198	617.958429929231	5631.188508504726	2979.7845982271397	166.5971158372263	697.6732888817429	154.6255002260512	7877.106115093826	1378.4612250497023	2802.7932156811744	9878.804202115485	3420.188576540802	1710.1307041298794	12626.916471469713	1193.586555189246	1194.9123708971606	4394.151038668456	189.18726102934343	296.78549568061413	6189.2687701360355	1952.6443323555027	1511.3903648053542	63436.39432499811	1265.8664869293061	316.268371626604	2441.219017053618	1187.064355423221	1667.2804539920724
222.09846_4.461	46534.674757169916	56616.86424188921	67030.76106872212	72075.40624205046	228470.47065176087	351905.2626024261	287167.0642407933	191800.23976527908	36283.67471404044	34998.23260544964	12251.759844642354	82987.62118872989	45863.31103308286	3299.6908478262303	52666.88273830556	13204.100053147202	6167.184398078602	218.90392613439167	36.99087995679501	62632.48289919192	46154.07187795906	51355.14069673074	199143.65779779627	271104.0381533639	2603648.64438132	298309.6244067267	464852.8155147723	44198.62515895133	79713.49146286011	57268.641007463084	94426.5183119972	27366.373384627863	6598.539136615261	67090.95407396258	14852.232039693228	5332.254243478574	442.68530872302523	65.12064112129896	61219.98160293572	55231.49458643499	95298.00881251771	506066.56238830567	1282071.6894496651	121070.77803153869	155836.34516867273	328652.09036822343	28424.87617523963	39724.64661691291	54376.42247567987	297373.84510256647	49834.827237113655	65.71903196882144	111663.18889669664	22960.261871018676	3286.812440177399	853.2732836855964	38.73686154301616
223.08243_2.71	30877.889865640034	26989.41523071446	51419.13270659702	111657.05320977014	56572.5380847208	113390.71022644221	181036.54580989867	233540.1713399699	16007.409583840696	16134.571834934282	1661.302061296692	70951.88781759956	140345.4955978406	9470.794735492183	15601.680443262172	5290.299350560118	2548.75879025651	58.40550789080579	130.97597429829116	26638.132211345648	19230.4207733372	74292.14044696781	84206.16941728102	102882.36542223964	168766.83947378254	178545.14057922908	239250.0103823146	21585.996988328752	38856.62544151501	12232.608825818079	116918.69293825583	98412.57221850754	3447.7700299687644	26263.496101702545	5791.244636868406	2467.915093683147	162.19416964331108	54.03139900526385	31354.793280977476	36537.53666899167	54224.59762792158	68971.11893386711	49397.30806394819	187475.56307959015	420504.21437664697	146177.39351468897	28777.081949512558	28286.18485223331	39587.31639000944	64964.40259755449	68103.52699707157	1779.4303050209921	39929.22154487795	28562.154474269017	792.6559470441082	59.735771255463085	168.99362324078632
225.05391_11.245	1103.893818180263	7651.75423480149	15225.889956403824	2910.2257162018773	1649.3119948330711	922.7042917420694	21446.93849928298	6939.854918509255	86.20145837286789	3246.2539516575243	183.28799833093376	6008.17891400553	1094.1013169131722	11578.95595342709	3081.7722360310036	2545.185263631166	3300.289594579931	3877.7857715174728	2559.909766015375	2151.1043398566853	2073.1697761666974	17008.375364591364	2427.903010070994	2217.9854074327222	2253.2568443472856	26981.261076649917	7575.552484356246	760.933199279469	1412.0821118832414	96.87402282875411	4605.2181095277965	1584.4643879996054	13138.058105592409	917.8495645533	2216.9930096631183	5861.667442585995	2288.2998727284353	5170.104532571701	1076.4332100910865	4799.380574140313	12481.637063506547	2909.761481495961	4458.704748366343	3690.3302206141216	27050.80187813824	3224.585896682663	1290.3846984941497	1376.6739970164642	7028.321992119841	4180.068262361281	8415.312330785944	25413.774544745283	3028.7564604046215	7427.3491325734185	9433.030009500193	3449.6606884779285	3005.878017275578
228.09798_7.411	537.5896535620839	2205.5823523292192	4148.9559276457885	17607.60838143488	1532.2519601276922	35840.884324417646	5423.940894092104	10979.17757049957	2270.9980583072875	284.4837852591506	9810.654647935824	22179.524710526974	114240.03708546243	74671.65788395477	6123.84861677133	21940.15347983595	30913.341766473764	120110.2190415667	109873.5082541096	180.0665449973314	14519.543293957468	3123.553455948741	10973.24506603592	8747.027556676516	8930.948377351177	11321.190072670346	15528.5805161679	904.6961861732651	155.1029778377552	15934.921048379869	14531.266440055084	232964.48513237113	88810.91962182423	2763.2459546876344	26206.443963071662	17172.011698585007	77332.31541248137	48613.329297312695	1533.2746475716754	15259.255862142882	12096.149821751866	10153.2748694889	17370.65040912251	24851.02022286693	12925.020666809894	27158.518123964135	8422.011045825715	2510.1899466931413	14514.906939246515	19616.825819213023	153951.31805585307	41717.35035252326	12593.101777382535	53581.62316636358	31378.942542519602	50985.87710064534	77524.42882749668
229.15459_2.668	34143.026115863606	3259.523976059081	5678.801437861364	9770.32953655978	7601.831955718071	14669.730189379585	16473.264468035544	30611.40737754616	3882.7593123575793	1927.4738447937593	5636.314877342583	5974.573813447216	24838.37040127439	28403.575463116973	5568.702683231325	4984.473955550805	5138.931249675134	13237.18578493529	17608.81462588367	6958.938427305688	6487.071949978391	7571.836842667217	7828.699228128539	10191.177073248427	38939.80644658129	13109.562664204628	23827.548312717714	5731.254962340329	3661.675439100368	3433.5033076816962	11593.419577517261	44238.86657080734	18046.587097535223	3842.369590314454	3400.3834172833576	5994.435261430904	20827.71668572297	13858.875405619645	9449.750340590721	9171.724919336528	9269.188564878328	11488.869734604319	14339.685160709347	23000.420946889375	26375.286435404607	23737.195543931495	7664.714091620567	9824.847575405733	12834.100912607806	9738.963699171802	32440.719064978246	305524.75436892576	10314.021595536471	9605.62340778119	13589.961269644471	7486.444277858991	9065.060776818753
230.09534_11.283	1863.0049823459588	2381.6147466465754	562.0180458558245	3825.1403135301866	6096.052212790712	14908.782901661887	3192.2548263427866	14014.8244219851	1079.6054816192084	0	666.7438148862233	2605.700655906681	18583.950880879573	37835.29825827204	249.44232680459103	1846.3402420701873	606.4510842770256	37235.36866138955	49410.524760889646	12882.32413723649	386.70713962065855	400.49944193642585	8777.403331716618	5209.417515800022	17062.070869169	4240.785924324108	22185.318774672927	2251.096980889948	158.1310186198372	304.589637536033	8450.848519645648	25449.235178847124	32751.103112261695	385.7222156983337	1730.0745084706653	3671.675786273483	75974.206470283	71287.21308960542	4829.910046242117	3766.312481030923	4371.352955792021	13867.383217326043	6327.478062471275	18113.78305369632	13623.576524522561	23147.273995250158	774.6686214090727	4374.845807533152	566.2045226130946	14756.227038021396	16616.361735901013	1936.0379382628992	2172.974333956324	879.0879516303738	20309.955182747075	39851.45707797104	27992.153188163342
231.17006_2.197	6759.12	3731.8	3404.72	5814.66	4735.52	5965.76	7501.54	9897.5	5477.52	3937.58	4911.16	4578.02	10107.793333333333	20538.65	2812.88	6295.5	3632.09	14772.133333333333	10897.82	4803.68	6707.66	10189.82	5325.57	6581.6	9874.88	5214.28	6838.99	4952.06	4550.66	120.04	4192.41	29778.033333333333	17680.12	2094.42	4627.3	4720.8	34359.55925925926	13911.5	5393.32	7932.52	5322.58	5463.18	10279.28	9741.85	12252.34	10308.13	4431.82	4179.28	7865.92	5414.4	16076.61	3067812.16	5236.12	5870.14	11586.72	7112.34	6689.35
233.14935_2.681	1738.0672075152395	1860.663404192944	1797.646627361434	3307.8611887814627	3053.646485267783	7568.619958238282	5576.8803728647135	11005.799897044883	123.45541763012926	374.0319007564642	1483.8326743922485	2198.003040810785	10210.092911556412	16365.602975377973	2523.9893220249655	300.26396719713176	2577.8190916627846	9581.860272274726	5087.951161034443	6527.064993797377	4840.432044002282	6997.45999923625	2240.168547377325	6082.1023226751995	16242.710762750648	5011.574073867242	8343.751749557046	1492.2788350817527	5918.924511389182	2148.0477657818938	3377.7142763139714	32469.784920803333	25246.585009134007	24861.224699630602	1523.8849289065943	2979.5482147246353	25707.182495161233	10001.335333856592	6938.889775231834	7319.854443542752	8340.522642198253	2334.357705006345	4246.815016538733	6351.135850195818	12121.524918663796	10594.521614880292	3919.3901354199043	798.4341125163039	6673.370533777295	3620.1823777083428	12352.957637207584	1544945.8883060408	6747.188689539376	4120.4879753262885	5626.095668243588	4689.231700384309	5021.182551051706
235.09239_12.09	4979.205159442365	27658.71203582685	9257.822514082032	10906.706382186958	14454.84420972909	21928.67052535724	12595.920037560823	20068.99108289868	9379.650636318433	4466.382374819664	14012.256253382324	35287.54801633481	27459.489049645956	6337.856328451753	8690.061088750876	6940.352480532074	3843.375558336458	3077.6821348796752	36.262810188608846	5378.473340752772	12588.68030337661	8283.446137178533	16077.046434920936	21796.9955781785	24907.90126951696	15044.009472219343	23675.126684389328	9878.333127016811	5746.613424590107	14937.351832056185	10861.485057639773	18281.763140409086	16991.09355521994	3808.6067163386524	7388.853137729078	4023.662539267832	765.7496991177778	1836.8408180622223	12313.267512438219	53919.512897028355	10316.573773948789	25328.51488637014	64068.95972366444	25766.828882337835	12027.708273198072	68346.37021066043	7414.726915843028	7968.681752333222	62695.58780634703	54970.002608127295	21545.788838637796	11132.645053297521	10007.449560774201	14769.115759374658	8498.138589192093	392.51614898041873	321.0544770048882
236.14882_10.742	22416.54584063112	3439.3730587450846	6434.924179526074	3006.700208924631	60756.6669606566	49671.908949275814	29628.503599636733	5531.961239318843	8926.096043141139	2359.394534808422	4069.620989510545	10126.289876557792	26411.152617592514	22288.863540454502	2587.9163142776374	14943.792092562298	28230.584030984282	32524.550236107414	73106.88502510256	3188.3662204544316	8133.927371314289	79074.6931278519	8160.211247493543	6459.551739800148	11777.923130827081	71223.00810468086	10336.613377192463	5649.105369718031	4592.345625685776	5445.733060718754	2811.228683948086	2495.4536268888805	18123.659358300654	4958.729408929151	34173.38219096683	27190.843565701885	39066.8804439431	26428.05389501856	11249.019843536085	10317.84162141908	32350.528711545827	33209.29458772219	151622.92527614863	13694.784600035568	33179.14891872646	7623.425208265065	13462.325141423371	4378.09216594552	53066.43466082763	24455.299340996098	69583.87957036289	65412932.065885685	14717.693036934212	38356.419705462584	69846.3313937496	74745.89324510499	42512.766839570686
238.09302_9.169	7153.082537289203	14910.783265195863	17995.401616538322	18385.300842406592	58133.22631451378	21561.539637142887	42510.79164769259	16521.97671736827	14799.210870255793	9124.421047377888	7384.284526219027	21445.681377640758	16109.858481800231	7839.0803723722875	11528.759964508643	6613.616492943498	2608.286369805491	9133.811475540417	131.34792589154966	13273.90117329876	9285.236692686354	19091.56931800735	24072.398571554244	23581.723071518616	27754.963531979414	79838.58336806092	47534.53976555517	23322.389342643688	12106.968702172662	13109.593566884501	24159.87451669881	6364.694361772192	7884.672553845286	26425.61679517282	5269.0695300297675	2067.0882939185763	3633.614260093142	8865.826878293086	10978.198090151227	18348.638657580785	10573.62555144794	32906.17757788748	64606.71708578589	25333.433448215834	29103.982991853383	58848.50344381607	6158.4941211413825	14733.84673263006	16668.200585660943	32334.59211833645	10617.63058981371	240.4308689944369	15025.534180848066	10520.121380965707	4203.975652466556	286.90105048132796	2918.5914196094236
240.10864_10.195	43314.44	45597.64	54755.6	57417.35	103659.56	117517.61333333333	138685.04	158386.1	49262.32	41476.84	22135.04	71464.79	78421.93333333333	6926.9	56199.1	21612.9	17844.54	3470.09	18842.86	55066.8	43922.48	40853.4	105428.06	113525.54	67222.29333333333	134224.4	201592.12	36575	59138.96	38304.06	89832.24	32873.01	37041.05	53839.54	23591.8	9318.96	1220.2148148148149	16788.68	44779.3	71067.84	63097.56	158252.09	234481.42	115249.46	140755.28	169149.24	30886.54	38178.8	76772.24	111671.58	56582.28	581.06	60638.8	30711.98	8374.24	19893.99	11015.47
244.09288_8.723	17723.216911023363	42700.95028157392	27168.13946407591	57334.53492870452	22881.983676626274	164875.45771683223	54737.969022061116	93750.92578053608	15419.21132343703	8642.02729184188	23294.921603885075	50328.67828613547	165430.31155296307	154944.69120672232	11453.650217454624	47084.38590205001	31544.660805298918	126955.59517776327	88717.22068877365	14040.30074501951	56718.75206681059	38814.77417819805	35872.460994040746	36544.15349018392	57205.70338474165	85461.58038453505	113059.09449951761	15220.94824440568	12295.310917646451	58982.271120990925	54286.72618526073	216562.64449936076	150189.07315429024	9571.532158924174	34931.17480999499	25565.27085525095	101043.09704879328	98987.08585535455	27684.643826168947	66257.26145004363	70620.47240198658	42407.575522137566	15402.464700426317	164035.17284242786	89570.05654399365	109417.10395663223	38111.34499349237	27224.45115524776	71594.94919622377	44057.32032845959	221975.145460788	144878.60138264284	29008.53945919157	73376.12121798236	68819.317172162715	47030.81204170312	52203.39903959325
245.06448_2.702	3396.717098812329	3181.898605468539	7173.079448899974	12019.585587556847	8213.390024823448	10646.788149226428	20704.296338658416	27022.40706953974	2106.165800580745	1221.1286452415377	0	7603.968444312799	13686.3501254568	1840.6376749451606	2279.795857747355	1050.7733369848543	223.86494100115718	0	189.62834149323794	3623.6933584437434	2338.563723083243	9322.297579355669	10817.677792466913	11363.839054238882	18531.734550222747	22891.477780889418	24401.136570752005	3280.537122292806	4067.7567343108576	811.5060116016776	13099.6394626227	8830.70817011516	279.0308053967861	2760.4865000595323	498.6094826799025	199.7024693276289	0	0	3914.2520268176386	2455.2674139032706	6040.164269212597	8458.420500013934	4602.264405034602	21089.54637904174	51354.09537468508	16224.966134299722	4169.870623443831	3521.60625799492	4565.437055037473	6505.880304862883	6687.247284778501	0	5646.202670521751	2905.3502415404287	0	0	0
245.18599_2.061	27603.64	18137.64	34601.82	22582.1	15902.5	8520.35	42008	14245.04	37048.36	14293.3	22443.86	15124.7	10118.153333333334	20695.17	1328.62	62244.24	10326.46	14428.706666666667	16259.86	19018.98	50905.08	21805.74	21407.02	66949.94	10088.013333333334	21409.46	13009.11	16640.1	12589.34	36556.6	12188.97	21710.673333333332	19790.73	21183.04	25112.32	10310.15	30551.096296296295	17618.03	28159.46	45473.6	21750.56	14493.4	29838.04	11605.66	22338.16	14237.19	42967.4	35184.24	27867.16	12076.07	20751.88	2002214.24	17709.12	19489.74	21733.13	16017.92	12259.4
246.14471_4.086	1045.8	120.32	173.78	253.05	79.02	2996.67	120.48	1622.16	358.58	554.78	185.52	68.72	430.31333333333333	2797.21	75.8	65.58	785.36	1564.93	1082.6	635.18	864.56	341.1	6705.1	338.74	5204.5	247.74	1859.46	217.8	81.48	183.06	127.92	19975.27666666667	1386.16	8569.54	169.78	644.53	2879.0037037037036	651.9	332.98	111.6	126.38	72.91	83.96	533.86	2627.22	596.85	193.28	105.86	3577.42	192.4	1620.86	1082893.2	1412.32	47.5	2356.48	1591.59	1008.77
247.05751_9.845	7566.886008709416	16721.017570353022	17323.810684303113	29071.863059494528	16878.09892934003	74522.43725663035	38899.4254826819	31596.535851843917	9389.951798679987	9868.667234092203	8861.363613626196	39422.17618232172	127864.0135302293	151385.5227741964	8439.608157523982	27000.492719723	85828.41644719787	262449.498078285	90435.81433558921	10182.138842950022	25929.87825778195	23302.51735465907	33035.311862891635	52184.62903659702	65190.39848344676	53326.224715091084	81938.45574740712	9465.80013129842	11747.922713937329	26830.37380863282	61181.91462513491	170776.42157979065	234790.362319431	10595.035613553648	35348.84279380928	88339.02497732948	104970.5094594779	103880.54340528457	11530.837649420671	30922.789835638203	20704.796504638056	27395.423057074215	23922.023404743046	34917.49954784767	35950.78121193456	29991.71591801584	13621.86351859897	10119.71380773342	25447.184951500036	31029.681939790262	69960.20646279107	104695.92086908076	15161.397639350722	50818.85155839426	144106.51653863018	73339.18937303337	25234.8092513378
247.1288_9.824	3282.94	7789.62	10368.18	25644.43	9120.42	16434.926666666666	14895.54	50590.34	3284.58	4525.92	3363.18	34046.2	40119.65	58963.78	3412.6	9737.1	15164.85	18139.02	9398.55	20369.9	17497.54	6832.12	29562.69	12252.28	37151.23333333333	15426.66	36450.32	4060.36	2678.66	3188.62	20804.5	40941.08666666667	56715.18	2890.34	12124.08	19994.1	7545.377777777778	7710.12	11155.4	19026.64	31063.8	49724.04	25954.18	42483.74	15331.02	97062.35	9319.86	14012.96	16739.44	41587.24	84516.05	50441.88	17195.14	42798.68	134323.02	8910.92	8355.26
247.12897_12.118	2016.277885813976	10428.492430245211	6796.986162612941	33616.619960644755	11526.058774956453	94086.78701337516	11817.430865067217	66149.16459086575	3199.2991052708244	1168.896200542165	6399.217018110686	95804.95160753978	86202.51199417374	108805.69175340024	2385.8242353042715	11317.682888058487	27612.25371759584	71617.08170360897	39748.4923643747	5952.457827368644	8885.28413574723	6595.831880431243	52030.920909065695	12736.867950776548	214396.4385037368	25963.99913277879	44784.31064278896	4654.639540401579	2622.9423265737564	22511.680834203944	62027.770867044506	272387.0163586884	300540.62864774064	1536.4764065844054	18328.69330612036	57648.3187080797	43154.77751923194	72917.34909905937	29149.695273337755	92285.37428164622	49350.81004217066	58773.17902278574	39332.677121724744	135851.16234042626	58410.32436961141	262520.6146990703	42290.61597073763	19083.71248006175	95876.28637282847	145666.66754408734	113292.53340802557	20434.19299607928	14385.985604025249	47881.32382407937	162953.7494665743	51683.80559919461	42965.0431205111
248.07616_13.554	189.9749870605983	1098.910308617414	722.6225132534435	2524.2041972290594	659.644813008532	2759.296663366617	1439.0591274666526	3449.7817687322113	630.8633651346182	191.0139133306963	1139.7234661101616	2079.2211293755086	3041.898093990451	8119.833300036944	450.5639731994374	571.1438549272202	2053.797863964318	5674.477281027894	7618.84309717891	422.7958331423176	1462.2162435002217	223.50874961062087	2576.3801124545066	2145.579415903343	3504.2114578220685	226.29809166846087	3448.6908303192736	992.7049838360439	334.9313359395378	1807.2988648055755	1840.9748678119756	3442.5160223164357	12346.648869173312	775.0101789390429	1613.4143743762397	2295.5866042715643	13621.847164322642	5493.044732235901	1731.9138769493711	4260.374376705557	2399.007255755894	3018.135639315511	1388.9999461654065	6659.761910836058	3577.2277778966773	7412.301226531604	2359.1314363849538	1049.611539777771	3023.134950521309	3708.356867157911	7351.930113026786	2904.2882523047274	1319.8262255823395	2802.4720379019027	6054.031597569439	7446.642337355043	4926.283605780173
97.02884_11.934	20842.80342215633	85217.74696237606	82321.8344041519	32311.391438149796	59596.77342904673	111233.22798951536	133401.55055498623	48903.81550661181	40414.20829070694	15444.982791618762	36458.682523856645	30386.007340338885	92815.3914797264	6774.7033114492715	15428.544557145473	40294.54059852536	7661.7831312564595	169.27197439265865	401.66513380714247	14418.659882650427	51523.812075957496	73804.58275744932	39457.53685018829	77501.07862202317	173660.1464240592	156957.15677924643	47684.49147534152	30066.03986214824	15228.789702150356	49034.12566470621	44203.06257530415	52266.498761232586	1461.2848266599897	13366.806229569786	30046.99209554741	5488.235016572492	470.1131734106603	901.7356161296681	23403.622332046907	104399.12005642088	91890.29543215835	40380.729595082674	82426.52408443917	147716.60029323387	159447.1830331607	42319.37899878587	33483.85953075205	17024.056649708826	104119.60273684528	40115.489825276585	63947.459308358695	5125.604609661082	26751.043271749426	60501.29554074401	3989.0078457335	440.5646285222595	400.5184987411597
97.02886_10.641	477.2204646464371	40264.23710880056	21037.509509061998	26397.718697448065	24643.730001947726	55518.79270705377	26756.820018990868	26403.840474893666	96.79003334456736	278.9694208396268	12469.679121786652	19319.84141048756	83384.01337876193	33591.26692816408	5362.6760086204995	24087.403067874126	31717.814687487382	5741.303249882162	1730.6417986648519	77.9665657417446	21210.994645315244	21447.746191121223	32239.70069467907	45791.121734271735	104433.53844578959	43801.53939240855	41126.146101276594	14996.198660198912	182.55923661258623	18066.612359514125	33968.824505501	138946.65130938505	9870.925956789677	5780.8143059809345	23240.52164235047	15484.690077874811	603.1423994977364	1660.4748841993764	12552.407411798204	41839.090751103984	26283.517291599564	22900.981417893487	38533.69953562198	55502.79936330682	108.46298457482719	28095.26715018969	12149.1562914503	11607.838549663165	44964.70856749706	21467.761282200423	56672.14357336081	3245.402635420932	11299.143182089467	33696.6835772088	17268.930402023743	300.62511900844294	12702.008058001156
251.1239_10.662	5297.66	30728.96	21533.92	23562.81	27383.16	80278.6	45003.36	71577.68	6392	198.36	10117.3	23739.93	70030.62666666666	6062.49	6554.6	7060.26	1248.72	198.02666666666667	75.71	132.48	15808.22	14037.58	38199.59	47172.8	99478.52666666667	56036.24	120936.16	9128.68	6129.28	10496.7	25529.36	37273.14333333333	5517.52	7219.18	4801.18	2316.76	230.62222222222223	51.04	7233.48	36867.62	29861.18	53977.52	52530.88	87942.44	54417.92	94421.34	11886.06	8842.78	34800.2	44454.48	34599.66	9233.3	14674.88	13164.48	2402.72	561.05	133.66
252.10895_4.494	41597.46	64062.9	51666.88	123307.24	40376.72	581373.44	110231.16	142429.15	30878.4	44690.16	46207.78	119750.14	1716743.7866666666	244188.16	34743.68	228215.8	163174.56	1294300.48	834622.64	24187.4	160056.32	44099.14	73994.35	91483.28	132449.54666666666	175648.98	180735.98	28679.22	28116.76	83985.36	153619.75	2449162.026666667	1130542.24	33297.78	208173.16	110368.98	882926.162962963	639363	53480.14	84001.04	131837.98	95866.45	70552.48	317081.88	110741.28	168099.04	74614.46	72997.02	102704.62	130210.58	1682055.04	264920.24	105804.28	339080.44	393534.76	564604.36	678783.36
255.10753_10.511	3381.8724334309577	11216.471914145057	11964.43791729301	66918.33784473955	11211.853249323356	88117.21254366395	16147.768525510392	25043.05260617776	679.7878958223744	192.44043987392553	7561.332994733606	78672.02733062815	239060.5573795108	108992.07232425794	61.67277736894779	41564.98750835612	125322.52407204369	24951.66327987054	4164.295021441429	327.1391585164556	24000.703781315522	19097.9919725516	63775.527053191225	41190.95793747384	329835.1199105799	34955.00888233892	58353.94005888351	623.2891227421071	414.58390294369326	17322.835019451228	66876.57615162409	394076.54242805985	27672.492619187724	188.98503213679152	32581.545010674632	54229.86885498613	2804.5515663537494	4286.421597019706	1556.4346622452933	15825.367907710965	15012.18882730092	9673.838733472328	2919.3218997265067	41314.59097662722	5477.635109043821	11845.030268506445	2596.1779451116354	158.20397141945384	16115.985693626106	11731.993042092021	132574.89090157038	0	180.839546287991	76676.4856196614	49843.977711288295	1467.0195713759554	402.2697124648868
256.08167_10.307	13065.530237725168	27085.49700826827	21373.616250812458	64767.85914711151	27668.22192385285	64559.53582566543	46253.36590220995	143699.6438615783	14027.21032584307	9255.726142856689	11794.400443612645	54895.248030256174	99946.15320972925	56324.62889851685	9145.04115857089	17747.09024068223	19682.03614675211	114682.25734035239	73524.09311137188	14814.643602974707	26172.680182587377	26151.25470431749	46049.8746062703	39308.705945109956	149623.9600190354	64261.926010726485	179500.8919930332	15704.733687174084	14237.582880600065	26202.16403221841	55474.084594677704	205856.18398783496	53963.771349539194	8860.12861779026	16953.67988191011	15167.579814340936	72540.13257899883	91140.97296992109	21528.146886288218	34775.33938284437	49743.62238968768	54211.30013708238	34145.77998729242	107326.96147479003	89746.16385048447	119740.51432261236	31615.840414805836	21191.51667702382	31655.225145673132	50022.051610214396	112679.64940219185	943.311465844214	27300.68109175069	34690.58525064381	22625.253745553102	24886.04024131292	24196.567781112273
259.08127_12.027	144.51690199932062	8618.570359741701	9107.291043704037	3251.3742382390483	6483.2218016982215	11353.538844682482	13264.750050401832	4993.709056470418	3204.3021657859936	578.4665592409887	2739.575184012347	3093.45459880303	9800.659423092544	2419.1771626508407	1061.0783216970142	4169.645103147822	262.5366330993378	1701.8006014933123	2425.0453445992043	776.8255598178991	5055.316204816192	6755.9229947962785	4056.011172512238	7922.37577028191	17578.974747622586	17505.434773031608	5098.580067832088	1683.408792233205	858.8705050670006	4201.432722463627	3494.6836553935045	5348.625383808268	4886.261439193414	119.91647407992414	2664.142473236988	130.5005862228464	376.23401391626453	3088.506947354615	1529.1638999717688	12163.376755839607	9798.504820728731	4166.37201862099	9292.336491809614	15628.026477293326	16588.29577620082	4563.778018005956	3512.415133595583	658.7265442538945	11330.080646693401	4405.305641182745	6619.112022113944	162.20178188249648	1471.8598366327394	5375.024402579366	38.42060931207786	100.40806710526242	1817.831485790204
97.07645_10.147	479399.04	727567.6	759942.24	705392.64	711877.76	715218.4533333334	824756.88	843933.92	716225.84	480298.96	589144.08	761361.76	1054287.1466666667	1512142.56	485444.6	833364.4	1325855.6	1924258.3466666667	2608516.64	660091.4	707548.32	807406.8	837253.76	875065.68	971502.9333333333	1006819.36	1096990.16	815913.92	605639.64	1054691.44	972782.88	1211065.3866666667	2589406.72	679504.72	851620.64	1371600.8	1631027.911111111	2732689.28	359669.48	725594	723903.76	592489.4	717972.64	746310.4	776457.12	705455.04	723702.4	484315.16	596153.32	572323.24	761735.6	2460645.76	677663.6	840598.72	1020474	875201.36	791391.12
260.16077_2.882	2363.328729590872	1149.5235626874266	556.3598941906492	1811.1051364033617	1330.2889244216515	2826.8172340909523	1693.1813501244915	4560.120598050784	1138.7223390858221	438.8290616178506	379.1272526367224	774.6712370168907	4851.515702602716	6088.810676001041	1464.6439257291997	1075.8141874974638	1227.1993441616737	9016.948779505568	4805.8180817801485	857.8258745846101	1140.6454894669446	3789.472453445887	542.4824780501701	2323.3941869940645	5095.701082116239	2007.9882597495723	3102.0914692376996	381.19041235135364	1543.6375884003373	837.795730507877	1044.5479132821356	12548.508410451144	8718.686547865585	147.75165378664508	423.2827048683395	1382.9902319936439	13268.831142676618	19382.40297597304	3665.105036315883	7699.076137250478	2197.092660256452	1392.8994241863977	2499.516894607718	4606.85219269027	4801.46715568129	13162.780624095594	653.7898434452117	642.5714215679624	7534.424148455628	2938.6454070419104	5716.053175478555	2451834.559787591	1535.1113416207882	276.29854873944606	3375.2635324940115	3614.525572362502	3460.331333033747
261.14444_9.206	20819.83319935944	16695.15301451	20315.488582441456	46473.947688732456	25851.33579689875	35589.16056634863	26802.6280168886	75256.33120567973	10811.862372168815	23687.374769575144	9059.752674196403	44560.09752184828	70906.88286813442	133534.47937547052	16846.840011118242	21228.31533489021	28887.423550962583	33991.457044675204	22573.497497208504	14552.01173909387	21518.005393788248	19137.049600895352	37494.49417437336	31618.318481859438	67913.48424314689	33370.425450221825	54413.14657718827	12251.060610741324	13256.338721954935	20915.027158595527	36769.2952188059	66009.45001916043	107134.53615015374	21794.121454310585	32303.701651608008	38655.325114306615	22952.93782577224	24024.447455389934	9905.080096863792	31081.843576145005	59088.53782769904	60230.4795201486	38943.40513778793	95458.83730922898	39702.78569193861	158339.21655955433	21183.127892909186	35241.322306243695	34861.1185869815	65451.88244036594	141634.15083087859	65151.955476031966	35836.3588361767	76969.84105401812	172402.4784002829	33958.92545044332	26269.56961144982
262.09134_9.665	95.72442048656725	959.5038562415513	381.74952394431295	1574.7967364172519	2729.173900584283	5325.739119302655	4279.684512604783	12835.950764012438	87.91137482645583	443.2437182549266	0	3230.884426684471	6086.899341817404	10920.116552555866	967.8336752508861	0	274.0729105965066	3449.294803750393	6525.404658932251	209.969662961064	78.92535052792226	304.45885285594596	3790.687824092415	5648.397356896714	1002.2479939904875	6550.408076424707	19296.26495516106	95.21998695464227	686.6003111695942	0	4484.954770546105	13825.92303993161	14974.348527194783	96.13389079198416	781.5670711872448	2477.33761469443	825.1030769139998	13982.633055955252	964.1823208757078	964.7980642040977	2594.201957376067	14549.450112929246	8931.809158874874	7219.828207323281	8464.82589357484	24351.91617413494	0	1985.7077084627897	2905.7912866971906	5404.177251455356	9252.196458882589	0	1278.8027241551438	1201.9808000173743	6435.0385541819305	6170.840891191754	3958.943600614137
265.15472_2.201	927.48	600.6	555.96	2322.29	1127.34	1702.03	2885.9	2311.39	713.32	667.06	3261.38	2405.66	2153.04	2593.2	4165.76	759.14	539.74	3301.7633333333333	2765.84	602.26	528	2545.82	3848.46	5240.18	1640.52	899.16	1208.48	855.52	715.6	745.74	854.76	4927.25	4342.56	1083.4	581.8	892.4	8389.481481481482	2793.62	3260.2	3756.08	4001.8	3718.85	6775.96	1867.54	2227.76	3046.08	118.34	767.06	7832.34	2454.72	3035	510571.88	521.54	1003.64	3998.76	1780.42	2111.64
68.05009_10.155	19829.93894384874	28976.080092200376	28391.545436341294	32137.803679186203	29064.930239221012	33555.430234531705	35085.085088713626	37666.72958370628	26454.32420760697	22185.94308068105	22770.374754363173	32315.703837747267	49104.52843440198	70785.22864722871	19331.969170238834	41795.92596030497	78975.62692545986	84830.33574402663	131315.58647605375	25129.371267292034	37114.01819003999	41802.651516067956	35284.169913854865	38979.650969500995	43626.530571746975	46092.79756293888	53223.497264957594	33904.517374974304	25711.852867541915	54419.0715878086	47226.25132117959	55686.04401572099	114618.66561486237	23713.021905489382	37536.7418198785	80738.75005012962	76056.28382039853	128932.01308783541	18583.856340313472	32873.75994156687	27374.02021428	26789.119203973078	36497.38075283961	34193.96191217488	36471.50820658502	32887.93210010917	25760.19268123155	17306.969788289	25486.972608891003	26207.815464356336	35884.09442725649	121730.56281453099	26781.95750532035	35429.52310347736	45366.497582341166	44476.41497954071	35830.073313838344
268.10349_5.488	1828576.96	2146431.84	2030480.8	2686056.64	1917572.96	5327504.213333333	3975217.28	5291781.12	1478938.08	995309.04	1246076.32	2122524.32	4551330.986666666	954118.24	1560912.32	1553402.72	755072.96	2967097.3866666667	1941812.48	1587025.28	2188996.48	1940275.68	1812180.16	3310135.68	3567103.5733333332	4785042.24	4920893.12	1450894.4	1449770.56	1774114.24	2459498.4	3019790.2933333335	3481432.96	1413256	1722873.92	783051.04	2344755.437037037	2189299.84	1955240.32	2691478.08	3643653.12	2694096	1736968.8	5447974.4	5264266.88	4703120.64	2060146.4	2056684.48	3101637.44	2376065.92	3399986.56	5175872.96	2415899.2	2748200.64	1889180	2016965.6	1625712.8
268.10397_8.097	264.8367877741222	278.3394085495612	284.749500660735	4887.434123102579	326.7483986055822	24375.785189362174	3355.6671208098687	7554.48207823378	464.87971945109365	457.51559441033646	1684.1862434472143	11920.632122600515	90935.42205833108	48682.296037265565	3274.124058531496	12934.35182374783	19956.54530632283	134320.89718302392	99347.6225716306	1422.0526469569556	2609.7424561234207	1649.1984207656742	4385.516558342991	5545.24339960444	8238.447689285551	13770.842513963342	6941.980652920412	308.770778398007	222.42641789271138	2353.909838922634	14656.250503322715	191580.48791161302	90754.41439421683	2674.615587588689	13180.24098266905	12497.01315465504	70899.26601520831	55248.80693467221	682.9298866238832	11060.42204165246	5029.188493116003	4716.25029219367	6578.592596759168	10336.55473604892	5821.622032714176	21623.821789427147	2063.1567544894187	1461.7508873033446	5879.853965186885	9621.75678476074	103578.89009144025	83230.92934468757	10278.488872236023	37999.42706347038	21485.56515586785	39971.10330897141	51709.10731955382
269.08691_10.511	3470.697652272499	33570.464980508434	18136.465439092077	10900.826986766851	22545.009054954608	26843.82140950595	21554.004202859538	16607.02409780815	14307.6671216633	2857.4331257036893	13666.792200241154	11708.396514384385	27672.335117375653	1945.746684878738	4391.161081111234	9775.102621354394	913.100529642627	195.31720987029755	0	4344.856789649574	17715.88990679397	16076.0606414683	14098.50652333118	34340.243353845384	39555.30731209162	33212.39822441028	26548.229327311907	15889.075663588243	5447.207808026116	16313.240058223178	11916.78096298861	15544.359561042578	153274.09929727347	6274.129854256697	9993.220138755862	998.9478273426764	161.21001545351905	349.7787663297017	13340.33794567235	41760.77610658563	21358.477309842878	19058.007320827895	42365.78251247142	42666.239569518824	28700.42921477638	25321.527686602065	13049.268164101206	9102.824441301327	39259.81507884482	20103.245109753356	22184.0279276792	29804.271656348257	12938.700203664674	16603.81171057244	1946.2456997405766	110.91326676198723	0
269.08798_7.986	442.21557289904626	5337.0911486899595	8518.509909534563	38363.83197719357	11295.578346820339	61831.91885591054	40383.285000535965	151311.88790400617	1454.176333821473	693.5661705685786	1691.527295297995	51853.44603924185	151188.08421019727	175267.38522582065	2883.641763790781	2392.462667034926	19495.166333610763	263411.96911870193	171291.78967589064	2017.4424428445827	2724.5178363190666	21653.992102630786	15951.003377103061	20555.06487754495	231521.96493102785	52617.35904549239	127390.39597201423	8805.764408742169	4427.601231560284	9873.24164035189	31514.720462375393	220497.42205101444	135159.63596828107	2149.48736116116	8871.01416481682	18497.60877799869	130494.59994181794	152833.59669387757	6580.908208277629	27165.35770879667	32819.48337314302	19928.58938444343	6108.095784721011	129558.02009213222	116601.05294151243	119491.23478204588	23750.89702126073	4377.627837911129	35389.071524305495	18245.86231176185	160939.61878251296	219235.01737624264	15682.468351530684	68618.39697372385	40392.15103713992	11784.266556155662	35760.787689015946
269.10764_5.833	201558.92	237325.36	225662.56	305922.2	217733.74	614284.32	446169.36	602003.12	164307.66	108525.1	135705	236726.06	518494.82666666666	106776.89	169775.28	170533.06	83378.83	338879.68	218287.64	175787.92	244403.92	217790.2	202620.94	364106.56	410535.76	531533.16	562395.12	159830.78	161714.02	196825.66	275504.44	344577.0133333333	393116.52	154992.66	190953.36	86640.98	256606.25185185185	242562.46	218413.68	299274.14	415333.52	303025.24	191099.38	622695	593369.36	532386.24	230850.94	229854.76	342844.28	159457.56	386514.04	586722.88	269613.52	307272.3	210475.1	223856.8	181921.04
269.21112_1.873	1948.06	2181.32	296.92	3203.48	358	2755.7633333333333	2233.5	247.49	2573.74	172.08	1637.52	3290.52	2431.6833333333334	76.28	295.28	539.58	1378.05	4419.793333333333	4744.45	263.1	1178.4	199.26	1472.17	5944.28	1639.7166666666667	69.14	2278.91	280.9	107.36	2702.44	1426.71	6105.42	3784.1	4648.72	4074.8	1451.21	935.8296296296296	131.32	297.18	3333.8	76.54	2925.64	7947.24	1628.96	723.3	1988.94	2930.26	2392.06	1455.6	2535.37	2830.74	2668.68	151.58	4329.24	1058.63	1152.09	2743.07
270.10974_5.578	15219.22	17957.44	7027.76	23718.6	16813.36	49286.97	35017	48514.3	12026.42	7176.86	3839.58	10686.46	41518.66333333333	7723.2	11121.5	12628.38	3013.71	26172.226666666666	16833.99	12882.3	18344.4	15727	15884.55	26871.46	32860.01666666667	41416.48	44671.02	12726.04	12186.62	13255.6	12108.95	27269.426666666666	31164.88	3058.92	13746.46	6303.14	21226.77037037037	10086.36	7779.48	22873.16	30720.2	23801.48	13175.18	48709.31	47816.44	41722.83	16882.04	16162.1	26668.76	19727.57	30227.66	49959.44	20630.54	22665.36	16154.64	17423.02	14381.08
272.13406_10.679	598.7358571980757	32714.00727123351	28788.953685212164	156520.58344900364	30796.904879119815	222691.9216333284	44360.29616250601	68334.08602414855	3144.790757035276	1920.787852573322	21283.447623326676	186735.12010636102	560844.926357569	274893.4453804177	915.7468008954694	103660.33211322388	328240.147409606	62680.427150191594	11767.978233378415	7273.339692738275	61131.75098959964	50437.44075826671	159833.68692981044	101476.54832638596	818655.615883563	87156.87477340139	154501.78879197218	2713.520222833834	1106.9754040967186	47714.65664155182	180082.08221754216	939321.4115827256	62668.58253222771	1211.173043273078	84073.342916604	136230.76405090446	9076.31049565326	12569.19618137712	6560.212513134436	38027.88418637242	40450.246437735645	25156.410410623594	7274.117131763382	111115.39725367879	15144.358037473998	29864.727482776387	7976.593367990837	388.7150468283638	42720.35821508693	27353.625576313636	341125.2495323096	114.08808575482881	1015.8001548175931	195085.27783263737	120092.72142547149	4754.4594918502835	5015.173622384087
98.98444_9.803	808.6994298418573	5417.010023139004	6263.794713315367	5166.808699888779	4073.5184845214535	8964.162473836497	7730.55994401231	5241.995780045856	3669.044273095603	3145.313102507912	706.6603364752813	7180.804614756776	14106.42948183911	19414.452083713346	4470.89015965031	6966.3069375900195	12322.851068624705	39226.65335054869	10423.947812875764	4056.540860863052	4438.229776262942	6494.180846216897	6592.03326662854	8282.527650728598	8848.209151957739	8854.441468254212	12077.003012430821	3110.935816868134	787.175627166835	1124.2046540637527	8466.67143759416	19608.02340252999	30496.04812557532	2759.0441899711186	5729.054184695202	13475.587323333115	13525.332500131179	13024.10622559477	3457.5315139664226	8746.754447094263	6757.841858624206	5988.216936116746	7529.507880552069	6309.243642225104	6057.976933815101	6517.40812268968	2396.6925949316255	5008.8832714175105	8034.168270380282	7165.193490233662	10556.508866593726	2968.4909311227057	4544.766383521089	11672.130501045503	23898.51441426096	10238.33648085272	6902.785729165581
274.17621_2.716	380.18853539323277	252.89900785152494	228.786298688641	1172.4621391375777	589.005906541373	3166.0503612105854	1386.2917489977856	486.33449384485647	449.8799117030134	413.0389708140325	1100.3527110735768	1105.7854495030201	3800.568941411973	5891.70805856748	480.7016920261469	942.077532897743	345.5755005762156	4410.79341589131	2196.3379335500417	331.0377289150099	790.9323317046022	2114.6878897702727	455.72230113664125	1215.7845962723165	3462.092006026452	684.8265837576113	3784.366521052804	1260.7633341848762	101.94734784202633	508.88393414497034	209.82148325710259	7250.766259999135	5910.377922136084	220.7084978182221	311.4689219464461	463.2952441901013	7838.406866018962	1801.0126450839316	2760.90295065869	3563.6110552818495	1419.5424248214665	2036.0962025234926	4725.080871605497	2537.051435189528	1001.7618879734417	4912.483916516107	77.58590808789235	117.53748846586325	2448.542482137421	1669.0133421932153	7511.128139577838	254888.3931300868	2185.1369312862025	613.9052313584086	4446.548653585896	2598.6377654603584	1204.0503797513034
274.18719_10.62	96.44512783677531	58.32521685591041	285.2157001030038	1464.9070941580221	325.4958558324118	4292.549212000901	3878.221914701112	4993.226371034905	0	100.74090264437903	148.2051594439901	1005.9362028777207	6887.326649186057	6417.550469424608	66.40289150707927	140.14437206441266	739.8056449505207	13743.805456828628	5065.824570970225	1250.0877911173511	409.72440118545984	733.7245107386121	1534.19720036599	1852.33749702806	8528.91059444484	2786.4713546939684	8287.92044593956	509.2103398275833	0	126.05115884931261	1922.1562788248636	20400.91835775099	11157.941959752308	0	157.8114445979334	1579.335996139761	26933.685440857847	6272.092089868547	729.8151199729957	1370.0545997001325	1236.4979258517249	2583.0506160048285	2335.161676609524	6838.186294219659	4607.338992841472	9077.456640110984	1051.9585991273157	266.443954654942	2249.7882133929943	2949.2663144897165	11543.836990694726	1302230.258807454	485.9767031261872	2696.179330332699	5459.555299732773	3701.8993532830955	2750.933878228692
274.18726_11.268	446.4690466116125	76.46843180395271	302.7736351324924	855.1245874641953	203.9365307638881	432.3587784988985	665.9951314237111	3291.368359237583	0	101.21687266679993	125.74834759131299	1061.913103717356	723.9442060107963	3022.446735400536	79.9082324590769	152.80777540009217	706.2977600873259	6220.376077613786	3836.7270485614868	1264.0247662471006	416.45732008046116	2558.1186078867263	403.72542177869815	664.8680594059806	1970.8976950680744	3104.939396575808	379.38858131345955	495.2325596933234	0	124.00227984418694	680.8554070530928	5203.423791612349	7294.392886410841	0	120.22805892067531	1510.8054711893162	11406.9106199885	4356.995328541021	215.0886121461982	1054.239030821208	446.6563919953364	959.5912427767378	2437.337626471295	1827.6687560594676	5119.4567745844215	3198.3992585696797	847.9509968903071	295.4105402090607	795.5905788066198	2710.1205431301223	4940.559115776047	261240.1807634855	505.07358608914626	538.1761964988593	3979.0322085122543	6050.984756271276	3485.550305356725
275.13501_12.082	1069.201946845949	11614.021644923861	14978.670244701023	16394.116798148665	30127.51090032181	14405.741004232683	19692.5595259104	42219.817149833354	7703.278780359884	3339.608559882622	984.2189604103572	37544.053512206956	9452.092219052836	10874.743856848647	5686.662052161001	8463.475980637402	3188.8262856169235	10024.532102325798	14320.37228889272	4323.120418400443	4238.065457021624	15321.806795753413	25396.08092188632	18636.345050795968	27575.97821784703	28877.403989708135	29162.523760545795	6741.883335104337	502.69328680148436	15137.557926301004	29864.973770275643	13318.612720081826	37824.53229733603	644.0808833465945	10486.39508253359	6600.634757911469	27739.028371226286	14137.145397773596	14178.652793059739	55335.55255692522	26846.44076910405	43834.74575350151	29173.593058141087	28348.83860265888	37067.11352945629	70327.2227205112	23612.8053184628	15343.986260513084	63778.673059348854	86948.81448366426	13670.482247937669	15005.169936623672	12441.560794721854	20677.31418697299	19198.327357127768	38377.924243615984	28941.162285540206
276.11871_11.35	436.1944868524877	31632.437514781264	21312.97949191479	19631.783180737657	19541.19637001777	54250.99549675793	33054.81907042082	63281.87733924566	936.0252901237831	115.01910129574472	8528.374001773707	23950.442757979683	43316.45135898748	13845.837742469397	6281.237253448828	6122.303986762796	6447.58016903503	6832.424020502616	940.6209203087076	851.5844561403162	11397.127161176768	18297.776078299226	29603.112804934182	27038.664636557703	52445.30775909351	42024.357051402934	76440.02274158335	7759.761738488262	7647.879041341661	9955.595105545706	32149.495820152057	24889.45499818641	8813.599954733905	5838.699029166668	6415.7162059817065	10391.81375618682	1517.842193094155	3169.7993300382013	11112.131382239444	26423.14028841644	22304.10559762373	39373.12092332365	34318.831291198374	61358.87629864845	48222.40486448925	75591.95030605368	6505.094767033613	7709.019482410197	24151.692600931667	33123.472543536176	32029.512813727542	26692.450008589505	12927.865055527773	14164.082585167287	8880.098149418212	589.6274885218172	49.70807261443824
276.1806_1.974	2254.488010253981	4107.905681469762	2268.562300687871	3677.029696777058	274.9131557809135	1713.280512894055	2814.5676243716566	2372.3421787280267	4318.165978612552	3009.824349037348	3562.6498123262413	3518.719586873299	3116.390424051318	143.1315342351609	2198.332256064986	4521.3657039299305	10414.34543910982	1758.13265613736	1585.266168081193	2587.8841868818945	3214.817504186597	1739.626126532524	2311.564954783867	3711.4884890293165	1303.803062580594	3871.1223945822167	2246.3692364677813	784.302303042233	1983.1293478750738	4221.440682055099	3995.8531191954517	4326.216920090092	5699.971833692347	3006.9740435560757	4607.9715831311805	6166.871520351582	2856.711905041639	2341.5245172773157	3679.9465631552976	5200.860061760874	3403.9675134614226	1343.8351218971939	4453.01744609199	2961.2706865797427	1028.6294811427051	4063.1847600280394	4025.2412136738512	2984.970446122812	3711.943209629224	2949.061720750451	4933.18488922772	6483.223975020732	2922.0630931514083	4253.029439845436	7296.684376901799	5459.280633617699	1438.9830664564372
277.08932_9.992	10581.936180102473	18838.183315155857	20680.573065590335	27486.396841105558	25325.544913973663	41232.248265731076	32022.022764045876	40618.94538807045	14761.527722861587	9723.129880936582	12948.549690694848	47871.77645483178	67736.03861735664	87520.91726817745	12552.845116203167	20541.079348869727	49144.82649677593	69971.316222584	30748.64407880021	10881.583817313049	31216.533719502655	24073.751976501317	57011.94856344944	44643.77395096488	65932.68613731643	81510.10729321906	56833.271714637995	15593.519757165617	11152.926079899971	31702.764287067374	38620.58767717809	97975.1488060405	104518.72920204874	11440.423034171288	32909.22883115427	57083.86771627203	28964.93858360974	44835.224991962285	13621.61802743619	38886.128396936256	49280.84603792868	50681.64498931049	44640.6081986537	39776.62554850137	46026.980402485526	58177.75928499489	19339.358160140757	9347.614530752631	41223.488102149255	40722.38724845903	57639.75512125668	2038.6080404794118	13120.682598857984	31302.414289423818	85848.0942873637	34133.668280353115	17271.313535178346
277.08936_10.619	17784.10559950722	347881.7921129944	453066.7809659033	1599843.0304642888	454862.6242506946	671969.2155041937	576217.9097544511	705555.2454416034	56072.087112899826	29899.13550917809	197918.22397717182	1855251.5994906267	742387.2752475296	2379190.1561489995	32401.156496314863	1398829.4556029094	1945822.8049545046	718881.8121435416	172947.49849280278	21987.338131334935	694081.7115649245	626240.0453481822	1492887.831436867	1212238.1569599302	1793678.9203916725	951616.2884575995	1164667.68599464	52859.59571907719	27185.179614607725	423285.3802995953	1395636.2284036952	2818798.105288312	1037668.5462238475	30030.419877269593	1112691.8206263299	1307437.8622141902	64010.574416244846	173505.10881893453	32573.892272727713	473117.3476452024	526913.0603567406	294540.98428585695	127311.1663964022	762951.6569045	178458.5202591494	317935.3998201108	132748.27806265894	26850.225765628285	503260.91856625385	334973.95458839135	2342547.9450933426	30817.234739965643	39770.845980367216	2411904.9721802	1482116.1730611676	49761.0922141765	54651.345335568876
277.13925_12.373	3000.5018249209847	4563.755749721796	1343.2776480463278	9561.899167993957	1944.2080486932432	11717.102023410042	5442.156807716894	23131.289834684478	2269.337086123396	567.6554906856829	2154.6007021166974	14434.81501222319	22437.12859002604	57947.75086719947	1898.9064031190665	4440.737516565914	12793.61702732404	39934.38683488002	28459.2717372798	6919.610233596598	6519.317670565094	3687.750410020813	12268.480937241537	3519.452285080611	27529.904644909657	6863.162308728547	20414.062006017608	3038.1877666600653	1122.5380881587498	5929.347649490491	11504.787698553617	36267.89416682902	72293.46402196998	839.2153556604898	7038.254241698177	14794.125247794516	38810.51515067534	43202.53822034538	6750.419846486869	11455.478282621405	14519.240761188785	14979.329119545648	4829.217379640516	26605.826925875455	10990.305740842336	41110.302177612524	7112.985587300953	4510.534314714671	10212.360464702617	11792.3659911287	42871.36034007962	10404.933200865366	6243.417469120999	11418.842819741198	43987.5543177184	29737.75517961991	15793.203992205936
279.17032_2.086	1228.98	331.12	299.64	1831.25	1117.98	2101.4733333333334	1795.32	2719.76	116.94	1044.62	480.34	1361.83	2862.6866666666665	7005.36	322.24	87.1	4196.32	5270.81	4008.93	222.02	1107.48	1336.96	3565.84	1190.42	3111.4333333333334	1803.96	2200.1	1321.86	335.36	623.48	1370.98	6424.99	5386.55	6393.34	715.7	1092.73	16508.596296296295	3749.23	4412.82	4515.76	982.68	2112.04	1530.18	3248.83	4273.74	3452.44	980.66	713.94	1396.98	1660.19	5349.32	430970.24	713.08	1264.4	4101.59	2981.29	2175.48
279.19537_1.808	169.68	62.36	68.74	1459.17	0	1772.0266666666666	351.9	84.95	162.08	0	65.68	2202.14	2443.5	0	94.5	356.46	1169.44	28830.986666666668	8366.54	0	91.52	92.52	1017.02	1957.46	516.01	0	1703.28	0	0	1229.86	962.43	5183.993333333333	14314.95	76.24	598.76	838.55	2952.385185185185	1122.75	0	1015.44	99.84	725.1	281.9	439.91	70.68	1646.52	0	103.72	386.48	1311.47	972.96	2776.78	0	451.68	1729.93	887.77	1704.7
281.14999_2.648	67.20734116963284	255.2962365811596	379.36941647457314	797.2763086817712	133.34065727993945	1084.2229972100201	446.5560211290218	1095.210101489925	549.117324784034	125.65203394282545	401.97279904031296	624.8724654427205	1217.9106067278672	2885.3800123717533	190.37710283941158	328.5847413107526	224.77151879614203	1230.4441842062975	1750.1505697557454	156.67598972242644	84.40302839676647	128.49622097153258	340.1261042302416	1605.7464811966263	1385.3833702829515	361.7123264203647	921.8122362262455	587.1186694500925	75.67608628739745	694.0587076005199	431.8944695888969	3574.425612607707	3161.2618882562065	174.0903293553862	123.4704206789991	2130.7848649860634	4435.08382057293	10638.812034066084	982.2747357132695	185.31552720458384	1253.939370650408	1122.815157051983	1166.246415288951	1321.1725271010198	1702.692596111793	1282.507810243576	317.3546312367888	146.26580527068057	430.2636576543329	722.2168117137196	1876.4361948891924	228247.66985105418	807.8978591406869	207.8897105527811	2990.825896657154	1118.1832489532505	1322.600721086433
284.09906_9.561	29288.638173390973	44284.15752445965	36492.698017281626	54882.69447457828	31267.215856290604	136884.43481510947	63424.529772321155	123823.77745739408	26458.19949347971	16563.279141894687	24638.02671116286	55824.009347057334	136474.5809208719	128922.14370087534	16467.538025375252	41468.56474537321	31500.480711855736	129200.60134111658	94256.5050898678	21944.606159868195	46454.18118809807	59258.01752077433	31596.991848927777	47821.14209756447	145547.8198916568	83442.1406357358	129810.51890734982	27753.664712788242	20838.714857377738	49271.447737862494	50415.652914419465	147474.40237997074	166899.94110878248	12592.0791867501	32703.98430195822	21851.356732232965	143151.24665268668	107605.57793657732	24009.175713725057	73391.56409487283	103188.11000974201	52152.547074043614	33067.919280091926	151979.24207246763	110401.82898694562	135695.89863958288	43111.607688263655	32025.261380306725	82234.67667515646	52498.39488535013	171715.48535231844	119172.41972976524	46425.08552566355	69873.27082806328	65154.61787056145	64217.93607968175	38326.79291537139
284.13522_9.36	3280.4034366967417	4303.554338212799	6140.13770924084	7764.182418212275	10626.965732595556	2489.607557695464	6587.559195742002	2326.3882088761798	2626.6991566704564	4037.8549307779335	12095.694645856875	7262.717685313146	3169.4203517940696	973.0695533727085	5120.218122989923	5695.451415041086	13989.037455569996	5299.271175967473	12181.305600281421	3200.9117767076655	7441.879155208778	6673.799018094662	5357.511629774435	5382.612356937113	104899.55642007217	4385.7069896207495	4180.261406977968	5119.54287452512	4489.468955259401	15553.84321673804	3957.4097131832245	2105.75666361319	8757.891139248739	8470.2539265543	4932.125985977731	6095.23655122514	2949.681755860709	31923.267045402335	4059.033630656642	15623.364006261168	8465.665443906288	6850.237221694048	6355.369820214186	5112.912306173893	1083.2612605583367	7882.797973456568	8381.602815347956	4195.991696109296	13730.459900510881	5219.671866689863	5861.126730817083	391366.96374747326	4707.488225961685	6730.090159154263	3913.7232381471695	21536.60599140747	4175.958033189387
68.05027_10.006	19829.93894384874	28976.080092200376	28391.545436341294	32137.803679186203	29064.930239221012	33555.430234531705	35085.085088713626	37666.73915298518	26454.32420760697	22185.94308068105	22770.374754363173	32315.703837747267	49104.53139284649	70785.22864722871	19331.969170238834	41795.92596030497	78975.62692545986	84830.33574402663	114151.54813327672	1618.8639403873372	37114.01819003999	41802.651516067956	35284.169913854865	38979.650969500995	43626.530571746975	46092.79756293888	53223.497264957594	33904.517374974304	25711.852867541915	54419.0715878086	47226.25132117959	55686.04401572099	114618.66561486237	23713.021905489382	37536.7418198785	80738.75005012962	76056.28382039853	128932.00357868776	18583.856340313472	32873.75994156687	27374.02021428	26789.119203973078	36497.38075283961	34193.96191217488	36471.50820658502	32887.93210010917	25760.19268123155	17306.969788289	25486.972608891003	26207.815464356336	35884.09442725649	121730.56281453099	26781.95750532035	35429.52310347736	45366.497582341166	44476.425904059644	33720.576708332585
286.11331_10.461	163995.92124655162	1140114.0653857663	688090.6286491998	430363.9533712732	909392.3683869888	1302493.2038592338	1019151.4063120803	725908.8043050697	595787.9494597248	135435.9796258888	673849.5386091669	416983.68081318366	1250106.4848376508	113409.73612929838	175858.20186338463	352633.75032757083	63673.56731339388	337.3353049318805	997.8765958196248	176340.0734660796	648988.7047451121	634114.8007583722	604109.1616261823	1287829.1151326122	1415884.5752667086	2241200.840721226	1284564.641812	718564.0293053107	205733.4110890739	898545.8647569342	517527.25628009153	969281.7644147108	51034.14615498208	265008.27048967546	380225.6312329155	62203.54532579316	416.97372050458165	41.70356227473109	480538.50850817864	1421397.9808009109	852221.214900839	785201.9004143318	1323549.4480346404	1670758.1819296912	1127684.317507228	966581.2720406903	526025.5685300227	314013.0665786504	1486517.6152361662	688218.0846123004	993633.6318226341	18449.39258110715	460482.2227322673	740489.4201193164	78495.27887470619	153.5820166363178	130.2684651686234
288.20331_10.427	2097.7079939202263	76.08252376148795	259.9704757034883	1553.5673915448563	1686.7590746663411	3656.3306254397403	2860.885758110809	5510.370602630167	238.98478200676513	0	0	138.25427259460616	5505.101962530935	3719.280805662765	74.33922805697212	107.25736295350693	382.18938368495736	6795.042852683512	5253.249371645218	89.10320697420981	108.87907109768277	6618.472997179225	1351.2522803388001	1055.5052511240544	6594.459656559143	4917.742390984978	4357.368983351906	566.8294146560565	89.26698725366688	175.95610839918237	1167.5621701596383	18784.49046991053	7209.270740842263	111.6892487706457	372.33159311901886	1078.6961744776481	14659.767739371213	3223.719112384219	111.4563929881579	702.0709683618043	706.2009413535945	2271.6125809084974	2588.345792493246	5180.642489302658	6622.938411258181	4397.358838695573	186.40138591169907	330.1042118943036	1206.3282463719518	1958.7204015249552	11549.815864835748	1210407.15636759	707.2998121945437	1890.3547368895431	4436.5265852133625	5090.197729005739	3569.7601813176234
289.09177_11.921	3755.00671058808	18914.60049433062	21364.061998703488	8288.445109257389	14810.966534883102	26692.18599905762	34337.010480032244	10807.558590128418	8412.452119485208	2851.686835684485	8808.443635120993	8013.836734468848	22978.437372521515	850.6478598529771	3296.4610421954444	9603.31515475832	889.846978984175	48.92067820297864	0	2914.2432586805853	12537.066616680762	17523.994181438393	10186.542609028722	20794.498040144103	42378.91671025772	39976.77665416017	11537.214335568127	6862.411461073198	2787.428735122194	12157.538189205206	9214.657045244227	13220.265083269127	107.69834795988763	2289.2887655149734	7059.317598894945	634.5904500529948	380.26857934584274	0	5587.06350192977	29585.13831561923	24382.75917554229	9755.142734718924	21824.334519847565	36376.70027631006	38886.96729356125	9938.963897092312	7840.2883308070395	3243.356113358187	28087.43193956533	10462.882591246347	16389.769767008154	2777.1306268244625	5924.022884282698	14498.521927866812	177.68652750796227	0	33.472062310330244
290.13477_10.439	13245.825527839173	33222.55488096174	25765.956563713924	30957.214144076424	32287.967595883518	101880.36815640386	53092.86559688799	69655.96743556789	15986.892552758252	12262.417891969031	15335.932465268355	43410.51541463348	95337.5947210088	11766.800083117003	16635.670026762247	10118.21937943648	11907.443278356424	2385.893900427646	305.4200880636481	14384.002223993843	17311.792043304424	19269.73819811883	45563.530943275335	44524.9884657282	114861.9262903172	92190.04130828156	105643.9534362443	16621.45178522274	16070.132877777522	19360.382221999615	34312.47118776545	72264.16428732713	7672.366022326697	14619.964416819756	8687.61043532432	13256.179429134672	2168.7714797807107	2094.8494832074343	28007.166491321455	52262.44086308351	43382.929814560084	71872.56810512094	69276.74800970484	87101.90394363174	72673.19368501984	107298.88846181435	14766.154300331029	15043.262288040984	53819.34466467584	63950.16783523217	48895.1948346264	10354.496492529688	24847.84977937547	21933.071277880164	11064.408575262436	3234.2380480821575	513.8865811908596
290.17105_2.771	266.15321119486936	413.55995530532067	272.5225977935603	846.0696125704167	190.45644813506453	1472.4094189200816	995.3446991027952	2505.752451540014	91.06846650139195	174.26307403818285	274.6013950155537	1049.837036939481	2539.752346320965	2018.7136327986516	571.6280754812899	101.16660324596002	437.16346811305687	4546.049235738786	1371.2854743634362	240.91924670471914	72.89739939656279	1619.4809525922537	2092.958813428279	3483.8953120393435	2974.431866157285	578.8813041744436	1764.002092251333	222.11412360712959	59.32836383843691	313.0568871890525	603.763563966485	6482.133689815509	5188.688901702803	434.03418721516226	282.40617738655897	575.7995999961772	5506.5781608638235	1558.6203685720359	2649.92225907511	5480.549338856185	2828.921649933114	946.5358089252529	215.34333606970372	2315.485832078556	2011.6273870140724	4412.0969554903995	138.95060716369053	406.1117610627846	4504.1118871278795	1162.0726951661234	3564.76528956538	196995.16504358948	1021.258416327241	434.067938438583	2770.241390921435	1730.3395107719064	958.3989466927666
69.03416_11.945	3581.7191231740358	14365.682385186099	15256.477327161636	6077.939912122945	11108.672475369758	21701.740801552227	23700.61341963108	8322.327127180342	7119.092052158102	2332.6120012573742	7150.671099312329	5525.464163996296	19717.639053122115	1180.0105080949668	1983.9285344166462	7350.494840535195	1123.2274201115545	378.79023389974776	340.4605686895647	2166.544244242921	10523.219747426489	13446.698394686227	7275.7970439530145	13283.40751653103	34380.29666283483	29346.1179259165	8451.55133924984	5204.342519874066	2666.9940538119113	8797.557258729345	7419.2846385685225	10259.904069465338	390.2136754774378	1955.6378314534293	4573.426221890314	611.5755603852976	358.8228144420957	122.95078041072516	4081.5240869374907	21500.369959921183	17856.626888752726	7586.311923867075	15047.087620435716	27671.290383807216	28624.337418334242	8118.562948311451	5698.680154038326	2501.9692353218397	20508.57479761697	7816.953675774641	11882.765104227783	90.17274856195868	3686.56301603887	10765.51722296467	816.4672497496472	47.08178000658747	34.689951854558664
293.06332_10.615	92.11969303512586	94026.66370771681	67110.66003037793	81275.18350294995	56222.74423966816	25424.461159003815	69032.00267253735	42514.788150661414	37643.220026980096	379.6823481847038	22159.914940651128	63460.967582530466	34385.17298308087	106389.57141088389	10894.342281356305	92048.18696811258	114992.0441441397	24369.58585614895	10045.09184856048	6660.470339545631	58569.17730526008	76168.05769590469	74114.55290652697	132629.29469803226	59354.650877096705	114232.9697176824	81287.37159774605	26099.8906184395	288.0676130687332	41083.95778769702	90846.2301547367	122834.8850202132	36248.558147246906	7400.025332800411	80878.67220262602	58761.1199038853	3000.951161761312	5191.077827030266	34309.74982975847	124519.73234485088	85481.41562098384	52359.826707025546	104033.04615343477	85928.76603691904	64909.885716297256	65498.641512955626	25813.34944220423	18112.3057376661	125025.61810969455	56743.259235518475	117153.74126765976	301.7450689590398	20157.280173000334	137959.8192285164	67828.22468344528	1179.350084093044	737.8395423074763
295.11356_11.243	18295.05970744377	57536.89954719113	26166.64027135403	33759.347283669704	36456.15251102703	20415.495979531846	36403.94420195426	47316.398261133945	17899.970942790875	16286.472716738803	8855.524902572255	52357.56427214138	16340.029606531958	16859.632684642052	21420.577333654357	10061.477293989015	8248.35811178619	14115.74881234791	11253.959483868033	17567.52383886527	11392.769940448727	23544.46484761007	41551.06096329228	56050.00689057613	18078.632218038216	36072.146516115645	50327.49934698883	12755.914847595277	20050.843053325534	11141.176615330529	40877.17324415608	6312.077799379616	21894.197862695775	9572.58236941761	6517.811280417598	8703.941559292018	14370.215901076992	19102.144528668392	44622.54794437172	62304.9744870472	42907.16543996395	60228.56157078943	61354.16763960105	52021.34978298047	48524.17902646544	59356.18317004513	18532.32655144533	27931.009537371694	63635.353465790104	55926.61846344838	33806.65711064128	0	50069.15978722698	19050.36969934681	15697.463885934616	8561.6024601493	5910.951282320046
295.16544_2.467	1142.16	1035.48	106.44	1806.48	272.24	3739.3966666666665	2222.24	3848.87	552.68	722.94	321.76	81.35	4319.71	6738.19	605.96	479.8	896.13	5594.156666666667	3570.81	297.92	207.74	873.36	1749.21	610.26	3621.7966666666666	957.94	3673.74	1033.84	460.9	163.24	1660.02	10177.213333333333	10489.75	570.44	692.82	1299.66	17415.292592592592	4575.89	817.08	516.24	895.34	2223.18	2008.72	3977.34	3906.14	4792.12	176.74	837.4	1493.92	70.13	5761.84	348345.2	524.1	1520.02	3920.02	2160.07	2174.33
296.02982_11.616	0	12386.833325359206	10087.02021955403	3121.1694937110046	16391.73129218858	11917.041148201015	16812.843244137413	13577.035893413145	0	0	0	2941.798946599378	11753.666173995882	9962.438958522273	0	476.5656512598326	0	1786.0828413400457	0	0	7865.466731845982	10417.23575340255	8280.545338854823	19017.50554702514	29990.334564006913	38157.80149875909	26057.305229274705	4653.84668280399	0	4309.350711565417	7646.184516381409	10180.701289154393	8408.150924575395	0	4347.123434607893	2653.131446877553	2250.172845350075	0	0	9361.515103228861	7273.187024636038	7711.537804109463	14654.118884642212	11292.349963799134	18139.829261089006	8489.367050712448	0	2199.290866198163	9645.10770377637	8912.980156912745	9630.993992903776	528.3011690419349	6696.946246921533	7425.88473935271	9261.380914167736	2112.386430976993	484.87993858427166
297.20587_1.8	78.49109424114464	384.82154620789873	51.349269937850075	2286.253796297617	0	2792.932832770504	645.7864630959709	308.0788060700513	0	0	65.308776266827	3278.7000932953133	4103.750234842748	0	0	1009.7600826684451	3425.614546974747	52673.10470042727	15932.560555235044	0	803.3018398981523	90.40031785539583	1228.6332078606301	3609.4104346204376	1244.4792857118325	421.7536841716122	3270.0077787973146	0	0	2888.3214531856684	1716.4284761542106	8695.308540468082	20676.540121281192	0	1074.1289721100527	1737.1755471205245	7904.921888650883	2294.9575171098368	85.30592925113677	1610.0647922170426	69.5706521929808	1205.853448934735	799.9469321321471	932.4368729814328	76.63980351174398	2532.055879532415	218.69051269709533	324.7383391021893	926.0520502015148	2179.840811388274	1793.2068622391273	4696.584080576476	0	1079.2581938425385	2861.518848361736	1567.4389101546692	2615.971020565993
299.08084_4.053	0	81.64	78.88	17145.87	277.42	24840.52	2460.46	41111.81	0	0	0	15554.58	28458.346666666668	15337.53	0	275.48	3334.53	16573.98	37510.7	0	247.56	813.78	3512.43	1074.02	31672.353333333333	5277.36	22201.19	129.98	0	209.3	10250.96	39851.53333333333	17071.47	97.84	0	2670.83	26097.133333333335	40102.82	0	556.88	537.96	1188.51	0	29603.74	2715.06	22340.26	2076.34	0	2054.16	461.69	14462.66	0	118.34	2292.1	2788.85	16696.98	9910.1
302.11105_2.873	1982.96	3022.3	4459.96	1458.61	0	371.72	1747.02	43.52	0	840.96	1368.5	3265.35	89.29	69.38	585.06	1496.38	1951.7	76.16	569.05	4395.32	1932.76	88.46	3103.22	8210.16	17.873333333333335	113.8	185.37	0	2198.98	12291.9	1680.75	138.9	192.48	9624.64	2814.24	844.11	81.57777777777778	948.98	4650.62	300.34	5648.62	1145.82	916.3	517.73	88.58	1264.2	2953.1	2846.92	2481.34	832.72	997.1	23132.89	2741.56	5718.16	2186.52	225.06	551.94
305.24341_2.116	4686.179225569792	2534.9874854019336	7651.645749911956	3971.489446878492	2419.521453889746	780.194782098246	7806.125223582791	899.4516402726034	5633.5742242208335	1180.1586530639981	4491.383081912198	5208.398447163159	333.7097030510982	266.721314724107	2956.7712094815715	13857.21460515057	489.4426697867303	627.7913578496132	1641.93521847942	2117.5510595674355	10061.071852040153	1889.496777680081	3658.531449640767	14570.640496038664	376.9483471730109	3335.04319209638	1021.5274688845474	1983.3835691787126	847.138313059959	6990.476462217522	1241.0986308111908	258.22943302065534	4265.737475035605	2216.4479126972624	4170.740835321447	981.854977194874	92.02270328785488	2599.8238342234804	3232.1235546852427	13391.801295348201	3342.827772107518	1558.7074224523383	10624.493968539678	255.97628014311599	742.2249211839732	1260.17309213143	10522.093091913426	5997.391979242759	13540.151876439297	1739.7485901068867	1412.402900813502	296.22679234726553	1935.1405039692038	2781.0083873050985	1830.9991061047745	1274.468396955287	1743.0237936617448
306.08105_9.615	12135.342139878301	17948.955010505793	11953.940125383959	13251.811514861103	13256.61256978484	42805.34686701714	26796.916948656406	48150.99852607967	10808.076600018356	7535.284668085157	4672.022640246198	23209.55693339461	36278.66541819256	63097.54039492257	11298.454360583455	19622.755931636497	9085.304968467792	29054.969916777256	45767.47994129884	9651.642124362175	18697.294403163152	19326.883915779337	8806.154240542826	27953.47348255659	8893.401913334717	33366.16813967966	34165.58195002746	10899.540302083253	8928.307588740186	16760.831370558422	22384.100546630027	56243.69887264129	90600.40377665946	4986.920815915114	16317.750619109582	10763.126739660403	5460.014550396988	69591.33455052214	2436.620958959651	20342.278293479823	40406.55023408873	26654.843249112688	12757.93393449512	44820.57353201097	47238.72352507143	53087.71132451753	7511.717861934278	7907.720471732104	37901.35029653557	12553.022608320884	72159.47796635987	30042.54593874799	14280.18816884647	30050.860553135943	28070.23239822468	30683.2974337117	18641.321518576482
307.04227_10.568	9884.657852218266	131475.70123250817	75443.26890859212	35643.332622773225	104643.85067671911	32033.62568286417	107339.02362844911	52632.9866800738	62948.90879934118	8594.564000960556	35300.3472971715	112874.98993522416	23425.49828210391	7159.966648348815	15786.339627049429	36767.06219916488	1599.7231625192164	25.550098751954973	51.03255613898775	6555.8689264639515	41505.14349971496	62579.2016013266	61370.384720959424	127402.37558491094	26386.929791764913	141116.7150417147	92637.73556696695	51031.93930129473	13367.992515749314	57100.78344486969	34464.81336967839	18969.474840678857	7705.574730436817	7470.81991607998	37151.55664205295	1843.7807419964051	17.798017574901127	1213.7520205089336	57137.24080000331	263339.1321034722	106783.8941487868	86853.665487179707	289705.47061559587	107013.94110538131	115754.6516385391	142624.48374615976	41595.74401097511	31516.959929421966	323206.56407133985	134022.47185112705	59537.49524265092	0	31308.54358938599	54650.728002718875	5759.462199614137	57.20816614285499	57.4474023471941
307.10248_11.846	448.1270490627236	6503.037276625767	7182.167265521845	2326.1185834086787	4450.359643723676	9793.187941823666	10847.982311968311	3045.9864408000803	2586.6564860887006	330.5121357199911	1890.6192654440713	2644.251238532364	8853.87787398597	72.88504610780258	428.2648636911032	2401.645535229852	53.516487876692906	604.529261884805	86.5444617379988	113.58372006527934	3091.933364850334	5343.498327534395	3424.2490670744633	6382.46505419883	15104.4926639415	13328.61154302788	3461.427271883003	963.5869036470064	213.0988805502141	3240.001324363859	3152.840783905544	4567.2903725342185	276.5560137098373	404.81803041481055	1401.9759285819837	80.63319024488165	96.79720748557457	55.582225866724514	457.7858744087345	9134.574347872036	8048.935296895348	3703.7269720675463	7808.26035272295	12447.815642400996	13911.768358590338	2917.2115981478187	1957.0504033553514	427.2408308715762	9488.502850804827	3525.555367681659	5376.132232259213	753.8284096237817	1050.4495797748098	4975.9352106264405	195.97870696689543	60.3823546792648	170.71945787625512
308.09106_14.092	15810.326005372532	22053.527462767765	20539.940062235793	10406.562332212681	254.34150294403335	7054.99711376389	22309.868377892337	13399.434573198569	30343.456445455737	11524.043990053031	10508.604824409249	21721.505147332737	8368.703618683427	243.6048701101721	14571.355580406036	23054.0012292426	9982.520808332209	4131.112752063266	5221.330709036135	18983.19162735632	17993.613844076757	21657.355443439763	12825.999837103189	19463.276954900633	540.4171839165971	15209.739249629656	15947.114009601823	1460.5526160037919	16758.9617641778	17265.04283228499	16067.297240980854	5578.058353673148	8594.019629795588	17959.840357752702	17100.477026599034	10168.462551598706	3552.30001564232	7277.351864794935	15489.097634761622	25784.63013998033	17662.875333768694	19728.369131619696	34405.86189646324	15826.961300065394	2845.4556709548287	28060.077447955824	19851.134266186335	18562.734168784562	22713.039141337733	17812.724573597523	12961.051973282756	9598.096118147141	25021.226285064058	25618.227799269902	8595.394329326788	5919.995613421069	3555.919066651778
311.06628_9.612	743.06	430.2	833.46	180.12	382.62	9693.23	1906.96	2876.85	238	238.14	126.4	975.97	11034.99	56.17	1386.34	1469.84	1126.3	14114.906666666666	68760.74	1571.18	3968.4	1193.34	338.84	8139.32	280.72	165.4	4304.38	340.58	1147.76	1276.96	1404.31	22981.233333333334	39965.41	1107.16	3754.94	2980.11	2513.6185185185186	9256.63	0	133.38	981.68	3593.36	1678.78	6314.52	1672.06	3501.51	438.24	427.7	334.46	1003.87	20454.39	95.65	1652.76	1603.76	8081.88	45670.07	39801.49
311.22144_1.99	1932.7353394644808	1653.1661774145414	115.88717800042625	3741.1209679317344	131.05469073678196	3471.557255850341	2528.2285868605672	1373.4498929582107	909.3336593025778	299.0584544126783	527.155971870058	4865.451568411544	4805.179553573125	38.05327700250082	308.2916387927516	696.5681749806492	1186.5355785490826	6796.425891100499	4168.847399352977	406.39082988937565	1086.5096680654588	83.36941390711984	1880.86933599106	6818.9251179538	88.67413778085972	230.54129763381755	4003.561624090366	0	282.91657725691647	3451.103970244479	2101.6850611534082	8358.848119958471	7128.920995888762	904.9018621928662	2759.4353207449	1007.2701205637615	1604.056222510824	4522.9214799968395	1292.674767211045	6826.72401484392	2714.451022683365	4040.0138207779028	4019.772847751197	2821.655239234782	0	6463.0583072994905	2651.8740548653213	2337.4755765559858	5475.975125808341	8026.835423430439	4388.97646662143	27021.454342856734	1789.1606977188144	5322.451825886413	7086.904627919504	1976.5513636039132	2045.3631400552551
314.14456_10.487	10359	145152.4	51681.1	27399.45	62134.12	63488.96	62244.74	83975.43	53417.14	8070.08	32002.64	31214.64	68034.00666666667	5650.42	11717.08	25763.64	4676.57	134.79	282.09	13782.34	47177.14	51150.54	54308.71	119070.46	19614.62	120145.76	91674.3	56021.58	14029.06	37698.16	61184.58	48031.78	443.88	11556.32	22990.56	3075	168.02962962962962	527.48	36894.64	172324.48	71439.02	83914.91	174691.08	160897.43	138619.76	112028.65	27499.36	19961.3	147916.84	87379.8	74431.92	25088.64	36306.92	41784.6	5527.19	304.46	576.62
316.16043_10.766	289.79780542824255	14041.566676930268	28906.85392986042	123826.8532956299	33902.512897470224	143581.33874381692	48821.66513006286	36469.60699880709	790.0272112835977	91.35797453609723	8077.539922583725	96376.85666269275	319430.33941776707	146185.00111821332	170.3829963763181	51387.3027468613	160298.2205586861	32902.36054401713	4416.439442499277	84.65331303777339	52282.1658110999	36692.82668731554	160586.29689314825	120461.76629749557	419528.1544783143	111767.20353870263	185831.2370704015	2528.3078690227217	0	20220.928197244415	116408.0329636953	439028.2306427788	28375.777788382045	108.97409582013104	39625.4245334676	61466.53282410145	3377.4059193133467	4902.895470232073	1146.559175537247	36248.43482753708	36516.920809452284	28764.26097083793	7456.288254018216	112032.1394340023	5898.687207521343	33776.88753222457	5099.145083718163	76.13209830019049	46236.04539276359	26846.88281497481	348020.18493018573	36802.44918979494	1058.535817309362	185889.19310161463	60158.84472358627	101.61413616456451	685.4807719034694
319.04507_11.6	2377.8139225126597	7630.506301709983	4388.594365528745	2439.36103258055	3932.6925926697418	3072.618016506404	3172.1977056256173	9486.013589062997	1816.0313670808284	1005.7167315869249	1456.826420184631	2638.5244768313505	2843.926490258989	1019.5156278405964	2880.98778589951	1406.2793645411557	526.0336047317753	630.156971146767	0	630.8000244321939	1198.1980976813354	2258.8146798791854	3854.6653057899734	8722.366083269902	2287.553092426552	4276.683895334409	7688.6218679993945	2099.235304520779	1503.2876687133926	2232.9956400706815	7485.108836294879	1962.2832049453139	830.8113007901094	1265.49099734341	1122.0953342064938	399.31566342831786	573.5824309281365	474.1053103096103	4771.530236473443	8222.683301736051	5818.136099074377	5093.556421669707	8938.546959009851	7615.235856150533	9100.538452172485	5839.430873759245	2413.882100656185	3411.4905105365265	8632.124541612779	4618.553971679843	4839.919212180889	0	6063.576953241576	3356.8618147983607	900.1463672496085	229.54722585511408	55.660294050268696
322.05511_10.065	125.1204442867889	854.6281716831436	0	565.6275024535906	645.3490104138381	5523.751105868724	1341.7989592504966	4489.424884639742	280.2653729841954	80.06389475056096	0	1533.250354806149	4400.505149740637	6410.914521427263	7500.13416751184	891.1827998698801	378.23064873903866	3216.4650415754863	6507.265025334534	115.08076372671393	1523.770101774015	512.0893903447117	402.6621831780809	1551.000410817987	813.7519301978067	1671.7091727201635	2672.0153579260327	97.5561788401734	174.02343577179346	515.6330590479243	1617.3026204552305	7678.461395143164	10174.512001889712	0	616.7088728286795	292.2405778625496	358.8654783073471	6870.667574294675	6528.518952335866	4903.919044159902	5723.290991755237	2204.1756630383666	4298.1866270375895	4057.221020142947	4314.476443994712	4467.3685238823455	0	0	4210.568841244562	964.1817943087516	6610.4090191549985	2117.171428816649	109.2662783400465	1290.5837563834193	1848.2864941686762	3126.6822064974713	1154.2810757692469
102.05518_11.191	498272.75970185583	1025560.6230493301	705350.0170613454	690383.8082641037	756502.0741776797	967857.3969229386	1065269.9725510525	1460508.2196962086	493596.6955300417	445312.50870056235	408503.5322535778	665224.652912029	815459.933254965	635139.6490163825	436285.13728180557	326504.26651945786	237020.23401738732	354531.45092847274	297476.348973085	460685.7374474771	392876.3286056832	629366.5584460188	781053.2250763413	917975.2449838975	891024.9131705818	1127320.2701488724	1896941.8662470402	396574.5846302917	532302.7880298668	413219.74679433764	917683.9338187135	615904.9881112416	634021.339274837	413001.73453642434	283718.9552977291	287310.2031646401	307268.1348410612	299660.00205173925	25376.133385259247	41141.31914348095	802612.5987776162	37360.01905747329	1210868.6686422732	1405216.0429170302	1379850.6218222387	60570.441974321424	459218.19560829474	624307.1337924098	34055.5824628896	1295816.916593419	904204.7500443724	191647.70262342104	902425.2817360433	531509.3697226256	468171.8793679872	270190.6005505682	182773.7315324572
325.11301_11.962	14215.674074087598	64888.92094391291	65776.46139066326	25863.982184092558	46469.81976877125	88437.20960989215	107057.50814881531	33621.502279149616	30356.271023311514	9683.664013902287	30564.836939311066	25628.126225227592	79799.86825279337	3877.6939621886954	10273.033290026837	32038.39985715245	4280.628801917321	5971.193199210059	777.4636535660018	10786.04029326514	43500.83304135029	57240.30280563235	31537.710708212093	64499.12431726758	140663.86566448043	130094.68262884961	35042.670486342235	22504.299943926242	10038.50510315261	40973.41368161174	30767.554102988415	42334.203909605596	18249.83862687316	10046.152511638244	22469.099589461082	3071.47701808523	17701.342981639293	382.6392679414623	17024.51956413571	92976.10002612621	79229.74457198124	30669.39686084529	70069.77249782438	117029.94653340052	126411.20603550726	30336.123099384527	27330.87318164712	11278.161229761334	87847.41390976908	33180.46567772697	51288.484634361936	66.09568465941575	20105.57573944126	47104.44195287957	1985.6430379857463	0	79.66430430482404
326.10803_11.23	735.36	7538.06	8406.3	3478.52	5429.72	43.75666666666667	12474.64	4543.56	3065.96	712.12	2993.72	80.03	577.5566666666666	2052.83	1229.18	4012.96	992.24	23867.826666666668	8061.92	588.98	4955.62	6067.92	5200.24	9212.12	15793.713333333333	17959.3	190	1693.96	118.8	118.24	3528.62	4529.126666666667	12883.82	898.58	133.32	885.82	7571.688888888889	11138.06	1803.04	13512.22	12496.24	4843.59	10569.6	15693.25	15589.34	4930.78	2591.62	599.94	13608.72	4985.39	133.26	8151.19	1475.84	5218.1	5489.8	5955.57	6655.71
336.0961_11.206	2125.1129208726825	11070.005609706013	13431.872258253386	64177.59498933768	16615.385458651708	118285.87511566032	53726.6129061862	116239.53012463116	3759.2311133463863	3241.7338635711994	6954.484980531457	65556.95693788439	197896.18844469346	146344.1756167281	2016.507536555204	29248.894942327483	88543.00248740904	127962.81847098557	69742.7483724461	4684.551045443496	21083.152430526865	24335.030707603008	48064.49357805186	47093.500633932454	130111.47913496944	130848.63036452101	169509.6309021629	3625.227102251557	4146.384856348916	19913.222003627416	84673.94460425102	270921.5351510586	191958.71126130447	2598.64265875579	36024.79524389124	67790.79893846206	114998.97755825835	79288.22811079992	11529.981070707076	35905.70000367546	54180.1435900323	39847.97228261082	21283.904841882	152635.99886587507	62129.510298514084	78371.39428537418	26776.213535564206	8097.873223305153	36397.90998409325	36862.50835461509	163887.89683712376	36963.919915433944	13705.499730011765	66860.17871802858	138429.28845770797	88399.90048229825	84995.23469445313
336.19208_2.243	99.32	471.78	684.82	1083.05	937.8	1105.39	151.16	2236.96	268.82	282.04	857.16	214.89	2210.81	471.38	141.6	67.24	79.21	2562.5	1910.76	215.68	801.26	388.92	625.21	120.26	1546.98	1087.06	2035.5	470.12	234.66	204	663.43	3797.65	3033.65	56.52	127.3	345.25	4393.2444444444445	1844.44	729.8	320.54	231.9	798.74	566.06	1899.08	3024.82	2247.5	327.8	133.82	434.48	794.65	2897.88	77510.72	649.4	282.88	825.21	999.59	1271.39
340.0354_11.055	1296.6502168072798	4813.57967211288	794.5262718332955	4536.4158403051815	4508.852878079837	3727.262494670505	4996.703798643746	4378.188573460519	1527.4922740021523	1404.1812271833116	4256.477194055421	11030.238147546792	3978.5991618635267	12452.842207069683	3016.8571294290705	2626.851201499981	1001.8345797769626	11703.717065362582	6209.417051924824	361.558933364318	3673.5206840080878	2820.9183714904298	4174.5339653152005	4272.752366237222	2762.596210424395	4710.811005824136	6625.213112058882	2201.7362709017475	1302.1386487764844	4676.035429757342	1002.5239438895313	4176.247422988072	24722.75100094647	1128.559099821101	7265.865867225037	2553.0261381115224	4348.136740987211	14651.60831879327	4080.911638764051	13829.159564602563	3530.4681234691548	7038.946015496177	11940.884862726718	6469.58873533702	5080.115622341644	17881.083773723512	1527.3200050960347	2103.1855360950567	14454.861174386553	12196.774570241007	12806.10129689894	548560.0009168476	931.9709745789856	12538.46922776057	7869.009473546024	7865.161449729067	9573.61473344718
340.03543_10.607	106.15598811302351	4451.976095982876	379247.37288039527	3732.026526462617	1774.1642660781627	2563.133508182685	918.6557448548949	4458.430215904748	1599.297505539353	1499.0583857792421	4264.926807372624	6734.2281642932585	614.8804071124981	286.71542806227205	160.47777478392425	2458.995143726172	1248.587145104457	860.3592648047098	6519.5646718696635	488.46295363593805	3956.7883418343904	4183.578738251843	68.35152285538089	4761.352890242471	120100.96228042962	3806.316126296856	79.28385811627857	2444.05929325838	1380.1374590433566	394.7122567405981	1167.6537766190615	3824.5091896803933	89.81257563818451	199.36113815787382	92.91735628157495	55.53193434615325	234.4578744557537	105.26223491502812	74.89283967654472	10505.00726843162	201.31150205864367	1898.587968636648	15669.28482276893	6288.272500394105	4580.16190150084	13080.075123027396	1543.6921994316747	1828.2185547608783	2684.9302056301863	592.5921898578086	915.115033048014	286056.0786701774	1188.8003715873542	1996.1280949208	764.0676959471672	8575.849855391898	32.039251081826215
341.05154_11.213	2828.6614268843764	16255.038128523129	13107.518971213824	49933.075969195095	16159.778042169539	42324.38163802531	49449.65352435735	60716.36223507237	73.09089335941103	2148.0340461511882	5568.425244192752	144198.5027271651	44518.664197573184	80741.78426489282	6793.539785642106	30952.766508376786	46251.70207670043	104898.79786645014	44135.08888646516	2501.818247392898	15544.75977428491	21745.11509075784	57315.26138083265	42075.58468142535	43965.415586601695	99895.05920612326	100788.6458387092	4161.529963254576	3915.744365054863	14125.54340221255	43201.300202517275	59260.50882073431	226368.6535441993	4212.183151228815	34049.356059638194	51346.819296704874	31466.694074776802	137865.12636784549	17738.07607977081	91543.23919222239	64261.18792260594	53174.00476628818	59882.7929150597	79985.52782208221	53497.71784917066	131719.70743528276	22065.88568957692	9444.396145740273	99299.8418478329	79522.5344053901	92678.23130753824	19366.321323494623	10025.692639404935	57423.54527122357	90881.41202903268	58155.80173775008	47411.09480734959
343.12357_11.901	4863.954785654374	23633.420799247782	25473.318753940825	9132.540240305276	17757.019321330332	37572.60571725544	42980.206493148355	12384.1636818508	10673.631057750461	2842.68565411594	11886.255453462989	10949.445714860198	34721.44788336094	807.3862134968394	3790.5189917381886	11225.289775521926	1451.181027606752	22.210605478088134	0	4039.5282159565663	14702.15288384781	20739.263903661584	12704.009190968805	25017.78933726261	60588.385844144286	52981.551411040935	13948.532794116225	8712.319493082983	2672.646816631561	16657.47869978393	12017.006042040362	18341.51137075828	98.45788765357867	3297.8695878563576	7588.997087142127	900.5318782892642	32.23337300422343	64.14587174130455	6148.352773201265	36275.39878697439	30862.351534982216	12200.13812069031	28321.652009395006	48749.2819637642	52140.66034779213	11840.391594335228	9307.789026718987	4256.483092018186	33627.35539224801	12184.32872810693	20110.282326820197	6037.520877990057	7353.311663767883	17069.16832666676	476.22177244944015	0	0
346.1973_10.719	2474.1382085607115	3415.8400338109163	939.720650749627	8413.579813760176	3422.6298025220894	19139.766765420667	2399.210353805596	17802.124275010363	4406.093163534454	3446.4881284416037	1649.124164604682	7816.403019237261	27821.103479492253	26637.550420830157	2325.156001719344	3942.7482471373155	40766.93734584316	88187.82504924106	36003.061107157395	2265.496043194628	2288.2116275829135	680.2064592956725	7265.3361362694295	6057.711348304089	53014.4401239489	9553.043365009866	41926.03028643026	2533.253195141784	2797.39815318594	3986.7000963602895	8788.000619524164	45513.231444447934	30720.65422368786	2140.475752194957	5631.051800366213	15276.795140932174	47779.87508638041	23368.26141353515	482.85191087656347	3181.5752495753823	4146.40768085057	6995.592009133318	575.8213469041938	12618.22345140787	1908.7492165399733	15115.99864845823	3503.2088955868985	2028.4974635984088	3101.630637852194	5757.021402719718	14304.068439677698	13506.909395907249	2977.134558141084	6195.4323674566585	15742.494996665855	7349.570685591403	10119.101940311619
348.07016_11.075	9196.86	21722.14	16329.74	30430.19	32202.22	107043.58666666667	52857.3	54346.58	9875.4	1175.72	13129.64	19373.94	78845.98	13468.28	19329.2	7647.64	5132.65	25.57	6276.42	9375.06	24869.24	20661.82	44413.2	57355.16	34590.833333333336	18790.76	96865.03	15282.32	6748.74	20767.76	42462.4	2978.0066666666667	31011.36	18327.78	7666.42	10871.04	5593.57037037037	582.66	9564.28	40456.08	39071.86	88754.44	52289.6	101862.14	22952.22	137374.48	12979.98	8163.88	38871.92	84894.14	44115.86	321133.58	19631.76	18425.72	18729.56	2909.69	7614.63
357.21365_2.771	86.60459284417745	0	0	272.71642049203473	3502.0458078748234	334.5174119990763	288.35830096720133	490.96972076342985	289.76806234622666	593.6030782235473	284.2621570462428	197.3665448603511	942.6969170542238	849.6719039248665	240.31831144843463	0	2387.5633167719066	2001.25103775146	2942.8834107710277	148.08285629109653	1049.6468137526897	0	316.2731646819354	1049.3152711125558	677.5419350899222	556.7425632122107	480.74433428534337	569.0742054189202	59.01404138101472	2270.65970475295	95.50239056068801	1103.162194645114	1478.9847510186075	129.5293729673752	303.0488042710065	1098.0880262529913	1273.8321003949068	10617.59380150239	742.9433084312709	4010.457717836662	453.8238730460161	278.533668880369	2245.1516117334368	548.0530539932157	760.225962970869	875.3561293751571	0	775.7638202823128	1772.7434775222493	372.16509951683906	733.1661435449281	79248.3889903732	267.0451418263554	426.02270521807964	422.2339185071702	679.6939650312022	676.1481045522072
360.1499_12.007	263611.4955862516	1151658.3936968036	1129413.2477166753	415123.017146288	855363.6430285759	1386275.6213692634	1872977.0854173377	581170.6410324324	517059.94216678775	199002.40169701006	522969.44996649417	438456.458906231	1187579.8302969362	77957.48673376004	192123.37557316513	553337.884261669	92107.82587904808	103254.46757485473	40739.457445381646	202919.30670090177	703667.141563649	1029548.5526950054	538848.5311718603	1070642.46179662	2164913.4328745482	2200545.4112375746	639262.2940412995	416932.4930137237	192452.5857392173	746266.690048095	573065.2693598797	705716.6749509014	267814.412965692	172392.98906151298	400548.3055759234	64080.73890139589	309264.62912937196	12705.897678578003	287717.8708844382	1421339.2251225635	1319543.529785735	515791.31607003155	1108887.5686778876	1960513.3156103191	2169956.6644864096	505825.6569013003	454211.8358336751	219367.70844981063	1393589.7052509203	511600.0229473908	897968.3917692361	27914.070521208312	349701.66700686375	842650.0650351259	43633.93515469406	11847.171282830692	6739.832578009627
360.27603_1.98	8573.54	10841.62	9926.18	6524.43	0	5138.533333333334	8667.48	2390.64	11699.5	5753.16	2577.76	7396.93	5862.416666666667	49.37	2072.08	5796.44	3357.24	2356.4333333333334	5572.03	4229.94	5917.56	1095.24	3740.81	13797.04	366.47333333333336	7815.82	7500.5	0	4449.18	10084.14	6790.09	4755.77	5539.94	13951.76	11609.38	4742.35	847.8481481481482	139.31	4413.84	12087.86	4133.56	6450.96	11884.86	8163.98	2251.8	6476.46	6634.44	12350.66	5562.3	9713.53	10155.95	6523.05	2316.4	7240.64	2774.36	2279.51	5432.03
366.05112_9.668	7152.521068025085	8009.931403919451	5755.83733731975	12054.144814156434	11347.10022871617	19767.236303740687	7004.91687052454	13288.030774682342	7320.582194370426	4036.5879111830104	5625.280694018402	20498.697636881607	21535.76221279949	83043.07205086881	4771.317222958414	8000.102368805526	18246.40905502591	63096.40730840087	20983.158204199797	5482.400393971108	8501.528431864528	34574.74347420668	21720.520453132867	9493.016989408761	12643.363164741586	9273.380753019821	25609.500597328228	9476.965817612361	7660.43917367887	9133.55739607078	17206.686521885753	35186.467236152384	113654.38845200044	6470.359840035817	11283.446063834801	31454.024868464083	30770.05554061001	25087.607951172427	10320.69460390413	23411.939280718794	19971.976636656225	25051.504515699533	30873.445661224498	17178.71626487273	9522.211434520323	44977.562229628005	9584.917500109246	7609.366446312591	24301.312339511056	26841.88043481304	32611.19600971382	524340.0684551934	8288.599229596412	20687.594388132184	60668.75973731162	54690.85843005095	20176.577077672802
375.22406_2.71	4713.959994376018	4510.963604177616	258.21981092815696	1890.8519578866599	149.61726224000375	907.4696557151763	181.76284394469204	798.1233525280832	0	0	4672.9869291761725	89.96841762683829	1298.8648412396701	387.39439546481276	6975.081262316922	0	0	1409.0768109216503	523.0537384300168	0	88.43151608517397	430.54030614797534	2321.5886561829616	129.21111775266644	1445.6197045505	178.0137457307247	2146.7168961994557	126.29931052764367	76.67866446686739	0	0	3859.6921742876393	1144.9350702990826	9146.166360167432	0	61.624757714686304	3374.85848148266	471.0999616609172	6734.958262906792	0	4339.49557256671	2855.1568872935313	0	1055.4878873394089	249.25693782189128	1029.0779314593005	4136.805488117783	5928.332836910582	0	209.63864017846893	2083.784292403943	90477.93081162297	3798.1611303252407	121.11304663710949	829.3771002107528	666.6613229880727	3830.3901560395425
385.27994_2.018	3307.448849873118	4615.247529482524	6459.19786865939	8224.223294283527	92.43595062221826	4765.763000657318	2207.1199135828792	1142.5336237755862	7310.474054151627	1486.5899441341144	675.7533063706547	4314.462596187669	4995.061398321841	0	632.9253290326255	3858.709627529325	2196.1690817696026	1976.1249947062654	3958.3981732362026	136.64061390090367	5121.30333187117	99.76539864218672	3720.115696431417	15949.157687311976	23.25692716493728	3683.7488123072894	7588.033218241799	0	124.30129717765351	6519.284179542853	4117.266335189128	4038.2772412044874	5951.388334859222	9894.721127473855	5640.925462501264	3061.8072509212343	982.4885085169325	0	2084.6459179668686	9164.599812621527	2748.252095543651	8349.380727159514	9896.79326768433	6737.294755792757	331.9810953514579	5908.370961567744	3990.9120979089907	8745.336306974814	2392.1312989017697	6600.770742820839	8282.26168757628	5072.304200390092	152.43055563579074	4532.900437163739	1975.6237093575767	1770.9737661049166	4226.9376269213735
386.04242_5.623	29068.420988417114	39745.205561154966	39868.078331814875	81931.22900855221	27395.505295274303	28547.5424762185	99757.38121429826	57941.96678872447	29329.500932425613	45698.07994071453	31900.80453009438	79489.94924929374	49719.94124939969	36998.648573166254	33576.1536005656	43815.6046376957	50895.77175710792	47213.81894758139	40136.06911862784	25079.02307540191	65067.69249631665	39494.79277241666	54478.195884824825	81601.95855818313	25846.758394587207	53917.09285873888	75525.44014226871	22500.35496881054	38086.46100434738	58016.02976803948	65490.217959762114	106443.86103792355	88838.11911122709	21332.568853453497	61362.96720108123	48772.244334245355	26389.307735368304	125060.06811137556	40723.77211532349	83812.76051353992	80526.09329340131	46793.18959075579	85658.67468766794	72680.68924684847	99719.70665622277	105886.45411151017	47285.13445849212	45941.21995124131	91974.68649429668	74011.49089214143	89628.1029515253	15640.64816637828	29190.790473971567	90815.6021493803	55099.022821364255	33094.958944024744	57832.022702807415
388.1814_11.967	6041.4	53744.1	46429.56	22384.32	32892.04	55472.066666666666	97744.44	29483.56	17419.76	4724.34	20727.72	23940.69	76069.19333333333	1698.01	5455.68	19114.12	3161.62	6180.246666666667	1860.66	5372.68	31670.12	43597.02	20524.56	55303.44	21953.27666666667	123747.52	31324.81	16237.46	4303.14	31313.94	31783.7	45231.426666666666	14789.81	4986.92	10395.6	840.46	20504.037037037036	46.27	8580.26	76716.7	69453.96	27870.28	62981.56	104103.95	127747.72	25859.35	13834.24	4519.92	66658.22	31328.37	46808.58	445.79	10859.54	30162.48	1281.18	0	0
388.18292_9.949	8109.149160363137	8856.061650784217	9812.171036074775	14528.828940640195	6442.205232280576	17268.849390213167	22899.516020697014	25640.382319979555	4586.91455575908	6520.192537883962	3237.7202720686178	20057.806265355834	14229.881988328327	3388.706790274118	3295.0502391724876	3676.1238889309516	895.519935039244	33.54433358919981	280.9754945239531	5131.395835197216	6484.509747336241	9620.955872046161	10701.078954946459	9852.40525823166	31173.301993002922	19312.864726595704	34508.54455616017	2566.761812552778	9398.488531761319	5950.24078187738	8659.41201671875	14174.65311232456	2911.2151474305892	3273.672508783039	3810.796383410564	680.9205477057942	0	0	8680.940729000728	23556.436337532465	13741.403221170342	14120.244115995569	11953.108562720417	36089.35192576203	27200.462027642046	43689.36343088839	7375.393751543206	9334.516088260389	26930.995984120083	22041.718675386892	28095.336598460617	8361.532853206592	8172.671027920952	10005.29939419506	1067.4081437580794	73.78964400572804	0
395.22742_2.483	3511.7541064539396	98.64593194466038	1117.674175763925	977.0243460813924	0	207.81843698365518	107.85072632942712	618.3458288017619	279.6609683518945	2947.7693801366845	794.5590321842832	1561.7466641235576	180.24684854348428	0	291.58424322557977	2962.7180897404637	188.61936881363624	760.4246583953957	1672.0760643134097	1822.8015244473959	73.99244728975079	190.7254975957925	1581.0781556802756	180.39773898478256	180.77738688663777	245.99971998937937	2232.1029780104905	0	1268.870550262186	3367.0438284980837	1441.2806243703267	487.21148828306525	125.3620272480172	5880.1771156060995	4214.694689566385	65.35429864707962	904.2940424359288	218.85014301447242	2666.316389271488	2823.47694676317	1281.7065713955897	79.81619387771849	1282.8293942493185	1087.5381197367087	81.28404475423628	1162.6918376194926	117.47373734670875	2624.627912763748	130.69148579302265	1620.256120831748	1225.0519331427486	38778.90297438879	846.8322316523278	3159.5229841403243	62.6473346450092	720.1641551917951	32.473439374022185
395.31351_2.024	22372.816811436838	12930.636183106015	14054.59496115493	15073.164031155191	0	4322.66391554655	11988.044600741612	3776.1736602255974	18714.524067983857	10582.255184597783	4313.268487667517	11271.647643241267	6074.09493433055	56.90996552087957	5177.068721100083	11519.50521494315	8086.190181989505	2090.695731373799	5487.169783218397	4838.909686338285	17290.85833787428	2821.5930623540203	7440.734151425504	20701.455799572606	502.3962653939524	7645.800703566093	11690.434316321307	80.39122139147302	6974.049878865256	21913.623948765973	6736.662451341873	4362.97911659745	7592.745277519927	25751.32998576655	19389.374941296635	7016.309102517691	3394.574397605255	231.40854068910076	3008.467077876273	14728.787700186544	7447.361280523303	12755.203946449143	13321.330367252067	8580.123116115768	2619.331716790544	8315.436511426506	8126.754828844144	18224.7554647606	9422.192058871331	9320.82929460878	10656.801182921912	14817.077686805571	4496.956276944413	12659.425358454533	4987.365464319135	8022.8277408448075	5822.101066028034
398.04135_11.227	36222.01146292515	69611.87806581684	52576.043644877514	47502.71888107781	60069.710174901134	19337.537109586356	68835.95759785599	78057.18559260288	35142.74923051499	37569.76653556213	27264.513776651413	70884.56167268103	24014.095012790018	48357.84815177013	54235.14260190306	30299.616479760763	27971.189126326004	33657.92444386289	31797.23202235891	35218.190725452296	26867.610328726223	49423.54393186158	64246.59555152318	74012.03800525721	21460.29219019846	80654.0619159719	76685.58478784317	24426.548206405667	41342.148935296165	32077.730318037	56910.30626507775	26623.554334156284	72951.21797401561	24629.86112713159	25809.881201698416	29189.139197333083	36000.373390085486	49229.84733366183	82414.04129009396	115113.68268818353	81848.77180641713	82715.55374137787	113477.73573058193	78667.58236572385	77760.78241745204	98416.16046440041	34568.12468289144	47392.267970660025	102414.58773088214	94387.22847797755	62943.817140369356	6409.5529577537	42868.31382353805	46321.15016561704	45838.7952344228	33738.474419855804	25504.38215005409
402.16147_12.139	413.60430947199535	7933.92914199684	12873.233424705411	13174.147432386577	40367.771683514526	61686.77734297656	62753.89893021018	39353.34207308561	5066.251349728175	782.8490903377248	1681.0419185234393	16266.55474281819	35365.28998747175	1492.299942384775	1390.223599692112	716.335626718826	172.3155818208549	0	170.5850092735135	1001.7577271776456	3731.544339757333	7766.961071664938	28932.89494097448	41468.60405344171	19665.35176439915	76168.93329636115	96693.43027937353	3182.760286571741	1447.315488695385	2747.873796674477	21632.45991871388	14963.910621058894	898.9925273538595	827.4345399349966	874.8092412613405	550.0953691948698	0	0	1379.3993772007639	12457.597597093029	14729.852801559207	49286.44526054247	94381.83357587626	38177.34301112355	42972.82737699294	55479.200222059386	2839.7704509056725	1275.8650444239127	13792.769578543142	35743.85893034766	15967.577514554576	0	3938.193908681012	4876.418440669946	43.87125797202343	0	0
405.00964_12.987	3065.9980528923757	8784.355251815243	9208.63574218778	5867.131689070387	9586.721248226948	8375.523850761183	15464.260793065352	11038.36911168167	4212.410578691208	2849.918746447806	93.05724979349844	6109.35638220425	3815.267642107264	306.6288797144453	3355.5133033694	1892.9104502255475	0	0	0	2503.3922512194554	5062.053648968541	6856.335795785866	7543.12957552769	11347.108034915587	15422.59564539473	12014.732424692067	10787.60900673954	4371.490257510584	4338.074076307349	81.85352579186632	6560.553672933988	348.41561234849513	122.73367320405144	3468.4341171692054	1579.7936753097235	0	0	0	5897.115787927639	10333.094830616075	7719.694817019212	11221.993082587422	19243.68803121944	12655.45362191499	18878.55939597444	16182.473569141723	2419.4144100123726	4238.994776684012	9620.697470682155	12097.175048654672	3558.618435031044	3936.8122143722167	6616.743899742681	4227.632944315345	127.76395827980171	0	0
109.02874_11.913	1672.097549885573	10838.831257800985	10859.567957315774	3889.944652303399	8270.335881511452	14837.120962637948	17429.39504734661	5374.007257401813	4276.4410355930495	1195.2685078408674	4151.56721531328	4304.4346392344105	12803.707873367612	468.72659212639485	1045.932067714635	4971.886224864088	472.0446982692686	108.37792396429558	470.66511685707957	5780.883739153878	6379.138092654432	9639.230167796006	5091.2414568813365	10285.27366448969	23244.743701539093	21278.676999242554	5931.266637585246	3334.455370343268	1166.3808024559467	5837.542420191009	5063.789593183825	7184.706397276965	42.82718425017274	708.3066402320852	3976.0178173174045	309.3010912034527	31.521390869591993	54.63171548952482	2607.037386946967	13382.618903839997	12875.562772651567	4875.874473922776	10864.336571315338	19380.5762398829	20998.758155148247	5280.191662556077	4021.07390357235	3942.9622843080538	13443.207540009487	5321.19522218923	8230.305878045889	59.45478164347507	2426.9206194350686	8137.330717462481	251.5819316699147	215.1649745141844	29.452230808138385
411.10873_9.683	2943.57259757275	3254.2630990412	1443.9045587971566	4004.24824258408	3613.231558679642	7407.50156272816	1598.4553907065551	5678.2320290750195	2722.046016960767	1030.610781561863	1545.5204814166584	5252.338087594407	8812.588343939877	35154.96504867369	746.3371406433589	3340.7258630331944	7934.264069418593	13625.229217051035	8749.677249642713	2301.77735599055	2687.127718131842	14562.960642579128	5807.65378419748	2559.480532822649	1411.0259856212422	3410.2330379890896	9096.230189052672	3664.5560260869447	2475.723029497356	2685.488723042967	7963.512570826095	17704.217914125387	35259.95458633481	1973.0425188616018	3622.617191167805	12924.227181090617	7474.331820252828	7449.300122739087	1739.5154135800992	6754.62219901014	6517.1055394986415	8274.313194825858	11062.857292665365	6335.010987212502	4106.181099467823	15635.385767994512	2109.049969149745	2123.3801193855766	6972.002869953806	7904.021212912693	13942.799995233614	182207.51436985814	2461.057758480633	7725.809822894968	21471.327193985417	23091.9555902578	4186.904074070051
414.16113_9.186	19334.48	33241.66	33684.48	36100.06	142744.16	36150.07666666667	91813.84	32373.58	35607.24	25919.74	13659.44	38331.66	28805.733333333334	13245.09	34173.16	14074.2	4649.08	189.81666666666666	0	35638	24334.24	38861.04	45816.79	66261.36	39557.40666666667	153291.2	80431.85	57537.98	32489	29617.46	45313.21	11173.686666666666	6125.09	61018.96	15625.38	3844.44	0	0	15959.56	26427.48	22386.18	55693.92	140067.44	46912.15	69755.88	86856.8	14020.76	25747.3	31275.48	59405.9	18908.1	1082.68	34587.76	18728.4	2284.21	0	0
416.17694_10.205	185100.06489146274	339404.0160689636	272807.2226296737	323852.7611514272	578268.1633366233	896857.5814898557	905332.1528187279	984901.3096223172	242114.808098976	213897.15918578103	72583.60778323835	381542.8951584285	534355.7593047785	61618.63101723468	256929.0097743229	58110.071196804194	25764.097522201184	290.40796357784365	74.6761176719062	263632.32244086935	185505.79677997075	224370.8955877434	584824.3147562206	632494.6780401528	528614.7163488094	878353.3127691337	1467612.6354062313	192245.06234703763	330717.1629223508	148613.4593191812	572209.6683285653	351013.9656028873	44939.240132513485	277228.52299976995	76334.90995064875	29136.816230309665	0	0	165128.30385805116	303500.25266845414	282730.5852853793	921665.2047352795	1288410.2730519893	723518.7395595062	897235.9099398494	1067259.3397570027	102824.08236802275	166287.18992009753	349402.61209441075	683346.7417029924	345946.81634314224	703.7356922337669	339462.0401891443	134786.74400830464	20033.6777675381	0	0
422.0361_13.047	3644.0053449873217	11976.768141765278	13284.89744864396	6913.541073344591	13548.130935563611	10962.96896227325	19706.162452773144	14443.502477628994	5178.0229660250525	3898.93814572297	5412.6587427815375	7508.742780575458	4572.191361724227	57.16177952760913	4328.9773854904315	2653.9502093274323	0	0	0	3701.934883239663	6394.46434663272	9826.321832732707	10231.167290850824	15735.024546644827	19345.382433223658	16086.623080895488	14474.975649536585	5557.201429121383	6223.506864923906	5686.918849253329	8690.043121598217	382.7387890102249	47.337781823421864	4458.461196159889	2482.514862114492	57.15346250498584	0	77.08186535100312	7606.965447390781	13216.123332875699	10009.8484044539	14577.072231870878	23840.668286052314	15917.50314070388	22678.72456840846	19893.172826858223	2987.151247210514	5311.262051994593	10933.151931531305	15467.615357557452	4380.774906108034	1541.4880253272488	7927.88719341769	5339.232369679506	131.6552463492373	0	0
424.10349_9.681	0	330.9883022498634	0	1403.8186337055354	511.3848891111676	2688.962748229144	102.0674929670059	1881.234123267296	321.9078897588933	0	82.62103076779223	2103.136298541631	3067.647297339484	12874.460294131852	181.79748555207306	228.35525112402135	2812.029571437815	7748.9325675478485	2905.761487196337	154.47712202567192	797.214638073674	5112.960496036149	2166.0764151513304	980.8855161299035	719.9204274489035	187.92879941196966	2867.5209150718983	325.39436508148185	438.2247909624211	400.22918854821995	2752.4024597811435	6574.784231913251	17634.8439122851	633.7800654357925	675.7040675285167	4232.711317863717	2006.6234672306027	2764.7035315192084	290.61162301301994	2052.9855289120364	1784.3130024846118	3028.778522562672	3741.61317177639	1605.7153477317531	331.4335773724441	5584.196404260375	438.5868610574138	183.1245736763733	2824.0259391355703	2904.09329479654	3812.5452752117167	65701.58759308833	344.7588397401003	1858.3453420903572	9589.598931832257	6262.461541636146	3344.039615568845
110.02729_11.132	1756.6970405047393	690.55709038345	802.301177633376	2344.071839964464	1780.5450326815037	3954.459505910792	2351.251392942606	4381.140449015237	1033.3864390398767	2039.6213865131106	65.7007747686311	3085.4410985752584	5784.799149802412	22725.261931183177	1495.4682056187708	967.1216696060982	5596.802848109256	28837.83202255576	32692.039427935975	2420.8648886414203	1899.9377243754043	725.1249517993406	3737.22309247706	2520.2101239573535	4625.053642976825	3555.276180426482	4390.333616133847	1498.859379034894	2192.02579183552	3289.625771698337	3595.709869666649	12940.250892180871	39760.52559108591	1661.9512913445296	2727.8858170120675	9011.346445124032	32027.843133348564	37951.00616215094	12766.26968403445	10425.773166182305	12709.947463468143	14464.157581792228	12547.398138474991	13176.203719977993	12366.066285041716	20803.364472137982	9485.174812769146	7630.99861325324	12213.009661995027	16237.082404768551	23077.22209646621	6339.1069944738065	9835.634902531787	15583.123854319272	48445.167723921586	27086.13122214463	22434.62171065106
427.10385_9.7	185.1610985746212	124.64827549667937	0	870.9459040794343	307.52703293094726	1981.4962146414414	0	932.3923621245115	118.35983036105344	0	101.91052678816357	3613.7228163070868	1842.683241348109	9228.48095059822	69.30557028505471	105.5774053913323	435.4278888705503	9894.965080632986	1476.3412934149342	0	0	2435.627343082034	2230.7466181231894	66.09131911807197	1076.8391610318934	125.86565047058984	3055.2089971640885	104.76396989681736	0	145.25472523195427	864.225173576298	3155.755500586485	20265.214214790456	58.45955794374133	800.5941370982423	3491.199820081533	874.5602195165624	4881.057260499655	218.0088516125274	2020.844245409835	1724.8227460378287	2969.931667361278	3053.2343927339157	1712.4408682911173	118.75109636470548	6570.300940577337	251.98591412816833	0	4926.081079719792	2894.8840993389563	3828.924734098884	17876.28213571488	189.48479565189163	1826.3276104951601	5194.8062292966215	4513.30460293483	4094.1966437553574
431.10043_5.621	18576.200503277425	25313.19797344734	26636.95269118858	57244.926602711246	18444.891170855408	25401.3178772444	73015.21079128327	40657.75576409368	23608.309071476466	32195.380501642852	24720.00740238423	45754.380286267166	36570.429294829395	26860.81414258214	18689.68283817044	33445.59609050025	45195.06177332852	29845.369312029576	24819.20276297915	18945.604522768102	44273.09028053531	27927.976530643675	31256.545694754182	50027.664470553274	15295.010439700887	34799.97555428153	56582.235924410066	18047.7349437206	24713.578878742304	45659.73961259005	49107.10133249129	77913.33501764179	53985.09694499364	14068.000425178201	41474.69264552342	38478.99581395249	22499.123600857332	74456.9983121419	24017.16193579443	53110.19880502451	43434.174713508124	27500.289584935465	52524.40939989072	50494.708062078964	72489.74690000496	68366.87601074371	29230.492782516692	31141.44808355514	45333.6339996537	45885.51070657123	75893.3607902453	11343.920487728208	23540.514582612097	62393.0194037829	34139.49516389047	32109.48469672081	26593.61760689287
432.17261_9.713	116.56121009956581	2247.075183305927	1037.7269934510548	2737.738279983839	4286.883148946252	8041.939271568186	4750.956155906808	6727.038259655049	0	167.1309718218448	485.28888106104495	2239.490624467431	6786.308313276368	1228.0068618880368	308.5569980915863	246.10659484151338	76.66815654116341	0	0	276.39962780256064	1300.0942744468593	1632.3142552050733	3488.8021096229722	4585.521227969408	8373.864131850998	8908.58363501967	17484.608584096666	889.2646727861434	259.22358367541005	1015.7367577701106	3379.3721284525436	5640.973562478687	585.2856995727043	150.8554450677345	483.1462132025294	79.10364711820465	0	0	2503.4311257966183	5430.005648197314	3479.0766381376	6901.223786636028	7177.97171509979	11630.944607162082	5997.246299826666	10520.622885525674	1606.9922767246162	1710.2142534631055	4740.647000173686	6092.47109105934	9016.685629387595	217.13555580205383	2324.8349198013784	3953.022797174777	285.6618073396007	0	0
434.18726_12.984	515.3008752379186	2978.214826940786	2491.866971640616	11800.34657492782	2419.7022841059897	17679.193360030382	4633.6038445338745	9645.353676020142	419.6312125043	565.9416769041502	1029.928709566288	14031.487018452997	29869.758814168188	24227.607311919277	1123.904871759278	5771.984272352776	14168.291152494327	6308.426159343034	1418.9100625445885	658.3729253035442	4524.084719933326	4149.544738032985	15886.001133712283	9567.93432168839	34628.526008276895	9648.584122629962	16706.75342297396	672.8137803862332	789.0038641792411	3516.089602381276	17097.552523096816	57824.3271848821	10716.792144045168	647.1392789130363	6014.2079209908925	10104.210552529428	775.7860223659585	1284.6241502758687	703.8189349232374	4790.576696469549	5421.053571253378	5518.516441369784	2641.064728631779	12024.231713584035	7903.3318691244895	7865.522560837128	1157.9794070412934	572.438991977895	4863.793110023521	4745.3763498910275	24941.697272100413	0	1141.052468907145	10723.806435472292	17408.436646839342	268.9262685520496	0
438.15906_10.218	402584.82969465456	547601.1412612626	437277.519394703	447109.5733735738	1023165.9764040484	869469.3212449123	1456615.9107343461	1042219.7148790901	208215.0836477876	495659.9759561553	57689.79587377541	1407094.091862687	459219.92342974007	119328.50757746161	529562.4860000835	146012.75394253377	32751.384562433814	7517.11269155204	0	354176.82445806375	256388.4811192344	379227.66245379386	1054647.9044876676	1015514.089233507	469563.19265825837	1341290.8382140358	1720005.6635847823	212257.89746199886	734160.5948023726	165219.76085286145	579916.9467070376	304043.8490748728	199697.06656172848	220876.47946469393	189140.46398063807	46819.25916792511	285.9969603716216	0	305073.8790251217	830922.3100782554	564786.6588897138	1567039.9428943663	3627987.1068878113	904795.4753970536	1292176.6266510296	2614004.224062944	132612.28131130576	304555.0672725981	1255374.975780166	1818077.224324766	523468.9324595763	362.42938766521775	387369.41180751676	229206.43134617995	48728.868503197096	0	0
443.09891_11.252	4674.562852316366	15326.458130363235	8309.491652014278	9520.070734062325	11220.983763154996	1533.6170361355041	14556.114456586318	16779.979943060902	5369.477851075491	4870.3826297388705	4498.355266012786	11577.77898599638	1528.9292904379101	7364.633021294738	6142.588848466483	3082.14941833788	4863.264721409206	2455.5779481675345	4731.033397140558	6634.8112854294895	4046.1501365122836	8077.216344327925	10680.251100842423	13659.309280034213	579.0403304666888	15676.120952213367	7322.914219416845	3850.668291955443	6802.925331688585	4673.828145540163	13991.567525378925	1662.8509822005442	9478.746718733284	3783.9976497236944	2067.8896673430572	3742.8545369682734	6347.094190469188	6825.2076570807185	13686.174627439585	20871.205174249753	12030.890204989882	10890.437885719108	22479.497104168186	6466.2617259406115	16781.864051119122	14695.019675337591	5375.727583893184	5476.674666538123	15603.20194203736	10499.269541334012	10868.931668126655	0	9853.707993726837	7065.275068357077	7936.868054973731	4892.052809671785	921.9105447313956
451.11526_10.159	17742.804072145464	33722.01142282052	34022.03347785298	44184.24623379731	28773.92063093696	52393.275165903986	44458.74850990004	51515.453552975414	31218.132087467442	20634.443853575664	17022.86571913249	75040.15281999353	54452.89001142411	90308.46340485205	17557.122182417606	50870.448075109336	118636.97917371157	50464.24713362832	192595.5288367432	27263.24787641651	29538.679881211814	45626.41075705034	56374.851881300274	54667.78386727261	52336.63205093023	59169.87476661302	76369.85333179832	27600.530500162156	30706.18399967819	64934.04423512571	65428.915737875075	67493.12603933226	237436.62065178333	17264.96924591325	50082.18481129405	86078.27617151428	31869.938294232856	194455.49405023854	25257.066554500965	65946.0328803389	38708.118445942346	38061.01114039727	63943.80236671445	50706.79806346018	38508.67613450417	69124.84175513184	22065.55788468102	16404.010287884692	43131.44359673718	50478.95805513685	51536.56569442485	109173.90036590883	16374.403601361611	38138.831359084455	71295.91160964155	63610.84446232767	55687.494323296494
457.21802_8.769	773.283499287256	628.2866550182604	101.74903553071562	2820.6786252507386	2095.7682921274704	4813.196618483358	3251.132133599249	3473.9929479229836	502.1078296137863	307.80274351243503	552.9988552802664	4003.8520233299582	5335.825472295682	3331.0170267612893	1152.7203030099984	491.3320255871731	2679.583333469242	7759.232531670602	5490.319030456743	505.93725875446034	1931.429431088856	1090.496436105428	3998.282569268529	3717.057111076414	6043.03863758517	3868.384739444844	5795.54457447047	437.2672930182405	626.0201589148543	2829.064402335714	3147.794895063542	7155.616322127947	6975.0532321587225	968.9428922744606	1951.1467762984007	3407.669927460185	3425.989193974882	9350.156970440894	186.161496649411	983.6239202531143	1664.9098113538194	2911.3850050148326	2126.6186440352803	3056.307649807377	1970.623801702509	4906.283205610468	763.8208155922468	160.8308666834448	2601.1823681027176	2780.655797561626	3022.3304596736875	91.18401748378605	189.00990905592846	1969.1556476552441	2910.1574296909284	5057.046585344823	3968.1119737159274
466.12302_11.215	0	3346.831800023204	3099.0534110455687	29535.43187457672	3452.1027447089705	132055.47910080463	22524.830058299965	84005.12580582884	155.57384254377308	0	392.7343206428123	115512.82137566053	162824.14196263737	50310.483135918716	139.38646145442718	4660.262370419775	17656.155689952415	134314.27227379536	15937.698166567592	0	3233.3120806635457	6189.856446000701	32070.544906020445	19002.036912469943	139451.3899437848	67278.98788534479	146702.3872276174	0	176.23012446137022	2839.7410471436124	42673.90946606468	159890.98275086228	167712.88409497272	115.09234110866295	6408.8528378150795	17682.919905337516	50975.07788535533	59500.8009564874	4923.464920956654	43471.47041327975	25828.16772716315	40040.250634158816	25968.716490714447	100928.22249289547	27517.1441030264	153432.44398266653	5921.786081406145	1183.6193062158618	55244.65828027334	79792.66015324125	74740.96110917453	524.247381139118	1465.4790516143703	16760.705355626735	42648.65333592274	21986.452274337804	17281.54216859637
112.05083_7.55	202112.98134247027	239899.762816845	174608.88051792802	350546.23228895635	96184.82338828189	453563.7299163371	378896.8727018654	176938.9533012843	142396.40200620837	294980.9720405518	202684.14657142147	273355.13797625556	1075824.7814719484	687475.8284996856	148790.38905049497	310366.24375433713	529247.2960614923	948009.5899799208	1187347.1147599556	122476.4835263313	472425.3200256771	112148.80589150682	237254.20117148507	300520.5257610239	135824.33080176232	243187.50476565096	280535.01958440465	96111.25063400254	187648.02371459664	292719.8050612814	338271.8789190077	2005342.8195184155	834764.2922998772	151214.60043204718	507603.3076239133	261382.42728862126	689212.9454380224	1125457.548150157	214826.95489467643	375326.1401078628	261920.04635461513	246242.66479302678	445468.7880005139	347995.4042924839	316834.6622643999	535966.3002504422	195241.7994631896	308690.5616834276	387196.7769859438	363439.96514556376	1360503.475522013	482674.84373599984	222708.8430223353	602327.7028796339	413354.9063911526	571390.8609116646	974046.0962614549
112.05091_8.715	48882.11020395679	102995.95454937198	77375.9912090688	129495.83211513254	64853.46431525172	334078.2680125868	126645.40120751744	192224.94537534227	52541.1376863983	35952.14856125661	69325.8994495201	117179.8919126664	353238.9217056724	319463.5465398164	39640.32998466359	110933.1600051608	69133.81040346184	273640.0966491958	190338.1436056089	44473.51173289237	135069.60502847919	92391.41434065001	87549.49201856219	101084.9421383469	117394.7485286798	190832.9142670578	237472.47705910352	52606.570233786384	39403.98608884171	140556.57735691284	114968.4453455118	424270.7496506556	346308.09984745295	37704.96456138261	91536.99755312361	63983.40344123283	201374.8171893844	214640.41366561715	77906.49997449027	158280.4357934425	166089.22627359605	95073.65395659936	53900.55632310583	323815.63240634673	183229.34321432657	237821.38331214947	98966.95091542297	76417.99867276191	171485.7676931487	103804.75418387992	446319.46999205544	286687.2377586584	72271.68377738787	169340.39805041556	165384.24123205422	107381.92641948485	115245.80634104392
502.0899_4.521	0	0	103.76	738.1	0	8448.323333333334	550.62	1532.09	0	0	0	452.03	22655.763333333332	3241.22	0	2271.28	1368	24238.12	13599.4	0	230.6	0	55.42	101.2	1495.39	1377.44	1415.36	74.14	0	136.96	1838.74	37100.12333333334	20777.47	0	1804.08	1168.72	11806.237037037037	11120.31	0	0	168.78	686.9	0	3865.75	266.32	1971.72	91.38	75.82	239.58	818.6	28860.57	1527.3	176.26	4515.64	6442.67	8328.9	9895.87
518.08386_5.482	30791.27162203165	24501.170199940498	31431.364976799778	46989.97244352354	30904.086716698617	22345.754577110183	59490.48213279383	66182.10879297163	24895.27045214882	16770.957353645917	21706.809769873114	100401.24705408877	42100.694623648844	14055.267899741351	25716.80213834182	26126.36719107009	5015.191165599019	91762.55442977729	27227.365772488938	15427.821642097777	28867.33229225996	33048.93003413714	27325.34983976999	54016.26803218599	43950.276905851184	94496.43175038973	72971.75499158807	16754.638042826573	22973.186671303403	38603.38296478346	34121.27132671068	30019.981919686135	140666.21275607156	9954.362317565032	33307.87795327907	7654.315773921025	23958.424006304045	80082.9018345018	33042.290346974645	96436.57250346168	53034.725658867064	38761.09198106898	51774.82300747022	36742.82066903254	70783.57660497384	128639.95933139762	33513.684572686405	34895.56302079822	127995.60093177298	37771.64867920326	52284.48227369843	66855.76994915924	27985.869682222055	31233.98132576803	26304.499735005345	35377.88032049003	28403.383577131495
522.20227_13.668	933.44	32566.8	10687.68	9755.45	4314.52	21899.283333333333	12950.02	5921.42	5750.66	1430.46	8206.66	5649.16	21532.826666666668	45258.26	1232.18	17025.58	2190.64	95084.82666666666	34687.81	756.24	67733.3	3724.64	15385.43	19839.76	16999.046666666665	4120.86	9479.87	9236.32	1094.08	27343.48	9239.07	28540.746666666666	326275.28	13235.96	62852.42	1775.09	241763.43703703705	74914.94	2397.16	21070.58	13721.58	11745.9	14239.94	18587.8	6047.98	12775.83	4179.36	1666.18	16888.04	7675.95	17819.17	30972.94	1894.1	5385.24	2689.58	5357.96	6920.89
523.09119_5.625	11113.04	13385.52	16796.42	25097.97	7431.18	10419.723333333333	34743.3	19582.06	7727.88	11923.52	8857.44	20717.99	8704.1	15850.95	13081.94	18008.14	14966.62	9292.386666666667	12602.16	6479.34	23074.76	11830	18038.77	22619.8	6929.2266666666665	14914.76	22387.09	7330.32	9212.78	16600.76	19220.54	18272.513333333332	21947.07	8002.36	26344.44	19232.08	5363.955555555555	37493.63	13336.1	22398.08	27098.64	15473.52	22466.6	21709.86	35617.38	23106.56	16751.18	18230.68	25525.56	19151.22	27733.57	2304.29	11854.56	29980.86	14992.08	9005.14	21004.48
113.03486_6.174	23396.24	28421.48	24995.36	32461.83	11014.72	75173.56	47202.48	97163.2	7782.36	11249.24	808.14	804.14	101684.48666666666	80152.14	12112.76	14416.42	21955.1	6951.32	75528.87	17776.8	33192.22	22855.56	25404.16	30739.98	108401.47333333333	58300.58	93763.16	523.4	16668.5	7912.4	48004.84	142387.88	16877.55	10996.32	25950.76	18309.72	55419.025925925926	36398.15	23012.8	28832.16	46752.88	30732.65	10739.12	94612.79	75456.44	48129.48	29255.5	31210.4	33043.04	20110.52	104570.59	45166.4	33578.68	49098.76	27634.35	21935.68	38468.5
536.18274_12.986	2768.56	4157.98	4594.8	5397.43	4032.96	7064.34	6861.2	10831.88	2455.14	2385.68	1739.4	6466.14	5885.12	752.21	3664.66	1661.24	47.42	0	0	3531.14	2354.92	3082	6657.2	6012.74	8963.676666666666	9079.94	11328.14	2509.36	3852.52	2019.2	5751	3674.0666666666666	352.94	3730.28	621.82	68.21	0	0	5442.04	6727.54	7422.42	10479.46	8601.12	8888.73	10172.72	13180.39	2897.6	3655.7	6413.82	9657.69	4836.46	0	5301.9	1614.98	174.18	0	0
547.14795_4.525	120.28	252.14	0	2019.72	100.1	11271.513333333334	1041.02	2274.67	0	80.62	105.96	1392.09	34021.806666666664	5221.73	0	4040.8	3051.47	35931.44666666666	18217.84	0	1678.1	0	437.03	109.24	1570.4766666666667	2284.1	3142.2	0	0	83.46	2865.86	55387.486666666664	31013.96	90.56	3571.26	1080.64	12172.937037037036	15788.27	0	107.78	623.66	915.26	210.52	5992.71	396.66	3782.26	0	128.4	1017.24	3015.74	40246.82	3135.69	257.86	6085.78	10024.22	14427.89	6756.07
564.35852_2.391	6235.44	5976.54	2032.86	7507.68	1109.74	4473.456666666667	1798.94	1095.25	14543.94	0	3001.36	6095.53	3159.7266666666665	0	1577.8	232.42	2422.8	2742.6	9569.16	85.96	711.02	0	3865.31	14700.12	3464.64	95.72	3578.65	1522.8	109.92	8655.08	4479.86	3281.7	8476.87	1805.56	5718.84	1096.41	1786.8925925925926	62.45	110.04	8753.2	174.38	4504.58	13891.14	5673.72	2067.64	2840.9	6598.38	13733.84	850.08	7394.59	14392.57	1836.21	92.56	5175.8	1104.17	2867.51	7746.16
589.422_10.158	3261.92	4815.82	6272.76	4872.66	5839.3	7157.03	8086.48	7843.09	4159.06	3941.38	596.84	1846.48	2751.5066666666667	14286.9	5013.86	7906.68	2998.2	754.62	16469.06	768.82	2707.38	6059.12	7785.1	7883.82	5573.753333333333	8639.98	10072.13	183.74	6582.84	665.28	4092.62	11411.6	15837.73	545.58	8103.66	11118.06	2114.448148148148	4113.62	3216.46	5289.82	5697.58	5333.37	7472.52	6358.11	6193.12	6303.31	1819.26	1072.24	6272.44	5026.97	9717.54	22791.58	475	8237.16	8635.1	6411.24	7778.17
594.39917_11.267	734.32	6078.48	3859.2	3112.08	5261.16	3859.25	5449.86	3785.61	1590.32	3928.42	236.4	950.09	507.28	2852.7	3514.12	1924.4	221.94	99.21333333333334	2753.77	0	244.1	757.46	5007.14	4289.32	3617.443333333333	4626.48	8719.11	0	5005.8	0	627.87	1799.5333333333333	1920.86	0	496.9	1004.22	256.22962962962964	100.35	6051.82	7084.62	3567.48	7021.4	8697.44	9945.34	6843.64	7982.39	1365.6	1943.72	9346.44	6677.77	4894.5	0	607.68	3110.86	580.66	730.1	939.77
608.08893_11.873	5197.50172557768	9815.437372479782	1960.2462920078556	7532.032329795938	11129.718409212619	5293.110452553559	2816.3546287243853	15867.69481623403	4547.414195152469	2605.038387167852	4699.420201021909	8356.455435716249	5350.16328721973	2546.5144695738422	1322.1410671604383	3892.3619862871956	1696.1287416307614	720.2771115425675	1132.8925738873572	1064.364384918399	3442.1468570640577	2181.8795658222934	6575.955127547744	14115.092989585064	7032.841919610554	2636.872942126976	9268.057329543377	3940.7523525402776	460.05267151483963	2681.4184725314526	7455.515768857428	2135.834571342612	3727.6016875650444	839.2820780327135	1996.5133926868064	2436.6703642777247	2437.519382147191	1360.0083526568767	4447.525530112198	10501.189667031695	2094.663563608608	10133.190492535892	16713.41615737383	8870.85690216682	3807.431340245777	12448.761000010176	2324.320937247822	3756.5122010554855	9869.157669283888	10018.223825281691	5888.869634783583	15288.298779195433	5546.089013965504	5395.809462043636	2465.7717261675516	1665.8068043652247	1170.2644910054273
610.10486_13.033	4575.423614175208	14786.057141535002	15139.060597296217	7736.841571999294	15776.811782336928	12685.71483181718	23484.857767914775	16605.556734084195	7145.633503975268	4727.529056184516	5775.114694675698	8089.843475358272	5180.977105459492	0	4846.949605466726	3058.6271179780615	51.267295924570384	0	0	4331.185946464372	7695.2682241374405	12289.060411073639	10230.024502616485	16148.79254016974	22025.38154400384	19753.68466160477	16093.121906726852	7396.13083714685	7150.78607785925	6944.5888692936405	9841.292052461988	436.10399540741895	0	4977.399737740761	2520.1440440987135	0	0	0	8057.034781479583	12780.142935162636	10825.796363083131	15026.06482371276	22326.43890062116	17902.229025177196	28770.5538231273	19968.54056431658	3890.0215052524045	6078.467641628397	10824.456752777516	14184.752488643257	4853.152858796615	0	10784.880425949994	6125.312885962819	34.27146480430618	0	0
613.15833_13.761	15684.868928511685	47408.410500566366	42687.29600914378	30541.077513144373	55090.13878830845	85422.11160019717	86099.3707192664	98741.34737338722	23221.81845067729	10726.05307853991	10559.99088649568	37136.26314374387	67375.63057827813	14458.153010384163	12324.650252197163	9755.930079711907	6343.030717634996	10857.9643777419	2031.7406528743097	16573.298528882704	19886.54935722585	36698.56392875748	44711.78945674857	60491.363226242494	105970.6213989751	8956.200349279947	131960.67162733074	20836.281006575555	17436.45052698811	23156.943025972647	48168.36964975087	36029.494927814376	13341.81512056853	18902.916806127927	7875.242491170851	9506.554757163243	6277.1473395457	3810.7771517892	24686.976264112916	47409.03775259367	39766.27856780354	74584.08677710881	81486.34423790599	83945.06057193674	103215.6702073479	111666.10880864791	17394.424237574363	20968.398138696233	42026.32824988501	75215.96971707801	46477.171747932785	32110.47432044414	35865.13830258309	24656.156412696466	10644.524747963469	2265.6063637357147	582.5412451978355
613.17603_11.225	0	148.09357784392785	1525.2522142708447	15854.530862550424	2135.4372803508113	108821.71653482688	14277.532913127485	68382.1778926066	0	0	0	29412.108904354955	114185.67095171055	27636.62149949764	720.634278623038	1208.125171555174	9011.687256100815	32095.811668431412	7447.049333550367	176.92042460300297	1319.8330473072078	3261.8489380241676	24196.077135706284	13281.457913937544	104098.05122794208	49306.04215093499	125292.4527834047	0	0	1866.3450578583852	30377.325419885343	112026.93089936477	33943.75683173441	0	1211.3047266115354	7540.431007836618	24855.06799133716	15790.405401092714	4898.682489807929	15854.435613062022	17177.65609345435	30107.10891658876	8775.462663853532	69464.84274740593	19705.111691437658	54584.20414171358	3216.822427780199	486.3424436788284	14811.134272623234	24641.934615918508	47329.59824826456	88.57077334048377	1004.8318448713981	8416.516985750943	23430.65124012379	8923.390570132771	4659.33926499183
625.1167_11.913	1835.3726975116836	4746.314527249037	187.52637337754965	3225.479554848683	4453.442932708215	1936.2810156324463	0	6792.513561576515	1479.3836081207937	956.1947143495497	1584.746154745458	3551.6251912455295	2215.3194847367445	693.3849763702351	0	1092.6295202059339	721.6931044683488	285.4231376411709	290.738443499381	112.79916665436393	1091.3132627280113	273.9698924860416	2412.7376322125288	5202.622079711635	2545.6140361713915	245.92685569886632	3720.502978051827	1361.5076244912168	93.38364178061374	548.7089125323387	2899.7646833026433	867.6796366407988	1132.5515358137652	0	606.5629128579378	885.5489581016511	1333.3213921986298	574.3345798231818	1524.8562049360255	3423.442653584149	0	3925.034345243007	6227.206171754218	3662.9652691927013	956.7391572925284	4353.460016627568	156.20481954612603	1347.3910247475742	3407.50107137208	3705.715346280404	2336.64989644761	6016.001117684216	2063.9452597733957	1569.5729315329463	701.7055070271564	294.86697748918556	161.1275827076587
655.13403_5.583	8111.7674142650285	9237.555374870428	8672.810059818688	4072.858317100104	4535.8612437384	5593.3565794633405	16879.783822882277	17572.88403034131	7035.484082440613	2920.309214370622	872.5692517426858	11879.28198528285	4221.049649444648	4102.501081921362	3476.4146881393926	8621.861267732322	727.0762921842809	8351.29858367222	6135.1995278320865	5032.055525068523	4521.607939090073	2586.3844335764297	5073.184632907141	9060.558960286184	7430.079894514045	19160.924396186136	12950.988882273701	1425.4170858606753	4444.414773797183	4687.3548106212365	9012.90534050948	3233.5757189532746	15447.057368922853	1497.285231370827	8993.812430097727	3741.2591358484015	2518.30493151556	5090.203544484845	4213.308506363002	13090.616616833595	8864.438826264879	6605.052516060416	4410.035857105321	15828.976930052782	20850.06125995911	16539.595252681946	4841.676406834252	9797.937208677786	19455.442422580858	12589.905640665236	9730.076094075228	13810.079522590111	8091.211417011531	9407.125567580115	3392.3840202849124	5570.219645853692	6283.4477744051055
664.11713_11.54	7830.8136004055905	16522.817797621807	18289.642922296513	9873.230920109952	18429.07685902501	14369.698747097551	25293.893944613323	19769.723876915094	8915.551597455182	437.80300530933766	6600.956580788493	10569.532260652928	8849.147187904602	6746.943335347406	7455.599312029273	5456.5016177534035	1051.907804402188	0	40.4231684182907	5579.469264736618	10431.682120926027	14155.480303634797	17208.201131021724	21359.93929614945	32531.3799016262	15185.534222694283	21254.07913867344	9014.201980695008	9701.867660616597	7800.677805254177	12803.736290158091	232.33078879048617	120.47837441742686	6797.398712957121	4729.612605845935	1946.5905037398895	0	721.5369535721733	10533.094496138969	16509.887913681312	11126.120842861636	23937.932692977654	28905.405854528915	17104.033509852863	30081.14317491764	29634.77442806698	4533.0838194909275	7372.676533940186	12975.616284557686	21912.87677015898	5976.261026412936	17429.772681570183	11243.182855580066	7298.986610537836	1267.6613200175568	0	125.88042648645957
782.50671_1.677	9284.048485445483	0	690.4337288374719	1005.4120994751885	18419.312275659802	84232.14087579149	1063.3498639182437	1307.012008671043	1797.166943252502	260.4661777334441	0	2763.1742698917205	31592.13883439981	353.71862106272965	1652.8129235358795	2053.5815207464743	169.63461389055533	476.1304111040221	1683.8324091576478	892.2693233177326	8308.570693873171	1738.8716080804963	1891.726291929146	30260.130238516744	66312.7354666998	0	3212.669009384524	283.41824372559955	1307.6650066696745	841.2868533432038	6417.665296455553	34639.96758478759	2312.7776907184198	6030.920609583869	25445.35702773406	340.14761210156206	387.4915435366412	0	1149.9511578968675	0	653.9385138290992	5762.913395808975	11348.459969442554	12633.524473955891	15044.853527793159	3790.0884946593605	8931.139073671693	3869.56612912347	840.7255308174442	15503.355541713281	29493.140412211902	762.8087258799665	3270.8430165885284	148.29621929322167	582.5254116921872	0	271.97766874103354
784.52203_1.676	6827.151521702914	0	368.9770614863633	2383.1191650186493	12754.908963227796	180028.4662908875	3087.140195784922	1536.5693633734459	2681.290266641366	195.3440599352386	0	4082.3401159656437	62788.70514016657	235.50645249198678	944.5532999500087	1964.3214553748794	233.4502540736547	681.1775770293564	6607.6744313727295	1095.5976580045617	6436.803832895298	1476.7135033089558	1744.9859630591618	30150.269780439263	121074.01329027327	0	6442.829986936098	156.56357876652356	1066.9826872841984	2543.6104572329054	6644.832623034752	83947.912326778	2263.2359210513882	5275.0531176741015	30659.608442546647	234.92712195599034	558.3731605958608	0	669.743529781118	116.18819713680139	372.73462729091307	10473.744389891082	8870.741966816038	30410.345885762647	18907.47144925998	5055.002032684814	7890.713190550508	4512.822124757856	717.5148738746594	15491.602091141129	41168.01873814607	1360.1492509261436	2261.333752493461	1657.6497441195713	539.5362915379422	0	541.3249869282456
116.07065_9.667	458568.69681168615	413427.7527511335	288731.2587266847	461063.9463097685	514695.8968204071	741263.7530724354	335651.27798026556	617919.6456687314	402837.96623217134	236476.8722410999	360729.26386225485	519116.3343625526	968730.9729981703	3284630.9608751764	207245.89657868404	370461.33321025205	738722.7958811687	2568001.082239951	935655.3992997337	331420.97643953806	538124.3214916325	1442050.6301894595	692222.0921536232	375266.9442301358	905952.5040413521	365970.96819812036	951760.641291914	504273.4405442281	383987.36835153506	534177.3358940302	750585.2457774237	1527544.939365062	2862778.550127136	364589.9506464036	538340.0503218657	1376279.9378665714	2184160.4532377278	788144.0135168402	384984.0645240284	626406.001178698	629265.2412465661	725825.5960917588	775640.0670239062	712414.5721885576	510506.94582911924	1156260.789268183	453596.1286601863	378767.22965351335	704122.8684234798	705746.5574214383	1187327.8808214625	35001202.43504964	446175.8716190961	855864.3070291259	1707876.5195029587	1819774.7076430754	804261.3321904459
119.0354_5.593	7251.388105446285	9831.897402186572	7473.334916014146	14053.687849967568	5933.994671386999	26291.065805508624	19845.465440648826	19477.246903193343	6490.868298523634	7542.069894269588	2319.517280911643	12019.531768437957	22453.01730641784	7251.418471775649	3007.3361287858256	7910.249029885071	10020.034029481843	12771.279972516219	12186.837010897465	5942.925393484522	12673.986464393241	4747.142067117562	8608.56431755541	13081.44911449763	11212.928603227017	9880.941179972015	18584.392430428237	3936.5874431765465	6894.971650248571	10803.230788006953	6848.249206456023	38576.1235393994	16931.215193971737	3868.1776126411255	10612.375137494617	7407.3564236101975	12596.402759699728	18163.778675029575	2588.9461506665743	11972.039070618677	13308.40387450427	9922.521299853299	11417.77051063499	21432.04516954552	24421.10762035318	25039.098820403735	5565.552892074989	9024.093542326144	15579.7703399561	13178.861542740646	21490.35225492433	12599.204782573637	8605.857341145247	14261.028347691665	11406.385138816497	7762.110669271915	10416.320357797636
119.04934_9.602	1922.7964212998063	3387.8869508191156	2785.0868998027036	3510.181841617394	3160.1247897295066	7663.3945931582475	3118.924000749497	7995.722027871454	2617.58314047651	1381.4160752111598	3177.4279781575697	3671.4112188073655	7300.742696475596	7339.503339795757	1452.4863882034451	2384.8719631263016	748.2056147787937	5037.85834960518	4970.465883821744	1716.9669231805121	3727.9393799392697	2891.86154200272	5245.200789281601	3942.691318511082	11251.858723846384	4995.077502813203	7829.762712557263	3524.5111453065956	1771.550870873314	3068.6939875032067	4541.512269595551	8614.2175419748	5954.728551768544	1070.5257074605613	1394.3714446617707	1110.5345677087432	6595.242555948687	4973.80540002895	2604.4451728559047	4588.710621032889	4480.272762701498	5779.559084583031	5968.362205143391	7613.182997437625	8602.015671820582	13263.104337922641	3071.704640263943	1836.8616548183857	4388.739237844463	5024.523419765755	8842.718517708383	140915.55826534267	2920.049356436176	4453.813360521444	4642.056032604514	4627.307400834891	2987.0383029127183
120.06577_10.505	96115.8883651823	219378.76351754498	105905.85865739897	134256.44389406318	179145.62638034445	480667.88841682085	138581.94892981643	381935.0227672812	133989.18476231248	84027.91036739048	108248.10409918881	153432.52881579762	367298.62039364135	191495.80444306077	90199.04032386628	105985.4459625861	50362.16643008396	96790.31723842908	94100.63629197037	97807.97501842152	146392.5804675325	98819.50522229628	205101.59092139377	211566.55344710793	621706.7018371528	195027.5848312303	387212.2624706931	152513.57787306432	90967.15794897146	104654.78702505746	200086.08689264226	412814.4440424373	168976.5297722399	86268.90038041591	118918.93315200749	59398.154476585274	103008.35081290425	92004.79805066556	131375.77351667706	250877.4938926091	137990.22384290549	288424.01148060703	287633.2794835132	444162.57056266366	262110.37718830945	470243.0403757833	105738.29874937894	104248.92030733384	226972.10478560335	235590.50827120148	328834.0065713301	634366.2998674033	144921.25677133695	242318.51214480496	122890.78881611986	102947.97440859755	58815.00487558291
120.08092_5.918	9021.12	66313.72	46496.5	96985.43	87458.36	157998.97333333333	148124.84	277883.38	70216.48	5565.8	45857.08	91418.35	210426.33333333334	540271.6	17004.7	86416.32	89229.47	270943.70666666667	269054.88	39643.92	126276.56	78275.84	111847.97	64428.6	357410.29333333333	167880.8	251387.8	80463.62	9813.36	35528.6	133795.98	363449.9733333333	328189.78	50503	77333.66	103916.93	386695.2	196139.04	33271.4	89947.64	159683.6	130469.48	80192.36	218646.54	292086.04	305568.24	87672.76	73146.62	137099.88	131131.17	338919.76	6527045.76	95884.84	168810.68	226782.56	254862.16	153418.15
126.02193_10.121	2508.7749618701287	2098.704961597923	348.5052123036993	0	318.49666118267567	292.3492812053373	398.6967679392303	557.0131014634919	3606.649324082739	1495.4489105366717	1962.6091143649671	760.4877610726735	64.22062432836105	3237.304396013125	528.7764115553716	1321.9371409316068	341.4398587592646	2640.1538509863776	4478.650100543453	1906.1117483956352	3159.543253129086	1771.7514957495973	272.9294330167443	0	307.0082718040994	79.53029547154343	327.4961586750851	4861.759470610419	1313.968740368904	1374.5188295852747	165.3565932776072	35.73355830262248	3646.8624970975825	539.1241029510829	1341.373706403886	303.7568388173622	1816.6509679086487	1146.1524870971955	2116.116319086761	3688.0124011354415	1343.0257606816936	2826.6111691010547	2616.7177520756272	401.97078809679886	2383.4852228827335	2514.844270341162	956.5728505521121	3393.654902499835	4883.2076174005915	132.26167253959213	856.2720259513848	112076.71625839139	4033.200410702892	569.6730265108682	5739.212005627135	3469.5008221556513	4767.215156520952
127.03911_11.929	18051.52419910796	80146.55570865193	77908.93036528962	30690.76767901309	59805.82042219853	103987.79046133469	129188.61232431431	41468.12360221521	39376.90640242171	14187.831160494152	34590.517997996	28606.06329004691	87659.60750910587	5657.273620306735	14077.165780991842	38978.26253997766	6317.777885241325	275.2048097130336	96.74362647751067	13954.184649553225	48520.057158653486	69486.52219373801	37701.79856288241	74474.2108815426	164367.13120989795	154826.62274432383	44478.99995485046	20799.685593294496	13436.55555580395	48031.78794664902	38590.79928892931	50774.34324294584	1550.909460732622	11757.51049235136	28495.348081808417	4262.046233051017	266.6157342032738	1174.1337852755323	22070.831663645502	103485.95668011988	91691.40821692534	35330.60465162501	79055.99258253994	140156.16803152443	154945.18317703158	37353.468229153405	32766.846085842535	16600.254635837766	101256.21800522665	37819.611954591055	61590.71081151547	136.45691128645242	23740.72016108103	58070.54703735365	3996.735725052118	362.50828987116586	35.58943890356397
74.02436_11.544	14056.681355527406	39439.20332802138	16301.623541162196	16344.058214087705	29206.14657715427	32640.12264238494	20457.731115652317	44401.113382561874	17243.07531436316	12877.054186498013	13405.42135840607	19297.749902175037	40405.72703235577	7713.727815104055	13642.061205219472	12075.1355527283	5737.902878621885	3697.6105088683685	78.04036944815229	13494.063687886608	14906.28026404432	15010.262823949428	27241.03472676851	36778.38757584508	46545.2414437084	17236.19166873015	65187.904445387714	15324.695265576402	15623.29088045842	14414.643030034367	30391.286139276355	19654.40087302136	5835.977155319296	10036.625813975226	11606.887300343127	5782.672099653311	4188.315814030207	72.36552338413611	22968.239863709896	39885.61157030893	23624.13284093451	45933.28961023555	47675.17588188114	44488.545208839525	32472.01683335856	52400.10969577993	13708.333141545008	16737.6602006926	44374.49881951218	43285.28185927445	38464.12748112603	7104.391550024316	28236.380170939756	28308.167599203574	4753.661579040522	2410.469910933384	1446.0090119310275
129.06587_11.05	25146.077026172203	40176.898855744104	41176.567929149904	24925.157820726763	37762.625283887326	25763.679739055882	24084.393039955805	35102.20190315949	37922.62049063461	22122.95670099877	26957.2853359191	32530.11322242146	34890.73170863234	40519.44125524307	12644.561040667606	46332.958487701275	49493.6619433925	33790.04557571992	41385.3338439797	22804.04591518823	37453.694998500876	52916.54903393281	26867.23314435576	34467.94910029514	30713.97252685062	32221.810419601537	24040.950740055694	31673.27833278588	24086.862210304127	35425.47591385481	43412.13833491677	45540.67383180498	27513.180044697994	8554.708000932429	39289.67282164424	39686.92910439133	35060.26857640166	34509.95075141524	17423.49295663263	40717.28252908352	25217.534049699967	19804.212282732056	28443.582901349924	32221.70594468102	47547.396274547325	24745.79585371933	23982.57869022242	24587.43203309897	20881.855799911114	23143.116422429914	30331.46950145312	116954.67110535348	11095.057880382421	31737.971497881364	27268.55105683118	38660.11500817801	29018.958923962186
129.06604_11.6	35058.79918105639	57227.262698389	41090.57547146806	24539.620020471968	30436.16006792866	28079.97359494139	52205.569515085146	30817.86254181153	41087.58889760144	27826.0477633822	34954.273144667444	26540.524920106007	32284.921405886653	25383.798699004506	21521.393041608884	37551.42966973882	28903.35423537234	18814.976020293678	13552.765026029449	54210.130123340314	33601.12271479895	38171.30716144946	28655.31108626371	32236.87063449538	33007.546643124086	34820.80335408864	52903.047252726545	27507.150096405243	30254.10049829448	46861.77724693726	35437.59729741081	24731.59539665462	35890.87187573472	45853.06177631099	10399.701974086373	28676.855211206966	16884.111548575554	19691.958848920254	46958.69236751582	43338.46007251411	38658.028604877945	36618.55836615249	51777.252773800596	39402.72018425797	37630.813310684694	45511.63568023166	35824.54083779445	23103.9218854123	46189.03008882461	37641.2680215956	34853.660335790875	78805.03878657141	41747.16624842298	41529.71245193406	25394.06929741728	11800.889791639156	11347.809209315248
129.66556_11.301	210.62	1881.38	4515.28	2624.49	824.78	1594.07	5574.86	5979.4	294.62	370.62	138.48	3254.2	1971.8433333333332	2998.88	972.44	296.38	115.61	1497.1333333333334	595.25	589.92	767.84	1813.22	4458.43	2813.9	5626.166666666667	7703.02	10632.54	522.22	322.02	833.94	2071.44	2810.673333333333	5198.18	1060.6	0	1282.58	983.6518518518518	386.3	1826.88	2223.14	5709.68	6024.03	388.86	4910.06	8183.38	6743.71	725.9	717.36	4201.78	4711.97	3718.39	7183.47	139.62	890.94	4281.81	428.31	334.75
130.04996_11.157	3367023.4624876333	7077972.72587215	27376.955135173503	16228.89429273948	31369.36223652036	5154008.934977881	11651469.454016306	9448507.006550685	3067578.088163285	3321941.9937853576	2217732.3104364555	4338574.5069015175	5067274.217540651	5990995.753213708	15769.623693342794	2403771.2044426855	2328468.8043419514	2402430.1654270063	2130085.117265301	3173536.4349706266	14812.738581917803	7163984.491717695	24959.56590250904	6069464.498302105	8316492.080181365	51618.43019103346	15169191.862105489	13714.952051212746	3490245.8220207603	2703999.415321983	6303947.450195444	4089881.3632423035	5372260.535909469	2795698.5671245013	2236004.4297627583	3069894.4066022104	10321.51331108315	2118407.5832635383	4857008.5077891145	31693.744018580546	7557883.113368619	8133650.49118205	7634103.134335395	8763658.921474949	13900753.49767757	56479.51924316473	3120144.599137296	4169843.440116077	34215.366914477505	8131011.225007862	7140003.493746543	10426629.006049575	5869040.419576003	22534.71607702873	4918594.120789145	2358086.5669489605	1647337.2021585703
133.03175_8.095	150.7887908757567	145.95247202964018	302.0849197672532	2730.8962524056337	318.765826071332	19243.155982237913	976.1192131441705	7705.987268295041	0	191.9974321455312	114.82043936326102	4004.253351402945	22843.97616422283	48500.47494071301	0	290.3677367624109	244.18667492213532	26250.85581496064	26087.79749190461	0	202.285644927732	307.62926469677205	579.1562476116856	956.3692046189568	30885.658014519893	1847.220991103868	20536.021290065608	324.0860155595441	0	424.24836743753184	4306.863774959581	49853.59223704957	38463.360730775574	0	327.0492996815455	508.19811846161747	37310.487457850104	23534.899918831437	433.57912291941807	772.7002340833711	671.6534452471726	1314.6916185097696	771.3244575023725	11899.69283575221	5085.644728867563	30108.30144672949	913.1316809210957	268.86744561338287	2632.0402208261467	2347.537073654421	36144.36454858011	278429.27737735957	175.04144454659578	1201.6073426389455	18505.736196813363	22959.78390965286	8283.985437475827
133.061_11.136	69373.37861784926	185486.23355318847	154879.90336736213	65591.51159644937	153491.2735508241	244314.99996380345	257616.70981544926	202655.41524226515	86499.43154910562	70705.55237352218	90735.92811339606	69247.7092460773	166749.83640975395	107311.39436430397	77785.02704852774	81770.39904460995	35112.7695191656	42856.35306451199	54015.83353868753	100742.3950450528	87764.55858992608	128214.07429479223	93977.39324022245	178370.62143741478	255505.31613216846	296441.906976687	383528.46287390776	75972.19007859004	83476.87977906289	88699.47431147579	119442.23208472463	130406.72511076341	78498.8137245847	93153.70602115644	65423.32033406252	36457.38309883214	56354.021876576415	50811.301334742624	87452.37183856792	193201.11260696358	170782.4383844711	177793.68141744245	260475.7835366107	171049.6633415611	380092.28425771056	207624.36087908273	79205.90023656863	80651.07522090223	202384.37235318377	170651.28539080714	162687.87516933036	1014403.0918931592	124097.9098008577	150865.5048279166	76852.86052647121	47560.060287978245	29541.812318842207
134.04491_11.546	325685.84514898347	926304.4991264705	421772.6587272141	416268.2078845224	681726.5345041782	1073552.5475376933	528855.8321939969	1225536.7838041969	390771.57997194014	285799.5975285237	321725.5439570107	472514.2519213193	1175202.7802579517	216596.70865504115	352186.98106023716	316577.127718222	138835.0552120087	92670.65242664512	61308.10776933357	348830.5756852779	360579.4375600122	378683.7516088384	697205.7446953566	967907.3900636483	1093241.3733737385	490814.1846484642	1858395.4297822788	367660.0806479566	346674.8338246859	371820.2022864158	829936.0736189319	673009.7135225543	168766.2316520906	296602.05581981223	303758.6108256005	135251.05401670496	77091.2666692955	75698.38404507557	535072.9166358585	1024079.139888052	620150.5089052841	1276472.9525823959	1240092.0278471743	1218101.3005284409	903521.0261057126	1423988.2606763933	354500.80808276177	418061.71780925326	1125154.845149817	1147754.4034728704	990886.8840897802	413973.04376596486	734700.1577524036	702749.4837400854	137756.46454775572	65976.00952788338	36123.651557952675
134.08122_11.557	32730.302976488147	32930.12455740015	36460.96584824318	27266.693748637765	32680.42178677438	36106.622525762745	46035.46153569216	33754.650725798994	31264.19019003971	28117.608828555516	6143.255992196895	11530.311593866427	34964.714841166555	26773.092653150226	25779.318384917508	28423.95887178679	14127.502951243012	4665.5688173388035	26671.174010041657	56219.62648078802	41557.827354243636	28414.420482078756	15957.725837209995	21110.461601491654	40886.66423042867	47511.17366716476	58137.10574219944	24921.027607383105	30192.31964417967	34113.89421231713	44410.39703204974	29560.758463961793	30627.452386097582	40635.48193550014	15300.962141577318	17836.091608824932	26367.778576849727	40864.10664824617	35510.4931110196	19362.77459901352	16516.598929997428	18021.78356885144	32848.86288580367	45859.96743829957	48823.291530402545	20167.623164600696	30727.122354987194	22521.29652413925	16638.121078372755	15055.589078955443	33479.33119801506	72018.04755917825	35986.382431447295	17865.932974153533	9088.692048020945	27919.39395500395	20771.206488403106
135.04745_10.397	30478	173123.04	53332.32	58989.02	59762.56	79255.05333333333	78473.88	110748.36	33275.6	29135.28	29586.42	62480.58	150251.36	398961.64	29132.38	37478.56	208481.88	289286.08	355691.68	35131.92	47161.16	52958.56	68675.06	73661.64	102859.29333333333	111886.14	136265.49	38996.36	36859.9	47932.24	80934.42	271870.93333333335	306045.62	33439.12	45797.76	201255.86	187204.88888888888	324063.34	49781.22	62942.24	81370.72	96785.33	117344.24	128248.42	151115.54	147889.42	51985.7	56681.16	91757.5	125679	212886.6	49570.32	52461.6	79146.06	207773.58	240226.14	258347.76
136.06171_5.611	1188508.1103791038	1640635.0645118528	1434152.2116254575	2522256.9137580963	1063369.8029214526	4188785.643387097	3310650.3656856297	2993265.506990859	1171179.2663571322	1556234.6503888313	1134817.8720069986	2253009.1956652584	3625601.4141375218	1143923.7657071862	1018103.5409650907	1463510.4080614306	1995107.782859418	1985704.1065974596	1713333.1319652293	1020133.7278072046	2383964.3732996015	1692523.546304675	1663448.0700112903	2459597.4435663573	1726552.2256064145	2750416.5671110954	3058669.445579881	1085682.356251428	1428108.5708912006	2224414.71142558	2497858.9005882917	7340105.291807782	2691591.2006561793	959160.9311947387	1962292.1283758825	1453583.6059746998	1647598.2967103864	3404909.2384382617	1223665.7539440969	2288574.1013266956	2390066.9196384107	1594665.4116432574	2281782.2643990233	3305507.9579747017	4068717.801356694	3925594.5410341904	1880563.3943518237	1640894.4146712974	2656618.161248374	2170234.582291238	3363447.9918468026	1195527.98136594	1356150.4779117417	2675027.4213505094	1975572.5397303903	1229756.629524156	2057298.599148354
136.0618_4.263	30894.51408173555	36408.05902201812	31627.43502360872	46696.49932702083	40689.39145496427	256452.88591198224	60800.46549489721	58708.929398737426	14927.78223361305	29641.319861175176	29129.228189590456	52083.01541289487	701638.755924255	95502.49591369534	27774.371016868543	97517.44149015272	82389.84409369036	40080.41181425057	50212.97884692272	1304.0519486292185	73717.74318600878	20533.917583536768	34444.4661132153	45118.13265885156	48873.61876489416	92357.26795310188	72348.88738779086	14818.949790465322	22170.92721212829	57650.60298052779	67744.73556690023	203710.54526695973	392634.10182215914	24110.871567782153	88581.34587636018	49486.68804808382	385590.3814384615	224980.92321942866	35220.52138748092	57884.43242198959	59032.86943170519	39372.5768514581	47282.477110442334	123808.28248650055	61184.239939549894	75721.1401367333	37700.67131332397	44393.67343757415	58124.413966073495	65052.01485643429	676247.8146366584	103102.62223636857	46627.75207970514	138198.85712723335	4216.599959648401	220266.3933694875	244721.0903136472
136.07568_9.615	16084.063092518341	22974.691839649942	22372.629041253935	20200.369342381706	25572.013670704815	33723.76993234758	25490.401532051525	43025.50284836706	22727.62071257743	16330.267807378037	19419.23780499035	19939.933664393415	33179.08130355919	36398.272252464616	14320.575076347066	17309.32624535648	6384.234617764346	22517.728155196044	9671.83572255911	23145.775907237203	143199.38924630475	23939.05665490371	25804.73437200108	32367.07842249072	50289.71093451365	35095.65346577565	41258.42728329606	25063.100711282153	18334.90922178373	22328.01198320206	7114.907920024614	39858.36730116612	31400.949200146362	18752.747209114983	18080.628444391114	10186.58691949266	31192.742454204323	25516.988182900535	20602.547000909264	30386.42349037947	30522.85060538148	27836.758618240987	36188.26244525597	37932.13701119481	48421.34141699012	61818.283802217375	19446.43820290308	17688.62715771336	28024.577935249366	29302.03454632398	44056.95688447928	632816.1049197392	22263.634861612474	29370.36395469446	48890.98908903449	30646.851644378483	16936.545710904742
132.076848534596_11.465	32335.319460868413	77597.74497259906	21339.451490167667	36610.45609919897	38267.415267341865	22630.720981518374	15747.124989376194	11445.559866635293	61840.65696134885	16260.599084635955	65776.7441455362	21806.61809383597	8574.958265595058	66865.98898817759	15222.299495820032	40564.23498720479	30610.68913721948	15446.456458040591	12886.245444240372	38015.292161174104	149922.46168191583	24287.38271145307	16880.783162136733	18206.50878525192	15128.938807338682	27534.619227081464	13171.814038945717	104360.44667417204	23325.882489058356	52637.88390888301	15461.975883417017	12414.2391915964	6907.307368779282	22404.695436933325	35205.51554410296	41872.92831564709	16023.352981451564	37531.87039765597	16455.445276367198	74057.20719071248	19724.44799929289	13953.126784920645	25909.363366914353	11897.380427974977	18682.069496081764	18095.29497509855	14097.54322648184	23316.314018593508	44189.700968859455	21166.03474464045	27043.549333908988	27555.791853632883	21555.665214482346	23929.00392934575	22769.451048283776	25956.502803625408	17356.77571468136
118.086437930908_8.1025	2554689.5345136183	3502297.582625599	2623245.8117032903	2698059.7062279684	2763259.3567115446	2655005.095052463	3578033.971448488	3641893.3897490706	2378732.317760222	2454098.608525327	1813200.9220777757	2369441.178932524	2742377.8681662204	4160624.339856904	2188856.757788161	2000162.9511594165	2407470.683953682	2914892.087293345	3908194.2835302185	2142794.407302296	2598226.138480922	2483108.0007406147	2254173.1205991823	2719139.5387374135	2551901.5126935914	3467839.070624848	3791471.3246080773	2118961.5117530655	2986927.3761203517	2838762.7947784555	2882792.2190180393	3290012.7213534634	3682801.9112414247	2116213.3813423784	2087132.7866166916	2521114.3992304774	2465942.1239374713	4561265.743592099	3011619.183013795	3469510.6754718553	3263252.7473493703	2913951.171736756	3242080.0243793135	3086410.6897152904	3978521.762710607	4267804.863495208	2645668.862529636	3472960.731927919	3654999.645692532	3104845.846845623	3544377.98323521	14991922.331049118	3163225.220301875	3486547.728505037	3403056.7699407535	4531995.262336788	5201667.707168975
152.056692662528_8.8625	59608.70140876416	315635.49775645946	47577.00380102764	124718.6058180963	26376.893948191293	116078.56233597526	128034.97250574401	59066.24277868754	35786.782998731316	97068.38488656413	60724.346929253545	92367.23588993256	174950.31747247148	192808.2698366031	38338.91157244187	54765.27121243774	158993.45200621343	108247.2505337608	210972.7734479419	31363.95340307384	148712.78139871237	35772.138553083234	80799.37530309666	97572.11698644097	53839.531820657525	55096.53762998395	92036.8715576891	31705.048517347896	57873.28975775506	99826.3867065289	102530.74879129734	352813.4606250974	155970.02174305095	32392.697706439136	110389.52766458719	79520.50130827796	99230.09168320734	278879.9996736528	57312.46089385011	120548.45787846217	92648.50612061279	83192.38073222077	135678.27375422232	98669.59590702456	125688.55603501634	184302.3909616119	69812.84080877414	87696.68941972502	126597.00562812075	106955.24928984135	202854.06930497556	56958.80670472081	45828.125643544096	109281.7882984631	105650.45631349544	81549.50290468482	181248.81990587467
110.027351360366_11.0941666666667	1751.5016786287943	348.6674332879351	610.3767601578256	2351.6513516908444	1527.7297120655724	3673.8676695613044	2331.164966664582	4422.431668334782	684.0903959675711	1868.2632036931984	356.34940809068416	2996.9746578704044	5688.913201331947	22672.980408095325	1502.641093045905	597.0387583464941	5620.9815767733035	28827.580428712492	32657.260205807197	2429.950156897156	1895.43007735842	555.7703883444034	3738.446604656359	2396.171033271203	4722.752650163134	3440.148471068862	4240.245398677089	1404.3388386170475	1996.188854112392	3295.9070305336127	3526.9159407298944	12121.694726807273	40039.35125694043	1660.4956865840331	2595.94551531665	8967.59537410526	31733.124459240593	37749.98162329667	12722.144557216838	10183.66528939493	12502.57029729989	14236.242776894582	11887.175532086376	12993.646635125848	12120.392438907566	20900.189734733518	9395.63115326694	8100.5763684990125	11660.569135180493	16532.56217683066	23064.069345059426	5795.2295569487615	7830.347098295494	15600.678533400194	48890.71109328676	27043.149706718446	22377.275343276327
148.060338700878_11.0833333333333	10159561.311079295	21357382.847810894	14012894.568446977	12999203.79345983	15486640.893443558	18818252.21594122	21010546.406353783	29332352.799977656	10018034.909918422	9154999.803750355	7642356.307413458	12442006.516289482	15858463.510385541	12300188.430479163	8711474.804217195	6696249.028276447	4765826.510262684	6594705.310935143	6103336.7601177525	9680755.282064114	7899456.32672126	12521122.031075258	15536411.31020246	18754708.03912181	17380173.32155064	22516998.977360602	36539865.7177313	8103107.027834764	11128416.832517803	8353176.181342935	18979950.606489655	12278767.142347792	11135052.447370198	8046692.618022036	5804955.049776256	5688048.666266727	6203627.078950865	6131348.078982416	14920769.014414435	21562729.582289837	15791685.043313148	25847842.618781976	22880941.64547724	28106882.394496612	27603240.0453341	30648508.111654796	9365520.545681488	12767618.666916344	21265421.297991425	25005059.715180896	17747017.727218628	1953873.7161461054	18191283.211046223	10863618.81552194	8393338.75399855	5373859.791777492	3631074.559708116
120.0657208084_11.1716666666667	15216.428544403454	45328.45053073622	45618.811288993085	18527.752288657925	22094.38379390476	41330.531068947304	83171.510947002607	47933.24886604908	20819.195008680086	24359.224022850754	13638.19284970225	18023.94422654726	29577.369532008284	18363.297918136184	15968.759453898889	14358.530035306358	12884.536758325647	15395.067740165014	11191.263531355515	15854.657849896183	27403.20118641958	59214.33534741439	21450.3955298139	48552.56269956945	6960.562665910124	102931.80393740095	50785.33651704047	11439.051915321908	20625.010326073112	15689.092881363968	27269.110867506224	33846.630899911586	55059.48476538841	11158.617034913246	10650.820065566515	14264.105727432148	17828.747307597245	12592.97735354763	21070.363087158985	48929.24297195211	28744.239274801115	45861.82052361648	59208.1691191257	50189.045329083085	85121.00570687756	59149.272532032344	13410.200832828257	24826.0904660813	39692.47757646616	57371.180490799525	30678.944489828074	56671.65840901578	26262.436827949005	20743.673053884308	22700.91930832034	12722.882368268794	9943.026350589424
132.101977330312_7.65416666666667	4594.367601816652	26134.6673878915	134739.01034160922	215638.60464639674	153438.27685746102	386019.4181713317	182423.20333367144	530830.7442509712	247146.582812146	66471.46599241433	43759.420520290776	230679.1271360439	495797.4553826242	1079680.7461092554	103128.42638216288	164145.24926701863	162187.3568024797	581987.5771432576	602217.1849987381	17425.950341438966	209100.4132491156	52555.78751449813	188027.20406438663	36357.88780050731	626798.2160667862	123374.54662107016	393275.9780291148	198390.17880379278	61198.482397374435	32692.700325686652	58879.07386714076	756457.9260410264	816795.6283649716	38560.97634079414	145211.6563298951	179265.20755997262	733981.7694120205	504422.5799967062	130235.58653880151	380452.9218998767	182721.50321555912	343557.29510527535	274846.8379326055	519630.3133573603	236115.49183447243	814995.2279056608	188421.1487141874	231844.7530101008	303357.63897527533	321638.0584258263	998343.8733389148	7723322.334439032	75879.16427306356	511386.60429687763	770814.9836725374	753026.0015244372	458796.3932916499
150.058339539518_8	2564.7049953348537	6880.996265354148	7155.532445489266	23796.892866312057	22761.754981515274	73218.6506273874	27182.050079036806	86223.499512673	2439.8636706511675	2260.5876258626613	2993.8009733031236	22178.104595838966	92500.55474024931	180963.48625277818	2256.016329751203	881.3379625591853	10031.20380947942	106767.91777034847	98038.83905849297	2453.213402052947	13439.543307055812	6932.189924547543	21673.830448299246	14657.997407461173	109828.71566065642	42346.11172384819	88337.54762713557	10051.41038713877	3036.755890123101	11373.726996381327	35950.01706991437	187359.0134135538	160088.56237026202	2140.9829789202327	1952.3139728566664	26254.818452595282	153223.80443619448	93324.33455585371	11867.89501119584	28040.5019165106	30286.79780220233	43965.09749597034	16670.755953330437	86524.82848158108	77878.20214036963	119843.12632844663	23837.480513096438	12110.445490276357	29506.120404183966	36007.10713846073	147213.47784561332	1118901.2974179396	18549.492569146547	39739.37223932707	78025.8869994931	109402.29495268349	57281.32200109939
166.053377249304_9.6225	3509.675830933748	7059.566125600636	4890.8880005821065	6939.462466819502	2977.646541400226	14080.136840901861	14569.981069008609	14032.234707451224	6846.41974000278	2984.6863356414647	4218.9104168756585	9194.66582170973	20841.045193101905	15876.28028082982	3683.9345839219673	7822.834753188154	10115.674045877995	7408.511048363574	22540.6043810953	4707.722678806757	9139.712530234707	8555.22395458317	8907.987719505334	8472.020898275461	7889.55472566358	7111.4503235350885	17159.782231778634	4809.32905844488	2977.77659361627	5672.570385326153	8702.848745146579	37410.038013274374	35776.10911348169	2067.57044088648	6293.56544606721	10112.348183626818	17403.388844145287	25134.905474018236	6139.372667722308	13660.903354062648	11056.147014771299	17720.453804856134	16064.237184209851	19216.529532641485	14533.011470310099	39963.6731582145	5329.710578569811	6870.31346010152	16052.589893323193	22146.313585272444	28484.7044144499	310777.8388846966	7677.817495199511	13739.626737336435	33666.715839569515	37986.16724451703	18691.720590046993
106.050245784316_11.4341666666667	65182.57850838532	111257.69782480436	58479.036135164424	55386.82869188415	78157.60372929044	99889.2471533154	66395.63601959105	139385.4317043887	106169.77243285388	47663.34517574581	87951.4887838096	62621.505001890204	92456.71120777824	87678.4256185303	53371.06057758291	78096.18729972947	29439.192454666463	47629.39305361236	39658.82813213827	59697.131051407734	120290.50467315615	74144.9390649179	68196.70994115809	73631.26725722235	104638.32417164234	82423.63683498913	97461.0438335626	131667.32654258737	55002.342784572895	57622.11689492298	60066.35198354747	96436.33137996789	71953.36573275932	51483.152668559494	53160.102672700945	33461.75142529918	52071.63810294193	48978.701026322575	71701.12689895615	138467.3353669848	42685.320261261404	107998.90970450168	115179.75274494811	121472.97609276012	108683.92460394297	173212.93177805244	39209.91306257754	46419.50184164918	122035.03217708346	95596.70769242205	136872.10196061523	1431770.4196413949	77857.00183175819	112527.3248244671	60469.46434141803	33729.65882505632	21434.359117754342
189.123424701781_9.36333333333333	16729.960820314212	20003.863829933747	16403.605644416428	18822.947221721144	17733.586980654178	16482.87625119791	21762.172931847712	20836.98512432548	21313.081984144796	16427.955481334928	10619.376258692888	20918.061887695785	4881.7676931318265	21091.775197982857	12527.357618464373	11687.574884328731	12670.29809856532	21505.338227491247	20968.855714995105	18444.97851939232	16044.995285953522	13851.039934956276	20424.085642178445	16937.231246172927	17547.436495359932	20035.277795274706	23060.017274446647	17898.75456297528	16871.351912923892	17989.819971272173	17832.848683180095	18280.159380872534	21858.767848849624	41820.224008038225	32040.181501237097	33653.117655651484	15741.455826822248	36479.29366439692	17598.995757238703	17934.614757797932	19959.57200600427	21126.7943889616	22356.93290510778	19183.59672357121	24785.96435299505	28947.26801222513	15886.938746204558	11490.516195351058	16460.269392066388	20770.684314701608	20448.74074308212	14386.053135053377	19382.117731536648	18141.63783889918	20418.327136556574	25750.805039175302	22387.893064870437
290.134687338825_10.2925	13214.579316259897	33212.678705515376	25638.780075245442	29650.474144676606	32345.269170212283	98089.90315830361	52756.607782459694	68823.06190640562	16189.06549792779	12229.401105753734	15110.283905762328	43192.925909128186	91403.04863113309	2703.163265813157	16694.962494098178	9738.853137033053	11769.91367139742	2429.567092360997	308.9219475791913	14209.953255052525	16663.057534476204	18886.24018116373	45443.72209660715	44317.58408925223	115543.46996549604	91936.85154580965	103723.842272236	16526.799263828096	15798.216157983516	19277.9943834586	33978.156625548945	71584.38134949931	10631.188643872636	14552.27207010958	8339.64699790052	13496.982193477268	3304.975490490194	2832.544519468314	26718.295967866463	51879.20036931518	43084.06186133843	71782.64906589835	66548.02833671067	84905.55148277596	72245.36247159702	103519.73792067062	14764.030998673325	15105.536809340318	52672.6312223643	63675.046298918605	48747.47130035543	9141.679863471332	24856.88586768202	21791.68038347685	11022.923458568202	3357.8545128955093	402.035031962927
130.086364489265_9.40916666666667	23042.231117040283	20681.113024440536	18813.363850121714	14174.41970387323	32023.859434039412	25751.816641079145	47546.64018799664	43906.78568886263	20449.738194848298	13221.518484444568	1684.3599379168343	17582.183542926963	55305.62470582223	495111.7252790416	12677.26358943095	19701.297180032314	37476.18766771511	599556.049052588	805979.768172489	24828.189332070626	14879.059263573843	19472.658384196227	15376.443470439608	29414.521534611544	33255.55201234724	60790.15187492418	62708.61585306488	16420.910114538314	13796.105329665746	16041.816765270518	35149.498854467405	141651.55676903567	923790.8367631854	24695.31345779923	20492.428531994145	107103.23460587353	500225.24873652204	884992.9474340599	11098.893832194019	22504.392070983642	31734.38337239478	48017.85380558422	57362.66674240162	59530.160055790526	85095.19442015792	72163.51130763353	11787.079856387463	35326.897691849794	43884.471227702015	47390.508085772235	133757.40277014888	215279.099309445	41015.778589380854	57737.872967846124	427576.26183376217	1070768.3801666116	874817.8753688135
144.101928026043_7.54166666666667	65842.98	233905.92	75235.12	59438.81	59588.18	46861.666666666664	51467.8	47479.03	59161.7	101711.34	74221.22	91576.62	87366.91333333333	87228.85	67876.08	67301.54	53350.49	55060.47666666667	107705.23	43509.44	54475.94	37819	34486.69	38397.66	26343.146666666667	80594.12	34808.27	95143.94	196460.82	93576.2	88199.25	82739.88666666667	68019.79	61289.94	46260.3	36287.01	37770.53703703704	54639.09	51817.48	71085.8	56963.24	47331.92	58031.76	44504.82	68333.94	44456.3	58741.08	53809.2	65638.4	58090.69	51979.76	310089.28	56381	83684	50108.11	90262.65	83630.72
