mz_rt	A_C_0	A_C_12	A_C_18	A_C_24	A_C_30	A_C_36	A_C_42	A_C_48	A_C_6	A_LV_0	A_LV_12	A_LV_24	A_LV_36	A_LV_48	A_HV_0	A_HV_12	A_HV_24	A_HV_36	A_HV_48	B_C_0	B_C_12	B_C_18	B_C_24	B_C_30	B_C_36	B_C_42	B_C_48	B_C_6	B_LV_0	B_LV_12	B_LV_24	B_LV_36	B_LV_48	B_HV_0	B_HV_12	B_HV_24	B_HV_36	B_HV_48	C_C_0	C_C_12	C_C_18	C_C_24	C_C_30	C_C_36	C_C_42	C_C_48	C_C_6	C_LV_0	C_LV_12	C_LV_24	C_LV_36	C_LV_48	C_HV_0	C_HV_12	C_HV_24	C_HV_36	C_HV_48
238.09042_4.005	390.14	5329.72	5727.54	6838.71	0	13836.346666666666	9852.8	29460.19	4698.52	871.08	570.82	4921.9	5999.8533333333335	0	996	2377.3	0	763.2766666666666	379.64	3995	1795.7	5313.5	4525.93	11631.46	3412.6666666666665	11606.94	44278.56	0	3251.16	38.16	10092.98	13337.066666666668	3497.39	0	649.5	266.9	5520.933333333333	39.47	5036.78	7805.58	7369.8	9444.15	11026.42	35818.08	20052.08	20305.2	7035.64	5529.62	5632.52	17903.99	28114.2	0	9188.18	3991.58	898.12	154.54	331.76
238.09355_2.556	1324.2	1642.06	3181.08	13135.14	2351.7	42523.46	23784.2	68404.4	1236.18	1093.34	46.48	16297.48	46550.77333333333	167.72	2046.62	243.96	34.32	0	0	2756.22	752.94	3686.36	10476.02	6295.46	76429.13333333333	25865.38	101463.29	615.62	3760.52	1096.72	11378.36	44020.26	273.06	268.24	241.46	190.72	0	0	3597.26	4740.26	4609.5	20031.76	6249.98	62543.72	14009.44	73744.72	1777.88	3117.98	6290.58	13462.5	24512.79	0	3769.28	2872.24	0	0	0
240.10938_1.037	33832.702621549724	53062.0100955132	34893.89700356842	78532.97410580906	95030.64023611094	122591.30509682397	489626.9909996089	261679.35425175485	23831.190944633774	43524.42317287878	13088.364916521712	51963.01154218743	98756.10229773616	8253.087975371243	45572.62644378178	49.17458495360288	3136.952498665491	8044.78956968888	5777.777909997989	77879.70720808375	25316.49263604122	21200.737796759768	94549.6432303819	86422.15406943813	67721.13686771083	166988.44063945717	638966.2265465831	22463.088189852046	98714.70421586122	37742.40615741828	104482.42492752573	63584.070667219035	13570.984494769189	525.7114477768467	8881.006950658906	6767.157508538442	6803.834229887318	69879.58293219851	28611.363012952585	24759.96520835126	47959.638036306176	148968.48217395466	185041.12774437643	133271.3615324417	123791.89683361858	191599.79111102773	12399.853474726386	22228.808839808662	58041.76635751552	100914.6006884751	60226.18656282859	2998.5393302293114	114542.58203519497	38584.36736859201	5195.48277920604	8141.721878812375	2823.725543535065
243.04904_2.555	756.4947391812659	1036.9779272122826	1644.484049604951	6723.742106564219	1121.8566873769503	28215.759457039443	12388.51451226522	49594.49975252184	629.1227236534414	689.7981896813336	0	6914.385517135911	35031.641550399814	68.22678172378403	754.614143808599	48.54621205737158	20.398712631398563	0	0	1690.383779284827	328.29177736258515	2441.1957410188447	5003.221216571466	2720.1087543793174	57084.784912675175	14696.04654043798	58709.74352482444	133.97593641711174	2600.653257696654	470.50530571412224	7716.6123878118	33842.34750336415	0	0	39.50329224526069	56.58574932459468	0	0	1732.084597303366	1942.6672909478089	1997.451885813283	9662.016794409594	2381.295181988704	45856.73683763082	9732.091671021379	40158.03292133459	1047.6077276831847	1830.115046266368	2699.6246790009604	5855.087710833032	15574.225961429667	0	2318.174050273654	1386.8653098002987	0	0	0
243.08376_1.141	1721.7747952102259	5251.554147890507	6914.99112382411	4454.662256229601	0	1292.8031871308335	14028.44171266715	4966.218401747081	4547.760978549986	1038.8934057467163	2663.2728706476196	2463.8406696251386	648.6976820836246	0	1721.7175685095237	10493.824554894692	313.81500005028005	0	0	2804.0545279823796	399.53703277175106	7249.469962763891	3104.9353916527184	4381.45354619655	29.628791178357098	6747.046993912812	11270.495365400713	194.07259954449862	1879.9589834378637	2735.6978303995206	4594.020322075743	517.1719141993816	295.63417881622553	257.6278670103622	2335.251097715568	449.50287997994366	0	0	5255.928812889598	8710.707412771459	5240.830243838129	1656.0425904845067	7032.615919504555	7804.679336418298	2105.544036823039	6000.4872785127245	3912.268150276619	4915.427377570918	3740.320192475181	8561.485589841495	6428.361107051072	165.9613121758009	5858.617040298901	6083.622292877743	0	0	42.98430533376536
243.08788_5.785	8637.784715760732	9740.989054558293	6781.8399139899375	21115.015361803453	116.51830760295708	8885.306562255086	30350.385137327263	13897.73519757772	5064.861386643403	7905.709555160383	5249.613124384811	7911.647315566054	20603.063261894524	1187.9918229837328	3400.779808090515	5053.492771483864	10173.176576116268	6661.396736275837	19656.43229479557	5158.149207140302	9420.420656618358	1541.5957474065203	9400.624801130773	9502.215268058471	1071.778445952607	1420.9934022728391	45762.382085535464	223.79041525935293	9034.576428794566	14462.43096969347	22810.98762990198	31549.616078137067	9547.684070819792	2193.0770188377896	7471.45249571514	10988.864163354116	6446.461658359167	8335.32299931226	6109.4250602553575	6898.482563078634	9663.543278709622	15072.720824326929	10443.62358010107	24737.608233442643	3026.2612440195053	18477.35458163456	3795.4295744147407	9739.87367492034	12921.063185587991	11662.26317451737	7691.6108845337785	17538.625991650802	8483.225419650587	13740.679975986757	7347.5472780599075	13951.831158813671	17814.706387695434
243.09789_1.446	531.3	1308.82	1266.78	2944.33	1134.28	5937.89	2876.68	4481.24	571.38	507.04	1323.96	3931.95	23526.84	12242.39	771.22	5202.34	3743.39	19924.8	21154.04	305.54	2463.7	1660.7	2211.25	1813.9	6790.11	3996.52	5065.85	653.04	555.28	2223.68	3662.01	36510.24	15890.83	0	4345.06	2232.14	16136.814814814816	13367.86	1057.68	2334.4	5030.84	2361.25	836.34	7084.34	4974.18	4787.4	1507.3	971.44	3348.8	3260.67	39701.4	2954.59	2648.24	9660.06	5415.75	4020.65	6226.19
244.08061_3.411	802.12405554397	854.1753172400138	1887.0800277082296	1711.802409158402	5982.7177455122865	7793.72550404034	6861.79353532897	4958.098475160059	445.7013100593815	562.972091825731	0	1710.5440805047706	12.48393589262895	0	1309.8140463589293	0	0	0	0	831.8805243827206	694.9117689717486	863.251254749451	5014.938988809447	6022.101440046235	45887.44834521914	8241.781053378807	13118.449922219019	399.00739995757897	1562.4784166005907	810.1438488367348	1810.8882566312998	597.7967584367236	0	185.46727515741952	42.936016912615	0	0	0	1220.5051249381838	748.713359539202	2070.7395003043257	13540.749452024767	34106.900912631616	3037.310489881035	3237.825484455199	9129.428971415135	461.1866466627812	669.6703105773186	1355.0525462645178	6328.3583857714975	1260.3134867185706	0	2212.519954433316	295.5411465958645	0	0	0
245.0647_2.479	3265.55583848929	3398.7573411109774	6494.802185954839	13894.029499084658	6882.243429586682	16940.626533112158	21538.405398577408	30174.95485921723	1774.479471414327	1765.3976079236663	51.81214143002323	15411.3913159903	51.11973332166663	792.3390419349089	1921.17958148266	387.1969927167891	163.3357538862582	0	0	2330.989242190139	0	8358.123590754454	12076.29683086999	10987.673181113161	26307.30247863315	22435.158274291418	37825.10294679562	2301.0578766111416	4450.756218769576	2073.286483618401	12502.597209248244	14531.47449707507	422.4577492394148	967.2100108801127	472.35010318013707	97.10456910563772	0	0	3812.0230077008005	4622.315931539134	6285.866412056264	9881.071847184501	6592.998503232958	26103.441994952675	48899.13827529379	27636.298244406807	3858.938877691587	3520.7747450245242	5410.249154855281	8645.979626541832	8891.196199567743	0	4244.245194435982	3183.5192805143265	0	0	0
245.18597_2.369	2384.875091597881	815.9746012796231	714.8632521729589	2984.2668044242355	2093.279250459877	1760.0658652963064	6028.37425076116	10848.412557105032	931.2210274033674	1302.8234470123004	743.1828912274146	503.0734920687868	4759.916554951969	14292.455788750016	405.6763293943623	554.4901755861121	2002.3263820630298	10035.623427255818	7236.566191065952	262.9440552545334	1653.8077326890814	5437.8756202301965	905.9780599182055	670.0865425438382	4885.9133136144565	3414.5422570053006	4918.266983650604	2249.0936523655946	740.5455772171186	1864.229980130621	1629.866943426403	15350.577722648122	5898.922334699764	0	1004.3064969759547	2282.397434993215	34765.50069441114	45105.85331055021	1835.5965445251363	636.0840282230944	2737.666910016702	2516.9553604832	1535.1569238843988	7453.828576770008	8491.35609883718	6166.461297613529	1100.4828641862377	567.5188530023696	3137.0581701937276	1613.3423978435662	6605.284084197349	5605683.649853851	1800.2012016969654	2508.495801071635	5816.430091242784	7983.303059292287	2936.74378042866
245.18605_2.634	1378.0724819092472	146.8530426393105	260.5738859864166	1875.0439794137587	965.2713662269911	1566.9912675163855	1225.6596880794457	3657.9260457623877	456.78598469669726	497.12924010767784	154.53686777801246	1198.2081890613204	2176.9179290287407	8801.865840084582	76.6849642085479	122.1307108228388	1552.1125113788194	3526.1400370141546	4271.024200584217	125.19927031400444	912.2732076332962	2455.448714252595	2089.9558754000677	1380.9297441355375	4048.8469506696288	1882.0573564479896	2805.2119284823925	895.6644397927083	212.70533495062352	283.6171166567304	1934.8061391158687	6251.026116278839	5908.20926582785	0	701.6524914971832	2099.565028091376	11072.189895878108	3774.9694970444066	1045.3192682078004	1216.2160522849863	1779.1493542176313	1367.923204097196	1316.8534535676165	4105.862657914377	5585.2991899660265	3961.289257727099	791.8456180589529	1136.2993115836716	2405.7565681687624	682.1241864151183	4284.278719079031	897450.858756078	358.33560022033134	2028.8443627087736	5198.650649701111	3013.2941427065484	2541.6786493315803
249.14873_9.048	1823.03780443636	2220.342546597002	599.7721517919218	2457.4525491571653	24.025708432730084	327.10101981107636	2805.926697748996	510.43027648625247	1043.1095457592432	1780.5676324589176	3680.5183428636287	1538.8174260917865	325.4220293313809	10.376628358620547	2504.210723747449	1448.727127260658	716.2211764196592	576.5260517469469	983.7320344426364	857.3254842942847	1278.9961671030046	25.4185118782075	1190.2141386628848	2063.4402680092467	14.148702157393412	653.5007537077697	897.5816696932178	27.966837352000177	1796.031758695024	3463.001640075751	977.1704022074128	476.26900562919445	880.8145760755372	2824.5150760176557	2214.923031648755	1628.4419394532651	57.39539394093655	4327.914661544554	3375.5741889505903	2016.9588468205825	1818.3572639499343	945.120420178042	2010.9444908463352	368.38012784005133	58.44890885665647	1101.7852851225969	1185.6916698065788	2359.269516433579	3071.352692318433	1069.6697519150366	623.2344559319051	1711.3982200975518	3565.4414143910176	2240.414349530744	1791.1919951616508	1225.195455424635	869.9670854818702
250.09354_1.552	631.94	843.54	70.96	1609.19	364.8	1167.9366666666667	1314.92	819.86	102.86	1239.92	983.32	1195.88	1884.77	27.96	325.74	566.98	427.5	1567.3666666666666	2558.52	113.22	1337.4	150.14	1365.12	1250.48	452.31333333333333	380.14	1270.9	129.24	343.06	1022.38	1365.57	3405.0033333333336	2307.38	0	1252.8	449.44	976.1777777777778	2672.77	700.06	1009.98	1465.4	1425.19	2151.18	1093.05	758.72	2765.52	297.42	666.46	1378.38	1858.31	990.64	38808.62	294.8	390.48	1011.52	959.42	1996.95
252.10916_1.27	24501.08	40394.08	34847.8	87320.65	27259.24	380463.17333333334	88404.06	106822.21	21818.72	32017.04	29758.08	104401.52	800575.36	179035.04	25708.08	166684.08	142800.83	829567.2533333333	640964.92	16255.74	112759.64	35522.94	47116.65	65051.32	84531.50666666667	149085.16	147972.39	18147.76	21980.8	66735.34	114020.97	1333782.72	924145.84	0	165187	96706.5	621474.2518518518	479581.28	35657.3	60740.6	95999.66	66743.22	49927.26	272087.94	76569.48	156084.31	50182.72	46734.3	78190.94	110826.95	1304487.84	232012.22	70729.52	292538.48	305944.76	316714.6	448267.64
252.1093_1.369	1310.2171506814807	2550.6913858640114	1642.7449828034282	2756.695812265656	1201.8473463631112	1880.1956538215857	7616.890211989306	3982.5036629889655	929.7831026694766	1192.564631410331	3167.2916363380464	1875.3831897272335	7362.815100938297	808.5782408656804	1565.1944751864505	4583.013803541339	978.7022981701464	7137.215782947432	4535.411134227504	3935.8234870972897	2811.5890666741966	1036.2452924062713	1700.2232316919367	2143.027937348545	606.4971826730576	2970.495193317296	2620.1004574702233	1058.4144398702947	1038.5044369210443	4885.907645409117	2817.2516834863472	10330.182992742519	4080.401349399366	0	2845.128904909607	920.5614730891241	4816.263518807239	21261.580725343916	3037.2542515319788	2429.650565221391	5799.770618249689	2324.37883564161	2077.299413875038	4350.544988096432	2345.6064907806176	2850.495029253418	1935.0214857130193	1577.6408164803186	2662.9153330983468	2845.429057973494	6856.906119316262	2698.265148916507	7727.9238067268125	4008.752868390535	1888.1667278616906	3202.8803035696906	1695.174018339937
253.09352_1.317	0	0	0	1326.06	0	1044.75	454.64	1722.48	0	52.48	0	2103.39	9652.593333333334	16519.06	59.38	1072.28	2614.4	10750.39	25866.77	0	0	0	329.46	196.3	3905.05	333.12	1835.31	0	0	316.18	1384.42	18902.966666666667	12080.96	0	983.06	2125.69	11854.825925925927	17538	51.42	334.34	1108.94	323.92	0	2900.49	1900.24	2453.8	578.56	0	627.82	1150.86	19759.9	15067.91	959.1	6624.9	2627	1711.19	3323.29
253.11819_1.531	955.8876849704677	759.3788853656984	553.9008492906117	1281.6187772145138	1712.4994954832614	3656.88328655083	1882.6681670936232	2545.7542749803133	148.40733603287532	326.3995147791771	262.4867619824874	904.9292416039872	4613.326532560432	3408.6621588373378	139.50330698213764	67.66265402962809	462.70696283098516	9633.239510977546	4550.798740679016	37.50864021278637	449.0311083312421	5878.210491676429	933.7984635430516	838.0207336363112	4434.703677928752	1886.7246705177306	1155.8759636345562	1518.7330122940555	88.40726658766465	397.7697349783754	813.4751442097969	11572.741256546376	4720.256279961726	0	514.8287522827089	392.52025254193774	15909.690114937695	4583.693790854822	407.58046038687365	210.49234930321464	204.71925684522674	2070.123116690095	1629.583585288358	2907.7966211038547	2670.6046921848097	2555.038706696436	478.5423688382926	266.3674567824397	960.0121052110428	745.739743910339	4847.256882126511	2179679.9868544815	320.21361843746564	1104.8174296602226	3592.2816729084116	4291.645927470813	3110.173878947352
117.055_1.451	843.24	1462.44	856.76	1439.63	701.72	1314.0266666666666	2025	1674.57	1065.54	318.16	1107	1319.9	5093.21	3081.81	725.4	1581.78	1096.04	3112.713333333333	4327.55	1428.64	2008.96	688.48	920.02	734.74	1535.2966666666666	1806.04	1661.14	627.98	836.22	1370.76	1383.05	7485.706666666667	3517.15	388.04	2390.78	590.87	3187.725925925926	3118.9	855.8	936.84	2979.5	825.5	953.3	2425.99	1893.42	1555.65	977.44	652.6	1776.3	1549.63	7821.95	992.4	1465.46	3301.8	1956.7	1375.64	1792.16
253.18025_8.911	1594.72	2703.48	2312.78	1555.82	603.3	440.25	1015.68	794.35	1335.6	1917.9	3948.44	1827.05	579.5433333333333	195.81	2064.74	1971.12	3258.13	91.98333333333333	324.77	2569.42	3035.12	553.6	2960.04	1684.08	382.71666666666664	708.24	977.82	433.9	1830.66	1545.88	2377.24	378.64	306.89	386.48	2576.82	3201.54	220.44814814814814	220.41	2497.6	1573.46	2441.68	1913.19	868.78	677.46	537.22	956.59	6128.02	6110.34	5432.78	1101.25	1100.04	468.63	2998.62	4985	3307.56	208.6	356.42
253.21652_9.893	444.514081001111	1205.4374945583381	697.8395576167272	3796.0190166366992	651.9988690441113	2456.1170775820547	880.043167610528	873.1378909018401	270.390361904056	322.96373041308055	411.18244958767104	3049.2223583258046	2871.774142295994	175.90468441458077	360.7323316340875	951.8525491255507	1312.6673675048387	648.474271413383	1095.4070265660991	210.12509651372616	1199.9688363060952	268.6160942390829	757.0721092840424	1597.8680414982043	660.4787966451123	612.2515920771249	4257.964829187527	213.5373199281253	409.77101790195354	1546.3338097377543	1820.244447955283	10800.867316314501	2455.631120081963	802.6929741284284	2239.4749484026456	935.8311415703838	394.97250965641	187.39053781684356	269.68307556710715	1310.9033787916615	360.1021225637717	707.640459525928	510.6951691546585	2459.111905030072	917.7486906668441	701.810007435598	1223.5403017157973	868.5819871421594	502.3799665075621	901.7252832259068	4946.544072271088	930.8706295567903	449.0269493604757	4032.2142483799935	511.7112319859038	764.1782892680388	493.4394447420285
257.10364_5.186	1897.56	2706.38	2385.88	7772.42	0	1607.3633333333332	8194.56	1946.12	1419.2	2191.46	1937.06	2181.24	3482.9733333333334	0	1091.36	1513.78	2886.21	1562.6366666666668	4814.6	947.98	2631.26	33.18	2465.46	3494.9	5.03	383.58	8847.15	0	2535.14	6927.46	4939.13	6118.223333333333	2926.85	228	2862.76	3295.71	1141.7777777777778	619.07	1970.32	1940.52	2380.54	3252.59	2838.04	4643.2	0	3862.69	729.38	3210.72	3215.78	2965.39	1650.83	1417.89	1808.66	3535.96	2081.84	2970.74	5372.43
259.07892_1.423	38.48890987885216	2943.3130265143454	910.2814055969092	1294.122897136531	289.0394360400332	3253.381806475436	0	2087.118610733604	123.71814767070995	0	1436.5434319617768	3290.3625032421223	3254.3398715800026	4941.309703108696	0	48.34742478610467	0	281.33411350621844	20.531266155525728	0	99.04002644654051	1769.3423314159552	1374.667224210679	204.1217359696306	5116.231238075252	1040.7122106885708	2313.4056421277255	671.8157245728966	0	880.7546227348146	1621.0053705628286	4454.715458346139	49495.57176522948	0	0	43.8996176996427	1262.7002470235993	259.0359472064075	0	807.9404095230806	1126.9121530540688	3704.6465488509775	0	13337.850344893646	340.7120742040054	8606.004398719779	1058.1215095639277	174.14146923186115	1858.1872088221967	3406.444136684713	11366.173708107619	0	0	0	28.894103381424806	923.8899425135392	238.36983522630976
259.10416_1.036	436.76	115.6	237.96	2136.73	812.74	3501.0033333333336	3281.34	1463.61	691.76	0	205.42	2466.02	5754.03	10679.94	137.34	1280.38	4950.82	619.17	34.8	276.62	865.96	454.78	2112.49	1180.9	6094.116666666667	3149.62	2221.24	372.2	0	845.12	2367.22	24255.156666666666	10114.01	0	754.82	5351.15	512.9925925925926	34.47	284.86	974.96	5085.46	570.43	533.7	4693.29	3527.82	2513.46	1482.38	0	942.62	428.25	6333.59	0	164.32	1427.1	2541.31	0	32.06
259.1907_9.248	590.7848104284534	1055.9697322897212	630.0433540369651	2461.612336475046	408.9506801542412	2549.4975430982167	1557.4578619722781	3007.6735194772996	438.9850754326326	553.4722635802843	1003.9506537185239	5547.914985539528	11819.89466894718	56.19418393997079	1171.2356538889296	1066.5859563866059	4653.784799633189	4353.732804859114	623.69620583461	434.7335972691382	927.8133244048981	832.7744832595669	1879.956734562169	1458.4060861270953	9411.535917381101	1279.6393681080717	3920.032006646479	406.5637219620793	407.8475817588632	787.8666294310601	1862.7140188969765	43665.7444568463	9177.907803481696	284.01221305635323	1239.7705231143516	3219.691110180098	734.9936685082766	1672.2924533106388	1094.82316428581	3720.022114009547	1625.4543512586433	949.125743236214	2480.832065694812	2783.4084505836568	399.74876353133453	3354.7040245757144	747.5948253747807	567.3143393147043	6148.823324307144	1993.535351672923	7926.168554238456	492.04746479871346	694.3227872766239	3193.3986984772464	4222.686165245207	274.9937525494513	633.9335626848269
263.13934_2.071	92.41636407089796	99.77267400326326	225.04034869519373	922.6393564392664	395.0029714766566	1673.078317407424	1381.8681027017824	1984.8070598717945	156.3535756513884	111.35133773776028	151.00735405615936	335.1481192450405	2218.0486682644696	1815.019992818321	43.130306633467725	0	163.5110172883418	2851.3411579377816	1870.1307584157603	0	391.7273422150303	559.914565596975	792.4567063591827	221.56598245964437	3496.1864805263017	885.7668397685026	1942.3438025788064	94.62817332904733	167.33297096638037	105.62199929632672	874.9647789134135	4102.097544462571	2472.7676003729	0	104.63519902270599	539.5920878158415	2680.356668805675	2019.2615271502684	270.32433379708425	346.9460022525844	278.50931218651664	962.862517848194	627.9274701537086	2246.685094598692	1998.2196303150758	1693.609454030311	154.9347064151905	200.71198135006827	609.941517929527	710.2317619659992	2930.0128851549402	53822.2999092554	31.439273154206447	405.52930603321175	799.8557168353165	1091.0337429857248	1131.2181540083793
265.07983_1.446	1141.302586396339	2585.311598515007	2557.556939218354	4738.44776462997	1867.682648892395	10344.909044349846	4249.471254907753	6804.477830537408	870.7336263371529	920.6446369593441	1481.2247317407182	5370.5083455612385	39112.753388324774	23038.21933579726	932.9618985813927	7790.996918784033	7226.947437495193	30286.13590446807	31988.667319980173	918.8034203111222	3241.4291935687443	3078.688716862819	3265.2455186988313	2514.8128655102587	12955.564339644454	7108.996612289513	7915.044157508165	924.6637923053312	768.6468342182011	3129.4260792463333	6547.785190446983	57713.96712189025	25064.274861175847	0	6186.956027682667	4370.041823244463	29753.74241801601	20813.634276270128	1532.6981676403643	3798.1722261675463	6809.295562167593	3255.0442255390753	1406.8384733213109	12787.25910839333	7300.238752874794	8459.311485233928	3008.791713092873	2006.7298922158839	4594.947179988895	5253.08081045359	67620.36050782165	5016.710594051239	4885.066004274456	14760.349042239197	8110.717617019359	10382.356201771312	10426.635329237633
266.12524_1.727	0	0	54.28	110.83	0	1105.2733333333333	0	237.05	0	0	0	486.42	12817.1	3171.86	0	2134.78	2480.95	7487.31	6293.24	0	138	0	27.73	0	271.2266666666667	109.06	402.06	0	0	0	761.13	14912.056666666667	4290.69	0	3466.9	2136.11	4627.885185185185	3388.27	0	0	77.66	66.12	67.9	594.02	97.06	502.97	0	0	152.14	698.94	14296.36	1161.86	805.28	9984.08	2536.67	2047.65	4915.92
266.21677_8.726	2517.9	1987.26	3738	1725.66	0	2125.2533333333336	2793.96	746.07	5219.88	449.54	340.82	1941.87	1582.4966666666667	17.27	55.58	2584.32	1905.64	3472.1433333333334	6449.32	77.78	1653.64	654.94	1394.96	3380.8	299.18	2110.54	3873.95	0	694.3	4865.4	2472.58	3398.52	5887.06	1601.66	4367.2	2270.47	2666.5481481481484	0	1274.7	4462.92	2039.96	1604.65	4656.54	4252.88	508.74	2458.95	3204.84	4407.8	2110	2645.46	5721.96	865.3	0	4304.08	1676.71	3280.39	9146.08
266.96759_1.096	632.8563821581993	656.9214698032972	447.3382558522945	1920.086255763734	1354.6346923059505	1812.0947855905808	2617.375673202887	3599.3487889127655	646.7559021654572	400.81381767635196	372.70027495350945	905.8029256794381	1670.150905481224	232.63259105558257	438.0219457453271	938.3119085076634	193.92895440552041	1171.6864510778087	671.7096499482437	194.81837453214675	1780.3920793613338	1466.2187182583	809.4626360835589	795.714016444244	849.733518572806	2682.3258151944055	2028.4537656626153	597.9926840854058	901.8827922634343	1598.781410471363	1339.2296333335166	1742.7025113816535	1888.8350103077346	0	297.4428965691831	555.4450633198151	980.2440775553189	1253.4351494077255	561.4696748547619	1029.393898945397	2135.3308637797822	1025.42806046427	938.9029440310679	3020.1086605492023	2214.26791627881	2684.5873096860028	1021.7099126018448	112.00488905839167	2757.4802715568326	948.4632722709116	1561.255544277296	3418.552495097209	753.2199901235541	1640.4518108230723	372.1240594463499	171.1656470436237	390.63041565276734
267.15659_3.414	1276.9041673227969	1315.0441294214145	2612.5258769088896	2436.8586331778433	7922.302751978482	8139.363802713388	9847.108803408313	4592.938616068669	936.2672433843863	668.2673957377649	38.18576769236213	2087.203415435063	1447.7104573433073	18.779643826141424	2046.7211433873786	52.88335446893889	14.770810053380249	0	0	1222.331277797427	1056.7560966894466	1250.481535485143	5207.060514756989	8750.383255458206	22372.770689749315	8256.554553599824	14630.790949416527	671.659576507197	1603.6476396161286	1727.4573456749945	2212.536576779153	719.0910994203864	157.6079784112614	810.4590692529839	93.40246123686069	122.04549714787895	10.134208726025303	0	1692.5700223850208	1124.665496687255	2319.6389785244055	14052.253024358646	32150.658621114126	3052.0535895618777	4566.525935668306	10511.828810879959	743.2261851914684	955.658076912836	1645.721714379465	6395.929702481957	2110.728402179463	1506.279900614718	2801.533981225615	719.6954498793364	0	0	22.14045020023382
267.22308_8.723	2837.0849805300427	2129.173626219666	4161.6250073239635	2024.9006283184947	33.32409520764714	2461.408052523581	2895.5377063559386	795.4518292545029	5492.498785543749	915.1942065161904	904.1887030227504	2367.8810233888166	1739.5932054738596	0	668.9134371592176	3045.1951745834526	2145.8082528437308	4433.014728854989	7393.815895208079	226.64434854632836	2130.9117629246366	984.6955952360404	1435.5341107713152	3843.695568063749	290.65673592927664	2050.1252523064063	4996.702779021304	34.059921408245486	784.071292433117	5618.065296539061	2863.365546621205	4189.308511267635	8414.110786542877	9279.582581692819	4287.005827633653	2765.5597272982723	3277.9201919762713	0	1263.3329254675116	5633.380064512539	1722.4472774258911	2014.5707540878689	6969.410353741592	4911.716080644528	651.8818715669398	3095.0711683153945	4196.76148775262	5962.656791075622	1930.3994248491574	3175.6455773379816	7995.830859344273	1281.4541708965196	0	5432.8652322112885	2188.899904454113	7855.659248182413	9149.094556638003
268.10394_1.096	1510416.8	1697850.4	1628964.48	1922006.4	1812167.36	3273146.6666666665	3232062.08	3719356.8	1315714.16	1082722.32	1075988.96	1864452.8	2529294.933333333	694195.2	1401696.48	1163503.68	705309.04	1697715.4133333333	1428471.36	1465822.56	1824658.56	2037421.76	1470794.72	2535691.84	2078109.6533333333	4233139.84	3526861.12	1356774.4	1576464.16	1868079.04	1805563.84	2232550.1866666665	2346950.24	288058.08	1451766.08	658513.48	1560163.911111111	1672916.48	1567846.08	2241106.56	3070275.84	1818287.52	1622332.96	4520330.56	4028231.36	3927324.48	1644220	1533583.36	2684456.96	1990101.12	2580338.72	3002625.6	1804409.28	2263250.88	1445036	1092620	1062732.96
268.10422_1.425	7003.029272304396	7433.815388148161	4331.618014096873	16282.90769959457	3591.3294551505187	28113.02338107874	30021.278459770452	29062.58201758889	3217.057024427712	7561.562778631636	7465.29432845995	14820.523343160165	132627.9637737429	68774.06655627843	9375.664687831837	21700.62212248925	28471.503322419863	154698.12988721766	204108.8346635179	7541.181667157067	11188.936680463707	6027.183068320822	6945.568480799419	6182.1381599518945	13826.087074939216	17600.235200542702	40733.744736935565	3589.5613496614383	7912.148575386531	19189.3902145662	18005.980813106708	210881.7200535358	99122.83935595032	534.0605285569676	24970.42551110017	23014.417067406986	116163.00855013976	755943.0711824315	7623.6601984759	9117.820714791718	17102.29833957534	6922.747701578785	4677.566696600803	24324.88258841294	16284.979320014143	18521.794600853653	7815.342155445609	5656.87928680858	13847.22570925989	15667.618576969226	174378.91310311801	337138.82609123905	55682.90801791886	142641.17216467237	34414.347540890696	92180.60046873403	54533.72259714086
269.11325_1.241	633.3780255086149	665.5873907250243	114.47767796191246	1840.3924512878052	563.3945899126192	812.455614173561	687.3267612744745	1789.499464022878	543.881081170307	644.6712048685134	714.3742998825547	2419.6291536989243	1068.713567561072	1317.210299538797	207.4533915466174	605.2618050276579	434.16448551476816	853.6181819202163	1589.3526765790639	184.45876665359197	1289.8691944730417	861.2640194134708	1526.3731141095077	411.16486088608593	3415.284069568184	818.7246764004386	3374.5216415179166	185.54331708857367	638.2828682582646	768.0223052762293	1357.5002913315006	3621.5965306411917	3603.5390270029693	0	834.3442667938507	516.1291484428648	1032.0648625888307	3285.610992467945	1086.2163827343632	2049.970086352661	893.8572899892556	1590.0871894083182	1939.7486031467288	1705.4242710345954	1099.729355777413	6100.575451900076	557.7755744067565	510.5970839560876	1850.2065793539764	2253.0389735419985	1744.422797086826	702381.1659037321	873.8094946845002	1476.2148289287702	1152.1281521683184	488.17299694395706	959.1058404774559
269.23859_10.001	871.7743099456903	1213.329927689758	2174.1621673621585	3272.3247826194024	131.53943216799195	6287.195381991441	983.927481837153	794.6848753719033	4223.671745211088	359.54638579387426	88.19010421668523	5422.721286305471	4437.523409706517	0	92.14235795181395	1094.3959689025153	1709.8490601527221	7184.531205790032	19182.04768781151	0	1986.8750395011375	41.101132057346256	787.6443789220486	6964.942533194183	68.18835723212182	1116.4092427703424	9884.82035123346	0	95.08980874606554	4031.886367661825	3165.652547108571	10235.424304925673	39024.12336784143	1316.315578713757	4314.134441228464	1724.3315199922013	1412.8217519453692	73.61806444138588	173.93760610054431	5529.353065701535	416.557183782091	4634.821991606208	12902.019967221459	6591.918972004701	76.29250867545903	5138.1226067241105	1716.8345038370192	5876.702619017962	1931.3578670926447	12681.010537304672	9765.237562228072	4108.790128003493	29.34096988145068	5255.137033931157	2464.156711746641	4233.799079782155	19285.02267127106
269.23862_9.86	2027.5833234891688	1610.8600049122629	2347.2852753054754	4400.571322442372	112.10165354917918	11109.840099724575	1715.8283849234874	1417.5753752680687	5251.346100164843	73.55908378515191	575.4071283840337	3139.2943851645273	6473.038704005332	0	321.5163615654067	1264.6499362726192	2213.1928261251505	5769.276016301466	26743.151371563847	58.25266023673043	1438.4600401907824	67.16735747139155	1021.2915077205699	6961.0558966610815	269.2976708800482	975.3389929628662	18852.45003412694	28.191523064846674	87.87633756732008	3585.4786278533225	5652.771981473387	17832.129461557222	22863.338079394845	4142.278804147323	3413.399157480208	2418.082829927727	3373.048354813929	50.1171840824467	35.48076289351477	4848.907446107954	88.17347325615587	5011.412563199602	7855.851211945705	9348.616860250258	513.7300570370594	3845.6841159820774	4314.196593069373	6407.031140846218	187.09865732682724	6937.389543009615	15284.67428411713	5965.939890399787	59.682774758420926	7036.4359872122295	2272.5229133948137	7418.942256137308	25230.369860507326
270.09134_1.092	141.50091276905042	129.16486800996267	469.096369606258	2729.885166543147	917.3660214114694	5516.213113694666	2523.825345915768	11067.838770644628	48.30726206188689	950.5800949568492	221.20997088015855	2423.6244752298885	13990.42559501357	15913.361871188412	647.0426423700723	501.32766104232934	1240.784973031394	11068.362176224535	11706.118492247984	604.7952990946308	532.8790117117991	1061.0075683370242	1410.7934306059997	1486.773344268717	22960.714059071957	3055.8659344720713	11153.23669657827	599.7283577901767	1009.7176659533184	1124.1794787876543	1718.0939144384392	20420.55069046583	6994.405684248753	485.8472425735293	355.9352055826866	1556.2400364939758	8892.702654219875	12650.666970640897	279.7626446203864	1109.9616850437378	2130.338536249147	1398.8438161607396	285.26383133214836	11437.819463735188	6829.453124330383	9503.791810914652	1600.0490434913913	80.28323610763778	1997.2804484862854	1119.424548517473	14529.412884008389	24161.31413693891	948.809595300222	5328.225411750539	2642.734759981363	797.4074428871219	2036.7301991594838
271.11127_1.102	368.89478170521693	769.7394488368358	674.7701884620104	1313.8314183327425	669.8278679489455	2799.782706347388	1821.8748692820323	2330.4502058266035	511.7556247743674	194.16786586752104	388.690075873474	1134.9631368735052	2272.7374941690177	397.2024555693024	672.088167993243	595.0437593243996	203.78703480517504	1096.5158107806035	763.8087049085309	897.9929995245884	809.3027674544329	832.6363125433639	481.5814250373821	1766.2469801084603	1644.1119773669245	1693.1137737318045	2365.8873574867043	652.3852164814373	222.66179661942277	1080.2649021443765	1190.3090163409208	2136.8850794897	1393.203143103789	354.7299413047243	1016.8689530713563	126.57237106629354	972.6290978350819	905.9260354882192	363.06773669490474	1435.421504867966	1641.903384421392	1135.2918044149897	351.31566352649315	2628.5795713676066	2820.657363156719	2498.7941955573474	596.3438897742741	378.78501225133	1441.7116867318234	1142.2620341998008	1617.3767177508216	2131.8286670021052	890.0148391293832	955.9168217141142	514.2841762397867	893.1095065631605	511.04445716680647
272.09216_1.092	1513.3864767073333	425.3745533403239	1651.008045056547	1330.1410783293018	86.47343726344147	12912.61051721917	4834.070655485796	3699.6243949200957	847.2528308756418	487.17000613018195	329.71121533040986	1600.4245885152495	15507.81626901155	269.89513566526944	792.9268973562072	1291.077100809444	2161.7232255175886	40963.95855176829	82979.7176293314	1745.853802354158	5660.409683819994	4008.422732908901	1809.509673264344	6129.593201316706	2218.601856380111	1593.2209956638058	13420.364535526438	281.86136149611355	1784.6041313839753	4212.584501898177	2381.5658150722793	29111.953319326658	51246.16203846816	1023.0951264254431	3543.0967870492127	4413.511342844108	33912.499804048064	17766.56562255311	1341.956012543421	1278.0682575030562	1693.7561256136967	6855.747990841529	4021.9322788178965	11271.261509701526	1612.487577045846	9428.682941104977	1466.609441443184	2577.2251861726427	630.5035842878493	6913.26323463983	28949.6442342346	8154.8449810781585	2963.515370727037	3981.7069322046696	18435.925589612383	65757.42451653874	47175.6363943049
273.08902_1.09	62514.05729571145	38639.355436100726	89607.0629904672	67692.96944092588	31669.385437138095	512927.23151891393	243155.39976389016	178978.07638177063	47069.19783734288	33802.57852768574	32831.95083610091	79127.266577389	630905.2843926161	14416.247760962138	48770.6545626765	63977.65931942864	93183.49531287525	1555102.8591550933	3143076.2063016463	71672.98641154305	232674.49140336155	158210.23930557576	86792.53541353505	263436.2573702647	116285.13364375793	101974.92271799572	574950.7180982976	33895.9251277534	81102.56309295683	166901.7145611293	121282.88419421655	1132595.1555736668	1965067.2462479929	56009.65195040594	146715.36800778846	196192.39866538308	1306931.4917874446	739914.3069475943	78826.58071580238	107239.79577279752	114381.26815001493	285026.5003431413	177265.56610886194	494215.66428778745	103354.32758934815	435928.3627684798	80113.62025267658	113544.61952231379	57997.159795046486	301853.1997192945	1146350.3525227413	337184.09793807025	146329.29707927394	186723.03859392327	757571.2419541415	2537744.0787128815	1842424.27356004
275.0755_1.317	151.38	54.64	84.06	1230.92	0	768.3833333333333	458.92	2103.71	83.26	636.42	339.8	1990.32	9094.9	17793.64	51.64	1016.3	2890.19	8931.036666666667	26079.18	88.86	150.28	133.02	574.37	221	3378.6566666666668	567.3	1694.26	134.58	929.42	390.02	1512.8	18723.16	10434.22	0	1373.44	1802.99	12755.555555555555	15833.25	44.28	354.9	833.34	285.98	199.72	2955.52	1787.16	2089.7	477.86	0	741.56	862.62	17080.87	7568.18	908.82	5850.52	2666.78	1244	3881.82
278.66409_1.072	1083.5469676999883	399.3743985272283	1035.0434886571363	1318.8495737083279	0	3041.214307005164	5432.7217752869155	3758.569234001401	759.0145621373026	1115.7928045947801	210.1750075231807	890.1564711757148	4473.926780310925	1618.3990145640398	630.6105352835292	1197.1746817158385	3193.659111554551	2735.4896900457047	847.8006083638155	2426.988958744211	1571.0787056870415	717.0743761641465	1161.737346997336	595.2906295753543	1703.7173050657502	2231.6832916454196	7005.110264369175	149.25521883408567	2467.4121054774273	847.7141441898451	2520.0572602749276	7311.300267085407	5146.006884106872	297.83065471943337	945.7634776400814	5153.095561304962	3526.8771515136364	5637.990301575226	3981.061554058839	2013.019069079286	3785.2400814312446	2922.430593728917	2247.9031252895215	5953.973282883258	4984.919137292383	4000.0347517078817	3557.0384861425737	3655.2661147323884	3294.1031886357728	3181.505649573556	8018.890499864779	10046.393645616678	10849.882178296344	9040.304433812642	9984.289726584893	2927.0942285971028	371.0054662228886
279.13422_1.612	1081.3283077953756	1010.6219652610492	57.20079970598749	1536.5247088252995	1226.8728135349497	2496.564179577473	858.1842609375658	3885.6771912938007	1160.9173624936511	602.6849717435774	231.14822802722273	1005.9991839756663	5671.655522500915	3259.623482011148	321.32811226641184	41.28243775180027	429.5520599968224	1468.5368294912223	852.2328113913992	885.7523892582736	398.4555501526449	260.81142729038993	1256.2287437119007	2257.39307037468	4812.992526116995	839.1430417013166	3073.3460490163784	950.9134343431092	1648.367066430779	318.70698744131647	929.4468762671263	8647.968947596377	1882.4725289820572	0	177.53902337462725	464.1112357618106	1859.3491599445988	1036.1535759547796	879.3352432787568	834.175267314401	181.56489937052683	2208.6727719894507	2056.8405921778067	3208.7740173076954	1696.8235315216727	3522.6639752203787	434.7140124184449	907.5617036804589	1057.0922092654025	1839.6852419308584	3553.4060829869177	18070.94260931958	865.0149275119265	880.1579275650726	855.6122256412804	126.90259410453014	352.1220954868849
279.1705_3.859	427.66628785391663	334.6800362092978	248.9122281339195	1074.4107684120752	542.7835376616554	1475.9109012441204	832.6324332191807	1922.0704171403975	262.83546810192627	376.9827365919298	136.13816786080938	644.8608225419327	1872.419222234332	9049.874669858997	79.778567415822	163.36620031564243	754.8576225524516	7232.965421343325	3839.1681581486946	63.095062445709665	360.1988373837576	2451.3063123757192	842.0158990833106	732.1466369171238	2133.2391805872317	1116.4326381346464	2109.8639600779534	1059.0675352641126	283.5919438669167	324.773913397914	925.5070523808215	6463.9738200522015	5882.022774921076	0	417.1538764107811	1179.032292100824	17911.918570086615	4503.947804849347	463.884899491229	304.2054180010056	616.678986183036	1227.816642253044	728.9911090532944	2486.9041882922284	2491.433515932633	3019.067415215304	108.62526364356583	300.0948644355554	1025.1266884140794	1122.2640243081669	4805.104104442885	972842.6235714504	498.6737539870526	561.1812494758254	3532.4003520792317	3092.8593047098543	2141.4521529232475
279.17059_4.164	202.24684874847432	172.22948865775987	93.86983601523512	1044.8299477743478	617.4986020713986	755.2258263505622	1129.4898588038145	1253.9745362077972	431.39512698906765	302.6063296536094	99.74781890952708	736.7894101694192	825.5651336244957	2227.6845486335064	63.10950542839204	158.63892734892602	646.6792154289546	1753.9408379079837	2118.7988023364246	183.1323000418913	623.9801742445272	581.874124584747	876.9246924327109	628.4652585225406	1971.0781375119793	1057.9245224746762	1295.4781279744261	1262.90840776866	426.791085354143	268.6492064738818	897.9417873612385	2379.6827491774898	2671.8345130811476	0	249.8103414122595	837.6085290968482	6086.428724534079	1305.2901267644477	693.4759938826318	538.553917975813	620.9788676638003	1066.8862622395366	736.9477122375009	2152.924750962225	2181.771300565829	2184.431306642544	343.85527394162875	323.44757493751257	1138.7869581574275	944.9410672764208	3198.131034489049	163842.02505106514	250.56839713791007	690.2398884627717	2182.2579010437385	1355.5350829141805	1216.5855349702736
279.17065_4.242	840.0613986766986	321.10964384884	107.85638578409919	1225.0991879369324	614.4379382972894	1086.3226838578398	1572.8625150106416	2208.1767847554493	314.8822718661271	581.9340850558684	422.7426946683915	716.2173328578995	1408.839067781091	2577.473039375032	123.16180298136025	135.24936793127677	564.0072329670787	1594.669667054922	1951.910341362516	191.41073022093832	449.90006064538096	766.0776689894819	1302.7160214996072	857.6344984664855	2167.5876321163487	1104.1346359826298	1669.8586584058846	922.4194521281361	526.2871837667188	575.1047768135812	1082.0631411681138	2799.2793547894867	2283.9824400284765	0	641.0575544842994	888.149722606504	4020.100649750631	1951.5631481704745	824.8042224988027	901.3991235547844	962.3445588756471	1278.7581303250572	827.3442248318005	2427.0050271375276	3160.9400118098497	2314.456472516792	611.6391868817524	659.526054399205	1038.9209836166567	1140.1874551897567	3088.1024914547506	240990.46967093225	386.58703995044925	573.4467384198329	1763.5213832977734	1583.9758268377482	1477.7707730263471
279.19543_9.264	296.88	466.52	504.52	2663.62	0	4155.753333333333	1075.36	717.95	367.78	30.48	156.84	4669.17	5584.086666666667	22.54	82.68	1247.66	4442.09	67733.58666666667	19435.97	31.92	1108.12	63.7	2296.41	4550.24	793.7666666666667	504.76	4382.7	0	36.36	3140.26	2284.05	19780.353333333333	29277.91	0	1819.58	2178.01	6901.366666666667	2516.8	77.82	2143.48	509.2	1748	992.84	1602.07	78.56	3759.08	264.34	666.92	1694.2	3259.96	2341.09	8090.9	42.02	1651.78	4580.62	1114.71	3708.75
282.12003_1.478	108.25706914727778	314.1942958702504	651.5800880651624	1114.0242609702186	710.825439432321	1941.6469704228116	1148.7545301079947	1781.879936156297	101.18172329678268	72.99114453112094	170.4394009382705	1038.3817034474205	2760.068767640217	787.6885623123472	51.528905896779904	198.57783367639567	465.79170160422177	2765.8784492637747	1673.4844736150453	205.19293978250684	196.504523063539	656.722135780898	883.3452411000541	901.6787030885363	1677.037999938229	1589.9053832841682	2640.3082793046297	135.91135559403892	49.37746685812295	502.0210611654335	1028.1771455130204	2628.1279640986013	2555.183893652255	0	264.3557441471973	751.6714824756835	1682.659860840993	1609.7834478867778	325.1146225850109	1053.7936005075903	1321.7318916455965	1293.6674220581338	884.9615575613541	2065.1937334552285	1987.0959026914984	2714.9773843994435	651.2067263667394	391.53945813049256	964.6617796948194	1429.1718954572736	3697.4969393030747	3401.942801757717	514.0812399355789	1007.1244614982165	949.8453727557431	1201.8868191484682	851.2002429027873
283.129_1.355	1811.0186004774096	1987.940478662742	2644.6482509764837	4764.412367764882	640.6279219846041	4150.174010983439	2326.239111608235	9588.740244592387	727.2298010380326	1229.0269881559916	398.6656349316092	5465.0346075459665	6775.471669091388	6410.715798372041	523.3102790093051	2191.802958772877	3108.873138768658	4502.703687734893	720.97662614466185	618.3252193577778	777.8752497131568	640.2411003863824	4472.934901658076	2808.5905402715825	10174.526890647827	11499.335813463444	7013.206651307597	1473.051971098533	807.6340563476072	1774.8372968470421	3841.1475348158665	6803.656852061504	15572.390252579127	0	2688.469008649061	5283.456610655979	1154.0342627331013	1885.4323305073983	4544.190930730675	3548.4049277084323	5711.624094481015	6182.966962306678	4323.689423460718	12664.469788106044	1307.4548338859522	21664.9573601032	2553.9659171063604	3710.149828608634	2645.100380649432	8082.734041692467	22825.63535023637	244504.66682745249	2683.3353474308838	9964.495262781677	22751.872818680462	1235.223685067774	2334.047779623459
284.09918_1.171	61954.285243528175	100374.11095265074	81694.28405354437	124538.19162724519	81401.22002331287	301607.8386157831	174766.39693149537	278022.137862017	58747.03238681896	33317.905897856916	55758.094553394454	117148.25929068934	285919.09715553425	286186.63076041645	38529.86347030513	89305.15384801566	58843.29482663689	318852.68609140674	234468.3801376107	45257.44263867968	116673.32206076058	126035.90169255657	73144.4295103164	118647.36492719008	339271.5376753896	208357.7161109353	322788.03909212793	61669.226050113866	43196.5822974433	117058.97015317561	117129.58017762213	382653.64367850847	356909.46073495416	161.79145253557397	81008.07322080951	52377.68704433718	253477.70870316096	233607.7696912746	54253.764459718695	155392.27732655368	207895.0560564775	115751.4693396836	55411.49465072311	357897.2311768138	253406.93646815646	323527.15016602614	99474.13710120917	65634.34521355857	171268.94597792492	114025.84997749414	431528.5910611905	309124.6567126512	90925.0254923168	179657.39428197534	150419.76579785466	149345.22728921683	103712.93025524211
284.0994_1.43	2371.175640316934	2899.690657503124	881.8408034456793	7081.735851622628	674.1596244718392	3501.584729488845	6195.914753351846	2020.0730663411273	1368.2019584531631	4003.1731261488626	2973.913752103673	5154.758327152995	6183.560936528585	810.2936324396599	1883.9315625662382	1394.0898844134736	2277.2365209128084	2719.592451487172	5450.409776022199	1395.9862473740473	4564.497887132024	663.5132208019598	5423.976107914534	5309.375731141629	1579.4105184824134	2048.8953133536597	7444.70330456077	139.17993329657745	2212.714954588689	4627.4434270455795	5071.381002639209	6464.5251302844335	6384.876402239243	0	3617.5305195594656	1683.8981861028813	1494.1898612516754	9981.36224718584	1890.5811972125082	6626.822622152781	3949.2943569793056	6546.305653538713	6716.536889130162	4146.954824048709	3827.6370188286737	14989.391433508172	1161.4633770224882	2132.9451719244257	6484.617494831021	6845.909121139126	4267.692653317209	4992.417787359064	1819.6169655712592	3064.987098952549	2769.0371480952663	4166.079883413494	3792.8739611826622
285.0835_1.339	345.86	578.48	1574.72	3384.5	1446.06	4003.34	3983.34	7062.11	488.82	527.52	61.32	2755.44	6575.606666666667	2494.2	190.92	886.24	1111.75	3717.57	2487.75	1064.04	493.14	1483.72	2764.35	2451.74	4256.433333333333	5553.38	8754.77	644.48	701.38	704.72	2848.14	8210.206666666667	6366.03	0	561.08	1473.27	3885.4703703703703	2217.31	1961.1	1474.3	3623.26	2954.11	1146.76	10027.34	8744.94	7772.28	3272.38	1502.56	2048.02	2301.85	10120.07	1538.72	1453.82	4033.96	3594.05	1382.43	2585.55
285.23358_7.792	1767.8816502321995	1617.3167337808625	1966.2447897805853	778.5924002963484	40.02108453993505	2622.0025675720303	2831.814809967156	1978.153011796575	2010.261022759638	1289.6299864020302	736.1515221296868	1456.1202300643758	2839.850215052747	120.75237078016141	852.3058812699451	2886.6930998481985	1610.0124535970003	3766.9331191891138	11115.860061368548	1092.592968379784	1760.8413487362893	1554.1829599765956	1113.629075901037	2298.230321049507	731.5473543677941	3375.746027465806	4212.259448805336	36.82854382547805	1359.9215927106297	2903.853875659019	3135.712863393565	5186.789388761127	5004.057084964415	3206.3076908807784	3541.1615465179184	3014.0820571086124	2557.0138896956632	1581.746060293525	2028.8445517372104	3832.256256891402	1317.5251303469777	1522.474667614913	1587.5917213191722	5245.056423654975	1497.5105707467424	1196.318855583601	1204.868580545236	4422.050748179858	1287.5331456556908	2690.714489952333	6814.84144342077	833.0171597458404	1520.5046176674148	1783.5145093786339	3561.3931319851695	8818.441818421688	12563.978950138924
286.12872_1.688	49992.59043471216	45962.712459703114	32215.89709115059	33380.74176193015	0	1615.216705168669	53652.55288795125	328.34567791666035	94.66780842149917	74328.00324491595	38085.6141167728	27002.74262645887	1299.0228205833444	0	31335.41624680028	6006.940063296983	27179.925543738384	3124.3605804821195	9747.099371570604	60989.384598024924	35662.871059477184	0	23036.83104830333	68527.1750641195	0	0	5654.12169560511	0	39621.8978810655	74422.6103592024	12003.77343763214	1400.7241409353924	26932.852995622452	1522.2221175142724	56799.41913540372	7104.309307206743	0	21122.698652622785	60877.85271602511	23210.533719808223	59446.20684357373	25349.664414445742	67724.4687090814	2541.387332386902	0	3315.6896545411764	18532.076153710495	35677.40718958837	33549.45759882776	34095.895233769734	7229.941077936021	182.28079890604104	30055.837312412343	84400.57590086467	28252.361592093144	7471.943272416932	15552.194126560626
120.08104_1.157	59257.33671504405	103768.34199454298	90534.15549017304	139378.62818451476	165308.1938557152	229524.47475117235	179313.52457678574	385848.3576530847	110920.43407664273	43878.43241064759	81357.28036253061	120572.38008257728	287692.47679246275	835455.6443693442	35839.02920295217	113000.25837058992	126717.04616328231	416174.9725004758	365113.73526202363	94417.03041847363	132918.58470849137	136882.736560782	137267.70625499517	103646.19431798016	517880.1342287539	226367.39941906038	361129.3402943243	157225.65042529991	54880.2214885469	76289.47552236571	196577.25568214167	542947.6945291964	475047.01212955476	47286.81015360037	88286.49460202112	203807.39521995533	584358.2007598091	312861.4856224303	100604.65102165945	148974.3935074683	172538.59847117978	179090.7060575499	120084.3804036456	378320.51806513255	399766.1630221365	480411.091323171	134054.76340155103	102875.86334353813	150472.10767462227	178982.97206682377	540677.3224865361	12148994.63834234	121262.78901330466	231840.0036067806	304128.8624156134	433724.49836381094	189254.8753730407
120.08109_1.037	335.68672774828696	567.7699819518546	475.1854243122072	1252.1624168188268	2233.24017064292	2335.981064328245	503.0612428528009	2351.519667208232	346.2972845626321	43.373934606943884	326.1281256117943	3972.17782250894	4872.99140884411	1138.526197132662	846.0231981398392	467.4084924279305	687.617745053517	8808.167102795345	2540.596391383612	243.22615666683822	600.2872726917658	376.08037473627934	2145.6262400629093	1221.4845281362298	1459.065891411352	1712.6100206798492	3589.4427117021473	941.3892033678181	343.50497921224286	1907.3333665486994	1636.7821334241216	7397.54912479217	9600.758211088232	213.00021621583662	984.8167227868506	877.1353797162717	5711.276075663133	5230.821787558507	382.35949737569484	1702.0324661004765	1033.440688315419	603.6015166417706	1166.0680356769453	2703.900979822269	1425.3830248408526	5544.477860397664	609.7811132051293	579.0846473680032	5439.109034666466	3053.7976561163614	4153.851396287327	8657.725557099073	805.7192666779717	1574.925082659775	4217.560492230167	6079.407464829447	3292.9763138485623
120.08111_1.369	990.5882184287395	374.78507925576906	546.3193513808968	641.9155823575356	1452.7941062737975	806.4685057149574	878.042006485434	1939.096423273005	319.2332641408345	254.507658829586	1588.325277910339	520.8338569797208	773.3418188731262	1988.6194219533352	457.46177332034995	443.60412312511545	213.40443314950335	1738.8259614950452	1704.446131914135	315.2174238993673	773.8150011314964	423.2012006669554	833.9020058213266	570.315670002337	3057.4295463004187	743.433517964195	824.1851152958104	1892.2173710181905	393.5006518519268	531.5077747311899	489.39233798162996	3639.522142745931	1153.052502897994	202.01750436191287	263.48125241499014	372.4202434702254	1133.051721633514	2797.0989852756034	499.86346500798027	693.6519464527627	858.8115154936709	780.0897310967921	1240.7238920489401	795.1661278438357	1845.0025287737665	6081.49761462214	122.05059165519224	334.9369015844748	3674.4697874082835	2662.9803021975226	2816.3163169651903	71792.69404381514	409.991954142648	901.3463665304926	415.6137137917713	980.5662341901	1047.5383508496143
289.08435_1.168	5325.098005921814	3841.9921293286175	11806.613169398383	3435.7966467599636	15920.98505406089	54949.754825272306	12707.979068368506	13923.956757142665	4931.353302464782	3694.659672010542	3176.9577125040796	11737.91346602976	57171.75904037775	3463.377966149305	5081.058132638179	9357.474623939028	5746.575837004305	418404.1708993044	302117.88089519774	9214.615461669408	14605.647093687488	12596.72779247059	4317.083986383055	18593.017518457124	15641.377426900457	4989.3478220692605	39069.214219615285	11916.102471456406	5742.428244080455	18746.77528869215	6763.39630047225	165712.64709399844	324724.0149950617	1996.8859705998966	10781.270909725683	11717.297650197097	132506.49899225618	54260.34507677232	5103.815245862881	15708.836157966141	7992.927337058698	13435.96249606891	19488.10317550523	41223.4491914409	10877.260425772969	39280.800509221146	8830.091179805351	8923.344389830869	9633.6291972955	23504.043111671937	90366.6504946445	15505.62384623704	10785.016022914977	16925.92337053224	39959.22790380477	161558.92067028722	144516.6215318338
290.08612_1.096	19826.700592147976	23783.484414058858	24729.075776699312	27891.08991835983	21577.37209118171	49511.19820579492	39055.41850790595	53448.77942032043	14924.976792053738	12373.91142975944	13105.040249902939	23208.08714773103	34402.27618512392	8683.274840223785	13892.997895534598	14700.58598207397	11380.982172547017	27488.82144136767	21777.33736827271	16766.65411849928	19671.574084520937	25940.93087950933	18477.660515142863	28545.385019596622	28372.716301110635	58170.44272908728	53589.21432583146	14900.44663259514	17812.24114886647	21231.649904602207	24856.609806518165	27066.317115556998	36764.57624327001	4296.384181272392	14650.976714550974	9316.913925478948	26545.88980547733	25374.241881631617	18188.248437988805	30142.988247017023	36139.80136038993	24593.336497269236	17225.253663161217	69908.01172716595	53488.68002416127	63434.303091853784	24596.40876585957	20921.616457152526	33139.40146505567	27489.94007519987	40505.764720674895	22140.161344239674	25727.414726117044	28743.6562293441	19512.70038925945	19754.32717032269	15949.892372723529
290.08624_1.425	157.4	448.96	290.94	1183.08	5600.42	3266.4333333333334	918.5	1675.88	337.74	107.72	135.9	1856.57	21443.81333333333	14374.77	840.12	3012.14	4675.17	23014.213333333333	23512.15	64.72	617.36	3842.48	670.85	325.84	2902.653333333333	3907.02	2067.3	3420.9	36.28	480.3	2266.45	36013.056666666664	16277	0	3378.34	3003.14	17457.733333333334	14240.46	224.08	453.04	1266.34	646.92	214.08	3251	3427.18	2389.87	883.44	112.56	1157.24	2060.89	28663.95	13624.7	2313.68	9977.14	5502.1	5370.79	10035.19
291.06992_1.09	3497.24	10936.86	7430.04	19746.61	8901.18	25980.2	19482.78	66440.34	5714.14	3149.46	4459.5	18965.86	52856.69	84242.65	3972.98	6628.42	8374.55	57228.10666666667	65546.2	3593.22	7410.72	12821.5	11049.61	11309.12	98964.68666666666	28337.42	58874.04	6670.58	4874.46	9123.16	15149.61	72189.14	40731.27	0	6236.98	9669.46	47911.73333333333	65428.66	6680.28	15198	23085.04	12186.87	7190.32	71821.77	48629.44	54422.04	14506.86	5698.32	23346.24	11114.26	69894.1	49092.43	10011.28	35402.36	19724.32	2285.21	14422.44
293.2114_9.755	466.06	397.06	176.22	1791.75	112.32	2048.7066666666665	1314.64	974.9	352.48	134.2	325.4	2643.42	2571.7533333333336	37.6	645.58	268.7	700.24	3768.943333333333	3037.61	196.1	762.58	93.62	1219.28	2259.84	19.39	758.48	2749.05	289.2	292.24	1790.76	1524.16	5677.54	3656.8	74.54	900.8	453.06	867.1518518518518	2398.71	1361.36	2582.14	1985.68	1898.35	1526.42	1866.92	161.74	3698.48	1285.94	1529.84	3551.32	4521.35	2675.78	19945.15	1008.88	3204.48	3407.13	780.59	999.95
295.0712_1.091	539.4850255758995	0	885.424044415808	585.3937111122847	0	6155.340069044352	2004.0366467046824	2164.4999701846814	822.1205273272601	720.6170097336153	908.3526530197979	1056.379304437661	8284.311171990163	6285.142601919809	869.3354782164945	832.5896320216858	901.2204002924326	49542.252671016904	48187.50634376062	919.0371387319382	1914.9129096599768	1819.8705075106916	498.049112092506	2947.612392423107	2172.240962641588	702.4839980029901	6568.905781892969	198.3165724782379	656.117030868645	1511.3448884375416	1619.2397499713109	19414.54035802164	58129.72655748088	0	1589.6040453376847	2202.0240328466716	22086.859982268346	12800.459346370071	597.0752995952904	1297.6666561351353	1180.4479596833933	3236.047199757705	2988.491889024377	6075.7603536653805	393.45350741273086	8484.301056214872	639.5073526675409	1372.8640662844691	441.71840512842374	7508.396873308667	14230.67675679909	1205.741565396136	1534.0577377874454	1945.087614500192	10711.131607807825	20811.573323667988	29065.561897720305
295.09604_1.059	147.00877997560727	781.399805130693	0	1495.247805985136	1632.2716476549278	3237.41807439761	454.8292566235188	4526.176817562538	136.4802691398969	0	198.39292357247942	752.3159267719122	12004.284512663013	14830.532948832653	276.7737632551987	85.39087031732231	1359.3255244672714	646.159591113128	185.3324428023324	109.96278165356922	0	200.08443312095423	1066.2218069989901	623.3321897292458	14949.546382788556	2323.408292803542	5803.827350297713	211.79072056284713	62.601304584310974	0	2163.0199424313423	15985.04095002063	2977.4386438461474	0	262.61203759276486	2888.2505707972327	2479.2866410462593	366.2930955585071	280.58198414500526	1037.9566127341773	1795.6827561255193	1678.7446167226421	0	9063.587308932496	2809.907087361473	4758.441942594498	949.8285279318408	254.18394823006426	900.3886986680316	1491.9827825131988	14421.41445499931	434.19697954018176	1023.3237203585836	1455.963636422081	836.8396821939707	1744.164149695778	296.74462945386074
295.12915_1.876	1269.1946770928132	3157.788761282073	2884.997835025559	4683.571563870252	21241.611761419656	5881.497630102509	5649.317294985035	11600.901156357442	2087.594877569741	882.2129942155893	811.7428420698664	11088.425782450215	3531.1989642349004	21475.470632472636	1475.4371925531073	2329.5736065652372	2696.3710329222454	2366.2008428594377	1409.3142128359864	2278.083480153925	1864.2570276972722	3757.6601294511656	5693.941384792368	5115.655551242038	4356.135574419274	18911.938495259175	9019.546594359232	3137.8165274091457	1299.8080042555669	2507.07661559776	4339.907054472952	4078.1770627935725	12331.913347701742	755.4817880493849	2050.842773103115	3631.9108637326367	5402.475869975999	1626.6148121572414	3011.116301838888	6179.542982446667	3605.4685622539896	5825.114258096657	12394.154904424206	9403.632532248237	3872.588897422817	23145.19830922266	1873.8890094505944	3675.727557322582	5188.515480317345	14044.323382163124	5679.16736084781	20484.621233399826	4677.404542387266	3285.508257099003	3145.1299064017176	12055.53673300005	2411.526792111881
295.16559_2.706	122.18	100.06	137.5	1051.74	71.86	2293.133333333333	1357.1	1666.95	54.92	110.96	0	514.57	2158.6133333333332	4191.88	44.64	0	568.77	2134.93	2607.72	39.46	187.36	185.64	1069.36	612.14	1864.6033333333332	81.78	2587	217.6	51.4	36.36	1009.4	6141.37	2807.63	0	95.54	899.42	6758.922222222222	1945.39	198.12	99.06	226.18	1365.16	367.16	3337.01	2445.06	2792.54	40.24	139.26	226.24	952.32	3752.76	116358.49	146.12	217.58	2301.26	893.77	1381.86
296.1358_1.997	54.98497996133683	504.63776468726604	242.75351228639906	1048.168003545784	172.34642529468385	1299.2537169794532	2759.8080388563485	1507.5660690705931	39.99228166133714	47.85364643611223	496.3923827964889	735.3033712706889	0	1443.542102479573	0	479.5061227986737	468.158795548921	1690.137916446852	2056.3761979055976	87.85987911960093	431.28446281329866	240.43837256222804	883.1715989193754	377.88104953778287	1224.981123162992	1424.2490613174473	3188.0185637572367	86.43352539667427	80.66328664509032	1111.2810207677906	932.1097818903621	2592.810927292749	1836.0185316585332	0	453.2491854267274	657.4813590169164	1821.965250381409	9252.708496898626	463.9925215815749	834.0233002693724	1210.721969776013	552.4525918668239	183.3054748667916	2426.48940641922	1362.1441241206908	1254.16597342517	838.3553039902727	42.3041663935215	839.5786195370702	617.1542926743144	3290.5428886611826	2066.3240453745443	585.4516998222642	2773.324494858744	772.5192055253538	2684.6594840497974	761.3896437510878
296.60577_1.368	33023.085232473415	115841.89210885746	92731.4463343025	45098.77200408772	0	27934.497161161795	89232.83181995856	8255.126339133662	19460.493102980647	24921.053015739762	55576.85802254098	163121.26833817526	18743.15545826259	0	94945.31266981736	16339.727998863598	9454.6063402571	9357.880083116417	4829.911293542126	41254.730541559584	35918.35189164263	1060.0513697215076	86850.40101135285	151251.96715907834	0	0	32267.656088374893	0	34264.866753247894	45302.62478705676	78566.55923028618	8910.176150470224	28616.543786727143	0	28029.678287948584	8785.859569511278	144.63721509749732	21100.723906137635	98832.15524045046	117060.65129134266	102493.66544986483	65977.15063284709	222142.4771495572	61407.81937373755	0	110641.47395011649	32144.323120221597	47917.63139162712	203737.71593180991	133533.14881867846	39382.68763381523	29724.436049157874	53782.73432319305	67951.13015234034	27670.92459122265	2668.4500268083557	2904.9876337299756
297.20599_9.264	450.36	1406.12	1112.44	7352.78	63	11643.73	3189.96	1633.52	1030	62.94	894.86	12948.22	15408.38	15.66	247.82	3232.82	12039.36	183895.38666666666	55861.36	83.5	3496.34	189.34	6441.91	11497.08	2111.9966666666664	1755.78	12808.04	66.66	228.92	8394.96	6031.3	55785.85	82689.48	105.28	4489.12	5872.13	19265.17037037037	6819.34	627.64	5361.88	1882.64	4480.11	2850.96	4245.19	267.84	9873.24	727.38	1697.48	4400.04	8794.34	6512.97	21262.79	89.32	4343.96	13207.83	2905.11	10839.16
298.09698_2.297	21284.9	31964.5	30300.04	70085.42	30637.6	8488.21	58738.48	118306.95	15899.02	18527.56	16268.42	49716.86	39794.513333333336	7212.58	19474	9667.78	5571.01	569.6933333333334	7989.73	21493.4	26653.26	21511.66	70454.72	49630.64	43708.13	54859.98	113800.34	14180.82	23204.96	21931.8	77226.49	2805.963333333333	11611.37	4286.26	15387.54	8575.46	2718.6	13837.04	41197.4	37682.94	48708.96	72941.96	36962.68	110333.41	60023.6	122053.77	31539.74	37343.5	38115.34	52929.04	41404.71	23498.02	38405.98	21973.48	12376.7	6527.73	11505.02
298.11499_1.666	579.9131439620854	1442.906165248156	1560.8495916038373	1459.7021591122327	1056.2102642409043	2649.2648965176877	2739.2770329064165	2620.759031049824	726.6687400405301	794.0575930705461	662.8243260414562	1191.2391869797273	2533.9462414849854	2567.2918451388864	485.2815636832566	498.9761351264963	476.473032275651	776.5067328040905	1052.4228029547796	762.115563291453	862.1126779365524	1427.3633360848698	1593.8756357770953	1183.8773941392647	2835.1652619324423	2911.6074202076443	3277.4633946921986	591.6161691185655	949.7882153915031	878.220292531627	1497.778988979123	4739.464064361637	1027.9793109666675	0	390.9352197083306	518.8283576891716	971.951765983223	346.13409527964654	1379.7840866787699	1536.317492168193	1835.6950660751775	2353.1206975061773	1245.1451866654318	4543.398378926209	3609.571031787559	4347.501699005749	732.6820747654945	1098.6812041769545	1193.487233291883	2042.1782725887151	5668.214748846663	11304.52929299329	1685.1563773418434	1114.69253293527	751.5237009037359	416.0659708798183	253.1837213614901
298.15121_1.319	0	0	0	411.8091004286048	0	737.685167908855	152.03294760828018	611.4055297141252	0	0	0	591.2463602446235	5059.662812325556	5363.226367647369	0	128.7737096198617	601.2459564633326	4413.633324410157	6752.411360846409	0	0	0	32.202955477290615	0	2003.009984702098	38.615878328917645	979.762774359632	0	0	94.52370523888705	446.3042709303121	8997.319940038973	3796.731247881513	0	131.65959681517316	467.3846591514562	4571.581538047885	5154.352418198726	0	0	40.227542709937964	144.40666016017178	0	1271.939359870935	398.54855798243045	996.5366487504874	0	0	236.66365969984167	391.4088534357316	8314.898631803773	15467.281362396889	56.8523169948061	1557.1198639400902	745.0103545764734	622.8865719932566	816.6622746599521
299.08121_2.506	0	511.38	773.72	10138.79	1219.94	18745.226666666666	4151.06	29354.49	0	0	44.96	9427.41	119.60333333333334	8658.61	51.14	746.76	1994.63	11100.59	23271.73	47.16	1044	1745.84	4235	1344.02	26894.546666666665	6200.76	18776.65	881.54	95.96	1434.04	5872.74	29049.086666666666	10418.96	0	430.78	2109.34	13233.82962962963	25451.44	395.56	1513.98	1956.54	2158.32	0	23499.41	4698.06	15847.04	2088.4	163.98	2562.56	1595.73	20974.63	0	826.16	3010	2279.16	5466.1	12873.76
305.98828_1.168	767.3	2658.74	1946.56	2406.1	3211.48	1623.99	2839.4	3687.42	968.9	795.62	1211.46	1887.51	1279.0233333333333	1130.45	915.18	1246.24	154.59	0	0	1200.04	843.34	2286.84	2002.01	2176.6	3027.1766666666667	4644.96	4626.89	1621.78	943.96	1730.82	2540.34	1069.5966666666666	0	0	758.54	198.38	26.71851851851852	44.6	2490.82	2761.14	3106.86	3072.93	1749.6	4930.06	6574.96	6823.27	1656.38	1949.9	2196.28	2733.12	2538.11	0	2219.56	1786.58	262.4	0	31.23
306.08127_1.17	8567.86	14070.66	12926.4	17741.09	10038.76	35501.583333333336	22237.56	37986.3	8915.16	5550.82	7857.08	15683.05	33305.68	39463.38	6579.06	13400.92	8778.32	39938.89666666667	31816.52	7241.66	14065.52	18229.88	11150.84	15137.98	36365.66333333333	28497.72	40515.14	8435.1	7227.46	15182.66	16307.33	43189.933333333334	47278.5	0	10466.02	7055.12	37509.57407407407	30033.02	9353.48	20766.96	33678.72	16150.11	8287.1	52795.94	34457.74	43868.49	14270	9625.04	27205.88	16767.08	53738.92	22025.9	13322.54	23892.76	22983.84	8984.64	15241.68
311.06635_1.169	517.6067374514525	262.398458090179	739.9665991412978	341.281985956054	74.40512377439039	6344.455499964937	1484.4854162309534	1778.5117450508662	430.7714918874767	382.7191342780558	287.9070896335789	711.5240394353723	6674.073077653723	49.05043902029467	493.15674657134497	612.7039375696372	800.8193400255691	30203.794522338732	44386.607072970255	577.1568098187332	1975.59929254106	1627.5905880865416	672.3070494965334	2140.3546016780115	1265.6831745366212	279.70546460806304	5319.486330954342	288.0742704008504	581.776851093019	773.3750678581752	779.9695739480603	18259.777837566915	20510.557228229554	0	1117.5283788778643	1685.1198373651541	18704.43069442297	4344.634822781551	549.3937210494521	512.0646380910201	972.0840494585832	2285.1395210763567	1048.039021212839	5313.427428009075	757.1484124660522	3366.2449385451946	557.9065383829027	839.0391692321691	296.37072759774355	2220.4137613269513	12495.714824207105	877.6736712572829	1084.7302955323228	1364.7815570332127	5876.086424965984	20194.73268288155	21219.776687265574
314.09222_1.146	1670.94	2065.64	2785.1	3975.3	102.28	1110.6166666666666	5728.42	2388.07	1782.18	1952.54	1940.18	3110.98	808.2333333333333	0	2636.56	1474.5	638.37	0	44.77	2631.02	1295.5	2352.06	3838.38	4396.96	246.76666666666668	1894.94	3322.58	161.78	2420.24	2221.28	1538.14	301.1	509.96	330.66	1226.2	439.59	0	392	2503.68	1950.08	3228.94	3511.07	3959.72	2996.24	1709.18	5539.09	1424.28	2327.2	2301.84	3454.1	1424.96	0	2669.38	1789.86	703.16	323.56	590.98
314.09229_1.267	2237.7	1993.54	2945.68	4592	306.66	1032.0933333333332	5731.78	2497.13	1735.3	2332	2033.18	3539.82	626.2166666666667	0	3001.62	1623.36	588.46	17.88	120.2	3429.1	1466.66	2882.02	3606.1	4886.4	266.8833333333333	1537.56	3635.52	52.54	2427.78	2778.08	1604.9	282.27666666666664	447.75	0	1614.66	577.81	0	618.39	2674.54	2295.76	3448.9	3306.17	3806.54	3027.44	1495.92	4891.06	1638.06	2429.36	2805.78	3707.09	977.27	327.42	2667.1	2296.58	607.36	358.88	724.91
314.09253_2.297	7057.6009094262345	11011.033918754374	9751.804918604576	11483.661737140133	21935.426529058288	507.56301160960305	11614.415920870826	13942.565402037073	5845.347108419527	6482.504611310804	4979.624151308199	20410.420249634895	2631.840155935927	4289.501106871563	5830.547058719825	4629.2509281077455	1632.1533426619696	60.93095672542747	2389.340701490984	7045.170923483715	5935.923831871427	7590.232004881548	10713.777476012656	11236.024725146732	3409.524775818348	15553.699222102314	9448.782330114429	11114.478765251608	7478.6584633444345	6081.360099110066	13532.491952996632	156.01795525620992	5279.759749404159	1150.8236404849258	5409.864764780749	2147.444658787119	468.5423910312672	6206.368770156052	12278.873722530177	21346.05082154044	10913.386250301379	8585.152034945426	20102.025733230952	9928.23697337054	13609.744180219413	22074.1592177564	10339.069192069222	10703.471996400207	19957.89457412691	19540.44054569012	5788.322781742339	1346.6624325487924	13084.749818484806	6822.543378131385	3766.437725505696	2866.9335431612317	3524.630281430681
315.07657_2.511	46.67861779270356	653.5130987518501	62.66260478061051	2306.971721747825	1574.0142222135983	1942.3144860750922	1951.4957151333376	5873.750778625317	239.1889246717148	29.20119395239379	0	4648.862591117297	190.3745711301903	7323.56465929345	38.262355694766605	396.1205608698945	770.9517797542192	3141.8960588211035	6543.38796298124	45.198304870155155	165.6747182388104	825.3669155209973	1216.1164761727941	115.07797515315171	3501.6122778548083	2149.821400237901	2993.9456412457653	679.9987185223072	38.4306959002976	443.20661642251486	2590.787017856378	2599.145334172632	5363.216717975326	0	61.904386107404214	1024.055520678795	2369.183763477995	11946.748107848038	77.71305166138247	728.2577557370481	613.4392087530283	623.3785150947083	152.2363751585627	3921.548119600644	2510.308320818444	4766.162376998432	889.6726189252837	264.00674011074284	1645.4440278198308	623.2373438731433	3916.2969382681636	55.35509385465954	243.6262499172913	1157.7052730472067	849.6438436437768	2405.686986352208	4946.387289083788
317.19623_8.702	6892.297395800272	3708.1969180738542	3748.8609094403714	2880.1930319612234	303.02818793363497	805.4535473691502	6610.481713613477	2155.3032321862984	3242.2806208013785	3310.035667613997	7284.147521008867	1068.658927617554	314.0492607826793	63.08072934474314	2891.328125263167	4632.134468993897	2228.930112974383	334.5921640103322	2053.698535332785	5763.832393341447	5182.349499741306	2570.408107798205	1788.6647478012549	1914.686344825645	200.76959823769528	2417.422153050859	2324.922945044711	261.68546009556945	4380.405629807832	6631.169682714133	881.79520542846	232.34663215597098	880.2522730734798	3727.8996484952595	2451.277514186503	2518.5726758016435	973.8099203367224	5526.847815665303	2722.143471673991	14195.779509876458	2689.004209675936	1266.3040106309402	2659.075959606106	747.0202689918084	762.7434889743089	1238.9021364490745	2508.1630125870865	1727.6006255120737	4087.3037537954197	618.3193470961049	2247.493419228493	5126.002723582219	7213.311569428407	6548.033698203325	1481.8206459271023	1845.3585400753343	1067.6590356608979
318.02054_1.041	49.35148793881905	542.8268816234425	477.1458789393847	422.74684691691897	4110.018035033015	18.437972037492997	1129.34302442354	1022.1480042520052	445.6492665077674	493.6927131401961	0	1333.8670011551264	195.48382000472196	7319.675240361181	66.19492941133174	0	780.8849089014354	2388.4034928933766	2426.4472964541374	167.63384416104756	291.3863401218262	626.3324261480956	665.4254916707545	1337.7945120961383	81.56408885851462	2349.7981821843673	1097.9527122921777	1069.503478994563	281.6926293084895	144.7725938791622	756.2706927705439	256.4487940898426	6412.617203063909	0	266.84685434752464	1245.8097042612148	1437.3217618254425	6875.216869080831	540.0069810317934	1118.289798543218	809.6458816101814	752.0633596478598	2780.4816885212376	638.5140476491889	2102.20870733386	1989.038621589982	675.9442775817841	329.8225304426716	1570.7214299094876	1915.1407172234713	1226.3407192489838	0	815.4895691487417	1137.174104560337	2236.604364486002	3510.9882743970975	2159.986524842863
127.05042_1.446	6208.477263948543	11241.452176067294	7272.776287965199	22465.11169491208	5176.4916979463715	28369.662559453616	44276.91212451171	35745.04744067926	3573.2878988665057	7378.995307432495	10574.698924047454	17963.631492834116	115114.8285980117	59532.824761604366	6249.162195297053	27985.82065453968	24518.696051020586	97755.1200465203	144755.64020152087	8694.763186406126	15018.544871563756	8108.323728349061	9891.035432631528	6637.355015179303	28018.422486913216	22840.737372630778	56197.92305704601	4075.4703357089284	8823.289928131118	25506.696061097664	23981.67347449664	166053.99849752014	72454.25507168802	6595.072212868489	24931.978806261388	19000.97045680892	93615.43745891358	586430.08094379	8439.173759415085	12050.069417659382	27286.824485401143	9678.81716204364	5147.450627028569	38511.56239515278	24568.164630936208	22706.314119032304	9825.619853752161	6558.431837654195	17502.534380816734	15303.064726573682	179790.56409110417	30107.923759898153	44103.09447253959	119234.13375192197	29935.109792681942	61557.26173401784	32171.141486872086
320.01852_1.042	48.64301633382458	301.6586431494312	619.1259599204809	483.7030928675943	3668.5806186048385	31.50103709726663	1327.3377658293207	847.0111297572244	467.7891901907154	96.10722624991143	0	1095.5295567300275	126.58003812887745	7390.8815254288675	0	0	695.6787766896169	2522.0220727384467	2283.3772268416615	377.35397875856745	182.91961134669006	542.1570401527005	668.9771072192009	839.1024049272814	83.84747096316288	2227.5365086247457	1183.1010066574665	1274.3585006893613	418.0613241025824	281.68899664991676	594.2535799362789	299.3458502355625	6782.647750917398	0	178.64161268868511	1240.981474802174	1488.1411384669848	6408.96912761872	525.1625188042788	1203.8828652936988	1031.2795615513094	663.0489526617654	2813.0121441499978	709.139691453949	2456.241920480096	2529.6808304642873	701.6161445837139	369.41356662194977	1241.5380931693267	1916.3216620372932	1189.251874278539	0	725.0015370348415	834.6601688866172	2110.262878805384	2999.71112481931	2106.754756859681
127.0505_1.721	1167.04	1166.46	389.96	1196.18	403.52	1794.0733333333333	918.7	399.53	483.24	1909.3	821.54	1189.66	2806.3133333333335	284.97	678.54	636.82	1801.32	3196.8366666666666	4128.63	214.34	3927.98	563.16	1246.69	823.6	268.16	264.56	438.36	755.64	1335.58	1294.18	1059.14	8333.066666666668	2536.79	401.34	2233.24	648.86	2227.0444444444443	2970.79	764.3	2068.62	407.46	863.28	2856.54	1232.9	455.36	2451.23	439.94	1401.96	1664.62	1158.6	1299.34	238.45	328.26	610.76	1612.06	1658.76	4533.82
325.22629_8.724	1427.2622287322395	1027.3684086937242	2098.2280083199444	855.1800271204328	0	1393.6499417322261	1503.2810303892388	190.58963262743765	2625.3984950936474	322.2128733908741	240.346887873504	1041.8236923603836	836.4594847162017	0	271.8696569861346	1300.2120062144957	899.3836215034148	1910.0972900557472	3730.5906889022585	0	788.019657267491	228.29191453138407	540.5335208774701	1389.287325720407	221.29794183204663	782.9760216080281	2184.291796414288	0	268.11996504911417	2532.7170563901295	1234.6618828392238	2073.7963020956786	3555.4284673012044	2933.272871498557	1594.5095941763097	1451.3826981966981	1450.9016416960649	0	332.14214848619946	2065.145635564325	814.5160908853586	904.7510820296044	2626.8997156114206	2092.935626498476	237.63215934323375	1523.5666381337096	1797.267259002002	2494.014521828668	842.217160758842	1209.4646767011384	3864.144012713086	1131.0338020017916	0	2493.697396910615	692.8893844604651	3883.971203191278	4119.137872173618
325.23764_10.279	657.64	1061.94	42.72	9646.78	0	21652.933333333334	1097.92	614.81	1807.46	97.62	726.42	15482.54	11090.523333333333	15.55	352.72	446.88	3519.49	29729.96	17227.01	259.44	668.8	31.98	1817.5	11345.66	2508.6266666666666	263.92	17695.16	32.2	48.4	2715.7	5100.86	55572.33	45520.08	30.56	1836.52	2045.92	6048.6518518518515	1102.68	438.3	2193.42	1026.36	2852.45	4191.12	2635.87	59.52	3601.35	728.64	1298.16	1199.62	10381.74	7104.6	9875.72	77.18	5177.06	3518.62	2708.05	9090.04
335.16779_1.551	1005.868662818279	1139.5262157793127	838.6429206975623	1891.6779993357943	63134.97807269694	284.05929798598913	1557.5726637164253	1286.860603889185	2316.6579341356255	4150.848104456386	2120.555538084667	1663.6921488666515	330.1806790406568	8325.83799953189	1536.1334455032536	1676.8206646314266	17582.24059839963	7746.0719136185135	17645.871863701876	1583.1410188798511	1305.7096940734286	2870.758565447242	1995.2976151172036	2292.392522280557	294.56774659379766	4360.205682748522	978.1544454151511	5741.495831224822	1871.8835546721302	12713.422996587326	838.6079586990801	207.2128293977234	2398.917423686184	0	2950.101356874692	5071.742301146322	1560.497856405781	60155.085566543006	3317.49048781246	18678.690329295336	1165.5733293772967	993.5433769898908	8205.576537953377	450.6173457852653	2375.452800291349	1849.4094605420075	651.0588190312409	1388.9688945607859	6952.768009127455	511.4496103264729	915.1408607205174	592.6349598518314	2980.6487216096443	3401.3369293144774	1359.425913736642	1550.902852089401	764.3749183835165
130.06534_2.024	437.75139185805824	1399.2427552628549	2614.5497607266534	2514.401335098012	3599.8821570922887	2193.530418225126	2479.6325438785834	2069.9852130514096	1140.5669525833257	1482.4278205835485	1864.7632048022251	1740.0002381194622	2284.0979756444444	2673.244798400965	966.2695684696902	1294.7638941138173	787.2338457889258	2413.5922718631523	1716.4271517461516	1227.959310155782	1026.9967392838837	2376.8167940751314	4252.044043392627	4689.966691065632	2555.8365536197575	3462.9045265921213	2682.5327829199196	1968.025101117551	1213.343069666575	1600.9031547641791	1986.0937099894102	2706.6801149397575	4666.824813154026	1075.7180984355834	2476.096151106193	1610.6559971523072	2649.217261769909	2823.8118636730387	2774.885594091992	7694.017723856603	4738.670111568825	2298.989973245257	4889.8721949237015	3982.515658139172	3097.2082079894294	3476.1038366778776	2680.0296205474497	508.9049700119442	4670.644308739234	2182.118277137967	4193.233985081405	93756.81925795456	828.6301640571677	3179.2056215593266	2384.0585520149534	2157.9799184465887	2102.9729798976678
131.04935_1.157	1006.1194077379458	1531.220759012647	1178.0506327261696	1468.991072555996	2178.359641708285	3744.416484574024	2829.911242212422	5106.327338017311	1249.1767447780994	484.369917549883	543.677512044521	2060.828601261739	3837.033044768967	9391.079333771968	505.87691505301916	1722.3600726363409	1485.7581924469553	5192.0125372334105	4354.513712290233	965.1722660293171	1794.4589413895355	1872.525655287008	2195.660567091582	1170.4891350191745	6444.515463201264	3171.884416491038	5716.116248877267	1615.7333992980691	603.5297715265658	1288.0729276821676	2761.052002639633	6571.423193936635	5768.704974342481	312.27838435548927	762.119629607057	2232.8453298186337	6829.428342587846	3571.2789417378913	1181.277013591408	2112.1645983684466	2090.087771657965	3009.4909449433685	1883.9573766401577	5199.790446208329	6191.194617351346	7811.936247597079	1399.8365227480606	781.1876981290546	1861.3640192681864	3332.291572166511	6922.1924620199	161774.61511276255	775.8576909617946	3274.162867850352	4076.7619463685887	4866.9842321487395	2132.1790301562
342.26596_6.764	2813.54	4327.62	4741.12	2670.68	0	1543.4	3999.48	2651.54	6547.08	2786.44	1261.24	2973.43	1134.09	54.13	1633.98	3336.2	1718.29	531.4966666666667	1413.35	3960.86	3019.2	1105.62	2421.25	4704.56	37.21333333333333	7129.48	2901.02	42.74	3295	5473.06	3066.52	1157.51	1701.25	2048.7	3283.9	2143.91	411.81481481481484	195.16	3546.12	5245.94	3709.92	3549.03	4611.8	3590.34	489	3172.55	2659.14	4531.92	3355.14	3230.26	3409.75	2666.26	3433.44	3645.08	1421.29	703.58	1283.1
343.10126_4.203	516.9284258666362	5412.972369605496	5784.9448593870875	3323.081547278929	0	1606.1128416805593	11563.14301080943	8979.20119043315	1059.6094920402245	348.30074816129957	559.2879134123249	2455.0652487540247	2204.3236505385903	16.86354093517731	121.0508737340438	913.7685749438914	0	0	0	1540.2195144896832	222.75954636413215	2320.420635905528	3635.2273365424353	4077.611183124802	588.1264372522164	2564.0223221699794	22126.80262396518	0	1123.248604841593	866.473486690833	12307.281809413023	1366.2259856849214	214.48431580836245	0	185.50923621208568	177.2319823676815	119.0406311533355	0	5271.061660188688	9543.144882232535	6503.631179757225	3944.097046798376	3487.1060385135247	10552.744861109617	826.3784586747332	8722.112408716817	4259.491069319151	4783.699577869126	2711.9663080365326	6954.687877710226	11047.403309207286	0	5673.41111530172	7360.11641885409	15.866695470911525	0	0
343.17358_6.454	637.76	680.46	1330.44	371.01	456.04	167.18666666666667	4019.88	425.03	2511.86	1011.52	1090.1	342.33	165.82666666666665	17.63	646.94	918.76	3068.18	417.5933333333333	11089.59	2005.36	1807.4	3089.24	385.7	1554.62	80.39333333333333	3899.28	538.45	32.76	1040.9	3636.1	277.33	229.20666666666668	241.65	33.08	1520.1	1471.4	564.7148148148148	1657.68	3255.16	3993.92	1437.04	845.41	3068.78	471.53	545.06	659.5	1463.48	1948.02	2298.6	353.2	552.07	736.29	7701.2	2997.64	1247.69	479.72	803.6
343.27246_6.762	2798.32	6593.76	6094.92	3418.38	0	2145.34	5133.04	3340	6594.58	3008.62	1864.66	3702.45	1537.31	0	2639.66	3696.56	1708.93	676.1366666666667	1499.99	4035.54	4282.88	1861.1	3294.27	6438.22	56.27	6579.36	3211.64	39.3	3905.04	6783.12	4231.64	1847.5066666666667	2556.28	2453.32	4017.54	2782.64	565.3740740740741	417.2	4665.14	6398.28	4919.76	3849.73	6274.66	4869.53	346.8	4237.84	3520.42	5928.6	5249.54	4062.2	4017.36	2210.59	4480.74	4470.02	2104.94	839.46	1760.13
345.21381_1.268	45.501874419299604	54.45049548781183	48.26475618377951	1284.0779179202266	0	7915.950547620187	1406.7167419177524	1678.4605380756939	0	35.9622187394076	0	792.5438909996872	6132.020519770938	4575.366091286262	0	0	367.5414893568334	3826.5115685130145	274.14155644351985	0	158.22173386611257	168.50508578979597	684.2161123853346	837.4172331799981	7391.981366371791	1316.0899622291317	9740.966995282524	81.8272424245263	180.68273032355418	351.656676587242	1432.9815200866879	13468.508973437716	8012.277325885325	0	44.966956873375366	773.2404644823717	4262.564428368192	158.2151770831335	198.9228331177922	714.6839310467667	1354.3763234391508	3815.370711566432	1132.141504422617	7652.012250024422	2131.7659328346986	8062.284480393046	989.432839784702	259.1745905419525	455.8020824212557	2332.414167446182	16767.30395277238	8581.080533407321	385.925327634064	1946.6194155489457	4536.4427808687105	253.93214180488303	177.14351004143563
345.2883_7.79	1444.3636897658898	3605.895377506198	4097.928888329848	3547.3917618983705	0	2371.010720460485	2646.7919899731532	948.074311655271	4725.799890981309	1399.5599505031742	649.0019280528463	3179.7120594789203	2293.0184138727955	0	704.031299311889	2127.8044159182537	1208.9131787039685	641.326926881573	1084.4036903340989	1155.0487698078066	3170.698375253335	455.8064348468864	1792.1916758091445	4599.4982610624575	51.57842131356645	2350.418619129005	3353.333234636141	0	1136.582507952533	4009.5165495764318	2592.3810642023336	1947.5050459904173	1594.8208785296042	4218.314306540543	2479.1891764771153	1606.175252007644	412.5238492509953	0	1589.168548227477	4818.047171729248	1698.142350096083	3150.895251927509	3846.2219792454766	2996.150575252824	450.63141104134706	3981.7797499166354	2019.7077309875751	4772.765649830638	1633.689275339769	3629.560869464189	3795.979525491817	3696.744447822327	1114.8565868255325	3172.7668209498906	873.667646653821	419.0262165283785	885.384051286485
345.28833_8.567	1583.7764806296025	1702.1229272862693	2119.0665604451624	1991.9798518898583	0	362.4603529253653	896.9678258228361	257.4264967412414	2505.092953451875	963.020936808307	287.84966367053335	2139.9114625239295	760.1767164634832	0	556.7046515850072	1443.1887910353048	838.5672209804003	260.540486430003	604.6286034673726	212.08803545659234	1790.5052499550254	34.449881420919475	1196.1402023020557	3874.106957952694	0	367.2325740954986	1401.2332881033203	0	926.0755109573688	3423.599929237015	823.0842807453254	284.0528606858786	1304.4781563412923	3339.9656587890127	2513.257683156167	861.8883777211761	76.47270130279279	0	662.348675694404	3595.873028947866	911.5013988218838	1966.691470190469	3560.5023131353555	1252.050085859855	0	1681.496994144524	1190.4773408819096	3117.186719193756	1111.4803161102504	2478.595814164606	1788.2219209964678	1874.3525712755459	44.00364613951131	2064.2576214345013	679.2261851720234	345.03502765219235	919.3806240017643
345.28836_8.175	5550.954267861562	7221.239009360466	9050.877806386194	7796.951621624691	0	3097.47799950839	5178.168375928502	1058.4407418495489	10369.017927912602	4342.702171772651	2697.682837020967	8389.402175578356	3272.1768622039226	0	2067.175232009903	6483.506703629955	2998.8444413517004	1134.2653637445515	2640.778299788328	1951.6632148977424	7959.855348688068	1051.194076551833	4150.035416650144	14167.222008239716	11.46835488869001	2717.018203576212	5324.604438786955	0	4266.014730647773	11751.31671790466	3670.0931084464823	2812.986942694392	3926.9139392587117	15646.01201601659	8327.21492682694	3757.450654782111	672.8812643727697	0	3726.628977085117	13658.07483316169	3978.412011226012	6531.488968451213	12789.103570071695	4568.338247989837	80.99191321530851	6538.963753341618	4965.289427202129	11617.392743545808	4915.276845858521	9141.97676233117	5944.701855588184	8934.277064183674	2442.929771810448	7829.7978305181605	2162.3755385398636	1649.8375337120308	2511.868627601314
345.28848_7.885	1268.515994588645	3229.5281470609716	2941.0440716102835	2831.5379348130596	0	1894.3001987486386	2149.3262834026314	651.2462715324205	2978.427790760876	897.0424318301641	464.56717290937877	2350.521272909721	1529.9540519983027	0	624.2891272279174	1579.4407517791467	943.4511234388327	551.2210388586101	1084.322184139788	877.4496728772147	1835.0643589023148	227.9387745210988	1491.1538949502096	3805.5934107826306	7.598078832397391	1845.9597567578085	2822.083600530621	0	700.2195308316061	3538.9095933903936	2132.204168834623	1678.4194350367436	1423.4547865074858	3549.5475014001736	1896.8095754605497	1233.3217338015459	332.52165222622216	0	1148.2482477209624	4239.15371420721	1335.0527596761979	2501.1442082999943	3314.649633377632	2456.097485748957	95.80533704529601	3472.914777303198	1801.690128983016	3844.558079804869	1255.3989315817837	3030.2018216270367	2977.7509785469474	2843.5880770026993	964.2435112571615	2196.2652756269777	781.7850556086336	465.44528841924676	961.505179934664
346.19751_1.066	1377.74	1770.56	201.08	3118.09	1744.24	29112.81	915.84	14728.74	2371.86	813.8	868.06	4288.92	32592.086666666666	14618.22	1311.24	1686.92	19261.12	103055.46	25445.51	863.66	829.9	517.22	3379.24	4670.5	45541.23333333333	8329.4	36566.23	1540.08	1093.62	2645.54	3423.9	51009.81333333333	32253.8	458.06	3630.6	8845.57	40486.75555555556	9686.46	1933.5	1313.88	2736.62	6173.62	449.72	12430.32	940.16	17093	1690.72	1019.78	2047.46	4950.03	12972.78	23650.74	1472.08	3504.38	12598.26	3326.07	4301.63
346.19785_1.109	0	129.52	201.08	2281.6	1744.24	29112.81	880.24	14728.74	2371.86	813.8	270.66	2298.31	32592.083333333332	14618.22	119.2	1686.92	1965.57	103055.46	25445.51	121.54	829.9	517.22	2222.28	4670.5	45541.23333333333	8329.4	36566.23	1540.08	0	2645.54	2407.08	51009.81333333333	32253.8	0	3630.6	8845.57	40486.751851851855	9953.1	1933.5	1019.34	72.12	388.29	0	12430.32	102.18	1541.13	130.44	1019.78	353.56	345.16	12972.78	23650.74	149.14	3504.38	1665.11	41.71	2402.32
348.07053_1.099	1466.18	784.22	1581.12	1296.24	3079.56	6233.466666666666	2558.98	3349.52	863.42	1839.22	1484.98	838.1	1772.1866666666667	479.55	2282.84	705.22	266.72	164.09666666666666	280.99	433.36	891.96	2482.02	2594.35	4759.18	2463.74	273.46	3649.74	345.7	1557.94	2123.8	2618.19	553.4866666666667	1308.65	591.74	856.02	1062.73	288.75925925925924	788.82	1883.96	2350.64	1745.54	3201.62	2146.36	6083.36	2304.1	5739.56	669.3	2364.32	1744.6	3895.04	1928.56	7017.35	1533.02	1363.54	1214.62	703.51	919.82
352.05673_1.094	847.84	1716.32	1068.18	1732.46	1660.48	2614.28	3089.8	2608.76	777.14	940.36	476.14	1857.38	1923.05	275.09	1859.12	885.16	371.38	1408.3566666666666	997.35	598.36	1061.8	1264.84	1349.71	2783.52	1487.0833333333333	2679.8	3162.07	1128.2	1084.12	1600.94	1499.75	1248.0266666666666	2435.87	0	705.36	563.81	1185.9703703703703	1538.95	2879.58	2261.4	2699.12	1422.73	1622.5	3208.75	3121.58	3829.76	1708.54	978.92	1719.7	2413.63	2125.5	379.58	1523.66	2077.52	1268.33	1504.95	373.76
134.04488_1.096	1857.96	4012.64	1575.02	1945.55	5043.78	5944.163333333333	2729.18	10851.4	1573.16	2921.32	3258.44	5151.35	6981.053333333333	950.45	3552.82	3190.1	491.62	614.99	66.1	1934.54	2518.8	3066.9	7174.16	3543.48	5617.666666666667	4023.98	8239.77	1945.38	2161.38	3213.14	4715.67	2153.6666666666665	953.79	936.96	1715.6	1505.85	277.9888888888889	464.48	3215.34	4873.44	4022.8	6476.55	4842.52	14569.45	4459.06	21247.96	5263.1	1552.02	7007.42	12072.23	5352.66	1620.25	4479.16	10600.3	781.98	452.82	176.84
354.07932_1.225	1532.987638561548	3492.5758666209854	2908.5232905516896	3765.08412488539	5505.546306188641	6436.944372598534	4886.727575863583	6569.615945723098	2099.942142700616	1028.4863741785875	1346.430355711408	7045.472627459709	5021.46344951558	4613.678015162907	620.331516041278	604.3514197755889	1954.8662457840528	14728.094738160164	2814.3805848447723	1207.669067897844	3289.078642151529	2054.053320555091	3547.102397956817	4339.740581047734	5391.714271077566	2533.039237988575	11006.0799813042	2478.9571559779743	1154.8814916222489	2146.03603916988	5062.118351021915	10084.845384187545	20172.07140663017	97.6996289024941	2280.3465723003274	3666.2917931556776	7738.271617825462	6071.875885176585	4076.708921738452	12776.045013148521	4078.198158100081	7298.133406909111	20809.434868489156	3183.1187929334287	6138.988162299033	18635.699650822502	1516.4925819104549	2458.9968994061405	11036.042164861792	13750.84603268569	5239.505312211301	9899.088376244581	1080.8058905511423	2991.5556582845543	4488.606928484125	9355.827069824192	1437.9550582641514
358.68491_5.373	771.0848687761963	650.3983876896027	634.4722665791564	2224.303102249462	0	17529.729850960754	1505.934609006051	713.3375746713517	309.14106187593836	784.8156445470521	381.2084665605156	1300.452028889505	12394.515338216592	465.2272855585333	142.4972312093567	253.2320487809321	1258.4376636661084	8795.344611923856	8319.970206534748	94.30727501996407	2747.9081767704647	596.8236401066614	1836.9268759616868	2518.5625223974434	1965.9455371015888	2033.6967424151057	5819.91427741021	0	323.61867940482017	1041.8238585438846	1658.6377919597583	21813.209120416243	3433.9660170775746	0	2244.727552992028	1600.186686138872	18778.684833097763	666.2783911274646	1026.4484909848209	1821.4486980831107	1261.8563794551321	3088.1422500047456	1305.123450972555	5314.062869726106	998.5752014941015	7322.717591768784	472.09031917967957	1012.9577582798976	1276.3097198486748	2315.4446519747166	6431.24916558218	72.95223952524701	388.7216473295617	754.6264967386477	3050.76525099351	5467.120892065782	5876.700558763963
136.06187_1.093	195104.70039375193	232383.9705613607	228600.5967461525	287012.98434624216	174990.52979989952	560856.9770554507	435698.1235411957	548432.1233557838	238867.93769436848	150594.78418046812	168724.17378966868	243084.4744758579	518488.85039083264	85084.82972162335	165792.26937295918	186224.38929422715	118410.51906094745	204529.70812487364	163399.04603170606	168258.10330436472	290673.4638024743	324048.9949648926	236153.82890824944	359531.9819895333	444921.1995749609	595885.468313353	532810.6119991096	147442.51242951708	185439.174030547	317732.74066380085	291924.70557401323	462123.3503719733	286583.21045261296	163431.9518943046	242634.70809932088	104952.35021658994	190369.91044474937	215335.2802457967	216202.18034349725	356740.4699534439	371946.54828932375	262912.3275601247	236833.87545617975	694131.48498547706	566057.9220538519	561397.9692102158	268953.6194538427	228988.03149595312	333057.85149957763	314926.02440482774	395133.2044893222	503798.66222186596	257315.38527328504	285029.1271011435	160756.64242141682	148176.23524569024	132342.8959648643
136.06187_1.271	43013.20101542369	51965.23545750674	43053.27361208759	78091.88047520169	50070.80168065556	281248.9947940588	87222.81247704221	65751.20164119893	45546.541065720274	46228.38058705548	55377.215758327024	72388.06240977508	433429.0441272652	83090.98793165784	51099.81998903154	92518.56388519604	82104.75356450958	320498.0815831483	228500.58424362555	38525.083198482826	124774.36521207566	33306.17619130238	39157.10296773791	82333.18933814067	64346.967501880004	88574.40179356195	97467.66565406304	28728.233417479925	56519.37798222508	93202.7732992614	75416.4130072279	731179.3619434633	347111.33556744514	4295.6504007542135	112566.1695107644	55312.201407082684	237258.51049339108	203432.17377387197	45215.9372359007	71279.25418989662	70363.4801272897	50484.83980206278	73887.7162098206	168964.34833874702	84773.41400432093	117620.03857053118	52881.22861929219	56873.86676397543	76702.34745290362	102136.15581901184	477077.2217992422	171841.87039144535	59462.127912189324	128471.18082600202	115116.76761783921	118501.60150075292	162167.53601863104
136.07585_2.19	2560.480105236713	3022.3539558049497	1133.7879265961246	3621.4482692411775	1467.169488936808	2835.7888670958414	4601.2604493697445	1929.3046120281863	2787.1166215097223	1616.5498695623728	3566.643213815863	4123.370422484787	2398.0307319148037	782.0530897255245	2796.5407538748987	1884.1365692512209	1705.827923767811	2547.62173053931	4660.511909948765	1984.1639413343833	3646.7146123684083	1754.8685400595093	4835.174021247778	5198.252329911271	1669.045266158288	4108.43021055981	3529.59456013469	737.614077511234	1535.2203433090644	3621.5420857094127	2551.7027056539614	3351.7178690128467	5142.7330174739245	1620.5524265953181	4171.642039518263	1608.3420254458335	1829.0512861077952	8739.730162401185	4179.835503021173	6069.942152783841	3268.397685653158	4150.245028995994	7265.753319662904	3598.2212085245183	2773.9832490790245	9070.18273259322	3196.705498024568	2753.390902383122	6187.21195607376	5961.130590128236	4218.944749392624	11130.10155249803	2877.9394658674164	3291.34541616869	3285.821459902908	3930.9148629406923	3734.6892067717276
360.27637_8.449	2462.310804975878	3603.5509646161004	4218.85595883789	4098.899797681238	0	3194.8683128052353	2672.699991946437	556.1273493518672	5650.815642926373	1454.005910763498	581.1857882164061	4662.66125212311	2336.1353823462837	0	817.1837083202746	3721.528789956358	1949.2308736956138	1022.6308987040682	1375.7624388439735	535.902158224755	2467.9823342053573	675.6865875181003	2021.7794280657502	6933.663844848679	217.305932679151	5813.9375500390315	4083.9371703329325	0	706.3569837714504	6960.097816618173	4451.766964218612	2466.427994413484	1623.5246101010523	7053.152200180307	3698.985483829995	2369.4696703137083	455.8431249416215	0	2061.1925286510873	7429.24128480247	2087.345900548776	3887.290973223931	5243.678604970538	5170.086814950649	730.865576498557	4834.734111911449	3140.7266932572547	7755.846291671564	1854.71785459332	4611.137014226316	7063.074095658994	3610.3571280147735	1401.711680310951	4587.557534764709	1043.2057938894839	822.514375221475	1876.032950347092
360.27646_8.051	3948.102785063419	5214.5313047225045	5210.038387733328	4960.794571681282	0	3621.291864673718	3585.748502606108	679.8713304786863	4491.515959166811	2609.4174800564533	401.0902161375383	5052.67384524586	3086.9702895644227	15.649703188451182	846.386337842083	4433.732248363986	2530.6964206750213	1266.926185643189	1199.3753457584496	1295.5278258561216	4133.424886002629	1083.8288160318039	2562.161349150187	5405.491502929196	228.65761747411497	4882.719783469197	3768.783497161086	33.52422502891743	1362.7444830976906	8298.150668598206	4888.619908123382	2928.1074843405245	2539.2800582672694	7109.030161285427	6826.539131018468	2459.167354334906	857.5465515718439	19.177223378840132	2844.282120821495	7919.994377678248	3431.121396463633	4347.038013705063	6945.809633903246	5988.8066758299665	1042.487114085271	5231.460743170563	3508.455113590788	8666.955861796165	3047.463111706224	5136.212727253418	6471.126849495368	3937.6287401773257	1942.90551458324	5017.287720800858	1222.822918287922	1531.723001689149	1758.3753491614148
361.28268_7.088	2048.42	2641.26	2856.86	2481.16	35	1366.3633333333332	3103.68	1311.41	2725.3	2193.82	1323.66	2532.3	1007.96	140.19	1218.8	2221.84	1515.43	698.4133333333333	1707.66	1649.74	2822	1579.2	2260.25	4230.48	122.50333333333333	2714.4	2496.85	106.6	1943.44	3127.4	1584.58	1216.8833333333334	1972.45	1318.98	2403.62	1528.6	690.2296296296296	216.55	2397	4774.56	3573.54	2625.52	5010.3	2961.52	1465.1	2479.01	2026.64	2778.8	2651.14	3219.46	2646.33	1924.56	1515.5	1842.3	1337.95	745.87	1367.4
361.28271_6.761	1522.94	3709.18	4575.9	1996.94	30.82	1497.35	3561.78	2507.3	5791.24	1962.28	1010.36	2080.4	772.24	0	1091.94	3703.78	1326.57	452.41333333333336	971.01	2456.3	2634.92	1303.46	2272.19	5023.5	40.49	5900.44	2313.31	33.54	1875.56	4833.22	2413.19	823.7633333333333	1704.37	1791.1	2634.18	2164.48	282.47407407407405	46.43	2624.04	3656.12	3235.2	1924.26	4219.96	3558.85	605.56	2456.49	2896.7	4389.02	2035.48	3272.89	3341.75	2033.11	2791.52	3432.08	929.51	293.99	794.7
137.04588_1.118	33569.27627389889	49450.029033763436	57978.6309579546	208512.4145365242	113839.50535743561	306057.3365515875	238364.4358904533	204193.40595600664	53287.46665808595	34935.88957204134	39953.2081647994	181564.31948885866	450065.409556412	1276820.6067679678	40160.60002806879	73892.77577002787	611166.3780537891	777345.9876063706	1068872.271308752	46298.01105579958	101338.19548682422	98179.06203573672	93495.8665720826	163652.79662903314	717643.7131603425	180462.64107273103	356757.9305313856	70978.50094864354	54761.704215635684	157388.2848377963	149920.5204642579	1411671.0744968026	668395.9342522931	65767.50528876699	108211.71692104591	296551.16404152324	722464.7311851127	1266545.023347901	40494.85273140219	130784.04787431218	163432.37547562653	94378.57782647012	86209.67083516157	375722.67232855974	460192.9686187948	272501.53303627955	473788.1171925295	39506.445239797285	192984.83741407684	97696.43724849723	926088.2472101095	556168.7522142294	78791.35813843767	380668.78008844756	254249.71847364455	75913.59276186537	299411.4839385494
137.04591_1.317	996.78	2083.64	2672.62	16705.42	3168.46	15129.133333333333	10368.84	25484.52	1812.78	1038.34	823.06	27710.55	127266.04	233862.12	2778.98	16931.46	46911.68	131740.16	328791.52	1372.32	5469.12	4659.88	6218.73	5277.44	51967.78666666667	8569.42	27252.5	2347.12	1219.48	6642.06	19876.85	245919.57333333333	162592.37	0	16490.14	30831.87	166829.25925925927	231259.82	2445.34	6426.18	13208.54	5358.64	2329.9	44842.2	26724.06	30708.08	12289.48	1956.88	10460.94	14626.8	258382.18	190663.72	11615.44	85768.72	36847.36	22341.84	50936.04
137.04596_1.485	98.34	40.1	0	837.4	122.44	2799.4	288.66	1923.24	98.48	93.6	79.54	863.6	7072.333333333333	3114.96	0	319.32	697.95	2428.846666666667	2816.79	134.06	67.54	70.88	153.55	159.72	3015.3866666666668	596.68	2024.77	31.74	112.78	240.14	720.08	13522.213333333333	2114.89	0	169.26	1087.6	1926.1851851851852	804.8	126.76	174.82	340.88	378.6	89.2	3279.79	1044.58	2089.12	683.56	38.32	516.54	624.86	18162.64	1443.51	111	825.16	704.3	61.91	601.35
374.25595_7.354	4031.8290619115496	3880.775593438292	3466.6184377918794	3348.760260350566	32.95056379594846	1150.6018666807997	4722.513653526064	2053.532843323695	6108.577092665939	4170.996813599431	3680.8593733692146	2720.622630148077	1422.7256216364462	50.355180698234506	2188.069153173134	4032.6486160890463	2346.214920752627	1537.936624936056	2940.9880093278625	3104.2515018882077	4671.686775715691	1212.9592723248177	2393.749861177185	4127.5407875437695	31.57814266181343	2790.03515388844	3488.7122800786124	64.01450937973146	3085.592602836355	4483.513588731036	4305.428300366641	1665.1219642856527	2945.9331290068653	5879.14280862579	4472.724264530089	2175.566544498864	668.3124630597589	1804.07543501356	6904.970004844553	5438.412414359187	4148.487661720738	3256.8012380055	4745.128130626575	2516.6011870342104	1093.2622304807367	3472.765678087682	2257.687984784709	4738.401875995387	4378.34078213733	3520.661902089056	2436.672256599563	3527.3314246118257	3240.9750211669393	3899.2410916449603	2627.3290120518136	2811.4902731739403	4774.463187230172
377.14603_4.407	40.52059709213164	204.35010726580566	913.273067827862	1589.5238473318486	898.7283590970358	27719.784272249202	829.6957085322927	4511.268643011385	338.79334837983083	0	35.25300496990799	3227.7769403134353	29550.347986570596	18347.652776361538	98.05364639916965	640.1845571614735	3417.061866145892	41415.26696470159	20989.486029587653	61.78452628329838	396.3274302281331	1912.0440497752375	1889.896525761713	1930.3819803194597	8596.082230461141	7642.577239665189	7140.630835507937	696.7336231654235	62.65786137926425	492.3130829237349	2853.4185338145417	56395.62698504627	54230.23614528473	194.8869641816869	528.2262340220459	4693.4690130732815	35094.11185058704	1580.778750605614	697.6432474661301	1854.2093758447536	1450.7836016320573	2632.4622276356026	1398.6807383679452	15727.769875826141	3402.18423546479	10686.729681730752	2138.090727001032	1029.996569859685	304.71106730212097	3607.0031424415797	31795.03558679432	2267.7480258128053	398.2056015613312	1087.5875473319809	10979.311559032032	17090.164677338944	14764.826346318958
379.29343_6.763	2201.380181565244	3997.5121299465386	2627.189355561739	2344.7018066852584	0	608.2166425979816	6612.5439300680255	2135.00523575016	2369.1757180594304	2065.1013999548736	1459.3698951065658	1864.6576134374754	500.787745403066	0	1067.160187054836	1596.7721039649075	916.6213392849411	241.4855932569053	642.5360304530578	3646.820565567709	2075.7025861789352	562.7866027891289	1295.0565974040776	2611.206100792093	4.71421165364266	2730.6118406142305	3194.016898182377	0	4219.786629207521	7735.502543290944	2070.591595626968	431.1321732655268	832.4813253839966	3982.5115321175967	1964.1646748289288	1745.3830781059823	215.6624385459466	701.3021348590087	3324.5092765764475	3525.738204194723	2573.6347022631817	1252.1227750381693	2320.470690621402	1705.8263707489486	67.21857754384834	1530.6202839400896	1705.9657529877863	2613.3652614596267	2027.5359881276472	1941.987606596064	1552.5798220851182	2372.814802772574	5540.109540490642	4481.719335113118	908.6964897424309	825.9113657301953	612.7914497512978
380.3252_7.787	904.5	2042.7	2748.8	2489.87	0	1586.4533333333334	2355.06	505.86	2685.64	946.28	428.28	2843.01	1624.56	0	624.86	1042.64	843.01	452.17333333333335	743.31	1036.88	1892.34	276.18	1420.26	3650.38	16.67	1499.14	2258.05	0	783.54	3350.5	2091.31	1189.1033333333332	1398.65	662.66	1544.2	922.73	312.7888888888889	0	1218.62	4507.18	1552.36	2577.94	4547.1	2230.75	255.7	3360.05	1424.52	2730.14	1347.08	3467.47	2460.01	1928.25	502.48	2047.08	659.97	250.35	625.98
385.11105_2.032	15448.803002628996	12479.43041639241	10995.250833589569	10414.349109570809	273075.21139174665	1127.3927929787421	14714.420113448688	2794.6230058209685	2807.1954100097737	18370.639530258257	15448.395116320637	7364.29629445137	1281.746001084955	176784.29612744387	11452.773840651746	5749.123328806985	7404.618967795972	1371.8762726958741	6629.632339071558	12331.680643217056	11115.475073905054	2834.6473822005332	6525.348067745975	13293.78735157276	938.9015946600227	13226.723567544732	5269.74506354705	20802.183698252127	14374.645346019857	15349.106178869499	6679.45161430338	758.1770171568347	5879.832717677974	6293.305886055529	10976.264382819785	4623.385476742381	407.41091355495644	6347.651613276671	17086.88764313898	18032.24814042107	11249.871441705509	7067.030882286594	14850.869212523097	3463.7002559485354	1498.1643511729087	3747.534232396438	6686.758694073767	12460.242684425788	14613.31426195896	8106.595886293376	3961.9131117911525	4810.70804358744	11041.625805568385	12207.734751385704	6821.236625630962	5624.180569357987	6088.059852686478
388.05392_1.094	1026.9443216837874	738.6740419499329	774.0123306514698	1888.8982689239792	1092.418572966006	4323.2890525768535	2836.0501995143522	2910.5487696396954	1009.8051304744301	473.51483401231695	530.4312115139996	1562.5110432941956	2855.988822515982	467.1608897660557	749.9394160417515	645.0905999106478	425.16817830711733	2073.9473402362833	1258.4402544638206	620.8406340806662	1061.5590398263732	1613.6232152788891	1225.4411983721077	2547.329012765168	1728.104148812104	3865.034178149679	4292.82987980542	793.3609141029136	934.5841934041975	1492.4008882160226	1367.7828949831483	2410.5614787003815	2857.2693564360975	0	899.9739171620512	501.3040980683003	1543.6301291660702	1598.7275466115036	1274.2736153598582	1934.3304363073496	2494.8944948173257	1722.8304140462888	891.138803203139	4653.905113509383	3209.100661891618	4680.2900596073805	974.810319351418	1375.3527673120211	2296.6550543520843	1924.6522217485212	2658.1779792833427	1648.9905251520988	1151.4167926891782	1919.525605239839	1484.5559745517478	854.0861357179185	979.9252793045084
396.31985_7.095	973.18	2650.62	3822.38	3279.2	69.44	1659.7866666666666	2672.64	1616.76	2483.66	2156.74	1826.62	3566.88	1263.65	217.7	1257.52	2047.2	1558.48	1533.9833333333333	2204.02	1745.3	2772.64	1605.76	2112.96	4897.28	188.76666666666668	3625.54	3600.64	150.4	2030.96	1805.48	1393.89	1403.1133333333332	2756.72	696.36	2667.56	1830.25	985.7962962962963	727.99	3252.84	6427.4	3785.36	3019.83	4557.44	2667.14	1464.24	3058.95	2208.72	2940.18	3837.84	4656.01	2834.73	2927.96	1487.04	3650.6	1843.17	1398.02	1873.66
401.11484_1.614	144.1546172104147	232.1079245453552	273.0832467918654	971.6087035104032	366.2652778986188	2241.3668164338596	1194.8669611881623	4410.00887770895	72.4504368523924	220.25353823243702	0	810.6644390142694	4346.078941751576	8112.866665997695	57.13966383342552	285.3419995334062	3030.792219105594	19666.62077232227	15917.353721083666	201.77862451424954	248.36096266025874	591.8622679069559	608.6963100671994	143.84433673809446	651.1679278492304	366.826471894808	6980.085143196067	256.308361600455	506.4451527738895	1174.0460678263348	2396.5892908709257	10773.048709713865	23748.5282562553	0	586.0849149170098	5894.045400802741	20257.2521299648	102979.19003551325	317.73193728269916	513.9336385159672	775.2951192181977	813.54047510948806	104.60658453936684	3023.650618834146	1702.0154329232437	2529.567930567828	617.7547099281812	598.180912804394	1229.7170225739305	1222.0838357371274	4788.059533299855	952.782274893735	1990.3136515650167	2915.826263119683	8642.782370670584	26162.279490852758	8520.270386784432
401.12451_1.031	691.69326986005	884.8044127645572	516.0845510268385	1128.8787849216274	544.8751080727993	1004.5162342436992	774.7840956853186	2632.109207978534	508.8755719708868	621.4371712407045	683.8732315701884	577.057571673079	1715.8225991876045	2700.038637468402	72.90383551387383	717.7045052511952	1027.8945101709016	1128.8151753283182	843.9328735364193	1515.6389955870225	481.8453837998329	573.9136860500993	873.7392971482543	801.8991194328102	587.3794466104733	781.7377067810954	2539.586370900696	365.09461875781165	1158.2964933159021	1788.9196438383578	994.2971773984576	1700.9920656148286	1847.3968982883985	0	780.5008443051695	1781.5058951003923	1252.9678988976364	4102.7719607610725	1401.2707592505183	925.3293773966126	1726.0127885640002	729.7292976834974	782.4026071237342	2030.270292788107	567.2451832933452	1920.0754928232261	771.8464162771819	618.6730510054158	1012.438748572253	1074.438153227079	3687.409090927415	31231.10993813735	2881.1911185743334	6157.315534683522	1326.3482822803462	1764.8003632760324	324.72931800902165
406.12839_1.178	0	2091.56313824444	4836.0458771571	2558.015455070985	0	2007.8622704310137	9130.106177526552	3202.9476348586822	422.3245977447955	94.70332269450788	65.40630552435988	4576.7806371129955	2168.526332326664	0	53.9327052263239	0	471.37212862243746	1416.3585254935963	38.74216871231256	2249.2899370841833	1141.7166305443104	428.60220378108187	4637.292446744817	4701.4500141094095	0	311.03081989950743	6485.681993295544	0	1381.385469044961	1717.9546154225727	3657.804841181413	1066.2650212654503	9584.936105582676	138.26769158115695	56.629088696296776	1933.955392007948	344.3886820975373	163.48807000945197	1259.6460590186286	4202.046226762256	3154.67102630304	8328.03314110936	9300.990886878268	5778.011697019604	79.35448699165063	15716.25733621696	0	795.6655699758546	2584.224544867088	9352.102992538617	5069.235847086707	0	787.230848156361	3123.003256526661	1921.2166205585527	1333.2083164931955	34.53007676939419
407.75592_5.522	706.1040270482449	479.33704025085785	468.67961120426196	4350.097967544539	70.43400938393216	3214.520909875222	2572.949424154091	1320.5393615539808	632.5263563250139	42.3948546671215	31.95349432523108	3080.57632593232	1782.0164353347197	6298.527634244822	126.69215017083778	46.968969155246874	1205.6532283609804	277.2540903043816	278.38893479151	73.48305398312387	779.178678184365	1073.8243491985313	1659.1506991611875	3968.256900440877	5609.801130929994	1135.0648522384547	8194.785390300458	129.17822734299807	212.46262454132312	965.222043804434	2314.6390006484585	1146.2168891765587	3407.4464822361456	403.6505931973421	685.6046006763562	958.0152179012105	125.6356799706948	20.190065587499955	90.15663681090629	2324.7634510422213	773.0116249194206	3315.918520459442	1925.6642279579692	11741.933267509821	4724.994828095614	11159.969781961343	979.8724695260279	1561.314785954552	550.5911266306928	3305.8692374396596	15640.201604545638	0	236.02910707511023	4278.025888509897	557.9204067826818	38.07345732059466	323.493953072217
418.26559_2.669	559.78	89.44	112.48	1185.47	14863.82	537.88	1568.1	473.69	1832.58	2976.48	1922.74	1160.58	9.033333333333333	2192.36	1106.54	966.08	15662.6	2941.38	14191.16	352.16	1125.04	1862.9	2530.81	1911	116.58333333333333	3876.58	524.9	1885.18	814.94	9487.28	265.6	163.20666666666668	434.43	0	1745.24	5697.98	1207.4185185185186	15451.43	3334.2	7617.48	1074.62	1296.44	3538.04	218.91	910.6	895.22	662.52	769.02	2450.02	237.01	976.99	682.9	1963.46	672.42	1009.25	592.2	979.03
428.13123_5.381	371.25522264448637	2055.048297034422	2085.6539359828867	708.5530779308056	2237.380637030774	2439.4621979820895	1744.6038385561533	1989.4676838367345	498.5555389875879	680.3182924385078	267.87676400667385	1422.1123473295768	1406.0747673284943	1555.0108081378012	240.7998666245022	358.27557759618145	935.5862373494307	520.9174381184498	342.55580626941116	1978.2038416777089	4828.887363547748	2032.9676706265664	5083.522621737795	1680.6061829524788	3566.4328374008096	0	5753.811074026012	2698.413075547348	1787.2724361905034	93.97057457247436	1769.5078237175996	704.4207772061663	642.6637125697807	2048.615616661049	183.935817975818	316.0206198766235	473.16534704137166	51.252810361093495	1102.1043553784034	2810.6469718112535	5187.632843019066	4303.476654754065	4055.839740742753	3078.9137954327884	1444.3972678113291	5096.519263927584	947.83189284116	698.8008314355317	2047.8890261109607	2499.758653036099	661.4823919321378	1016.479676171008	1455.7900993792928	3755.9206350667127	816.0304425079611	689.517775195592	326.3134262100414
143.08157_1.172	8491.88	7282.66	4274.74	26482	9879.4	44412.09	11745.4	31583.06	7713.96	5309.28	10017.26	8957.61	26806.203333333335	112181.14	16251.18	21288.96	67983.48	343475.04	237959.5	14676	19173.2	13970.8	22464.85	27371.34	87088.24666666667	36785.62	110722.51	9178.68	9033.44	33732.28	56039.08	134643.62666666668	305325.88	1979.96	23285.64	122164.29	191351.82222222222	338358.56	8625.04	9816.26	27323.12	37617.72	16035.9	47046.31	19758.14	47225.42	6350.68	6944.1	15509.66	14305.87	40811.1	53903.51	9874.06	21419.78	69943.2	13276.88	40328.98
439.10208_3.485	1533.6081223250585	2527.6544874036567	3391.579451941762	3713.4694285349583	76.09342476249242	3703.839778048795	2736.02708141486	2055.3346264478373	1328.48730480217	1333.5067745626668	522.6103368346008	3674.9348433405594	23.107316462020858	19.638649616296153	1690.2880900687696	1462.6035529892306	1029.8282769319812	213.84080981944226	342.61706423775234	922.4424985835562	17.961412356504685	1571.950736318553	4817.9127636755375	4311.36572319968	512.5916334081518	6797.973503414874	2750.4391611885612	75.9997637511231	1085.856257569558	2571.2474793494175	2221.6413737064645	651.8215367484125	541.2758852482738	365.90461928246316	1561.4763588956955	1045.7869688823093	42.88449889947839	489.73578279913454	2259.3757342764166	5014.174658791153	2594.6272097912406	4591.559965854985	6410.845442817034	2601.12257157029	600.3320380586192	5467.729958442689	2114.7004781418536	2227.23037876948	2558.259667501023	4581.6023876069285	1971.372268530667	1286.481402518234	1307.4316484362573	1121.5462221521018	569.252230312295	82.83080900035	212.10676936859585
440.31299_6.616	0	453.26	45.08	321.28	1247.86	370.0466666666667	19868.28	1727.34	1609.28	235.94	203.56	231.82	705.7133333333334	443.8	0	534.44	51950.04	5858.406666666667	25973.02	45.5	444.3	9172.96	802.56	1771.96	815.7366666666667	7439.04	708.81	536.08	85.54	10843	322.64	840.4466666666667	2088.01	0	2586.74	8729.43	14249.425925925925	20944.75	1244.44	2698.68	595.52	1785	3549.66	995.28	3207.7	777.96	626.12	252.36	1189.16	324.83	1274.71	1183.95	10240.04	13223.86	3921.47	4023.92	3637.03
457.11243_3.479	1294.8765682099192	2163.13957821411	4613.687469037498	3897.320952314183	6713.8238612918385	15059.364027328336	4975.844806194028	16665.156070961257	2524.2531288659625	963.7540356398422	1038.7167236860723	6383.83195502483	160.32327155075254	5709.525151895131	1662.9576482994078	1960.4814417539997	3300.706440873714	557.9576140455868	1430.6953105825833	2239.836715813514	79.588545661814	8114.667677924728	6177.557801581387	5990.644658629857	15100.433649195134	0	15983.64049989601	3491.9109278574233	1635.7925945474212	2232.091320238815	6878.173181771341	453.817819678099	4199.788358733862	766.3785827510727	2093.063428063267	4373.577159041301	63.001941174977404	3200.1735589639934	3152.813177322064	5330.003244203851	5657.197885247854	6699.137387359587	6935.296189391154	18965.14673349699	11289.74532925603	16943.697505231416	5141.9700767570475	3549.9603531916982	3096.7303299904165	8857.477956428755	15672.645685436639	4932.320754647288	3668.400142035799	3118.9319719624887	3370.1412483876234	1828.0908251723315	925.6090279089236
146.06013_2.025	1727.261660718203	1275.6081438087149	1632.1330537728095	2116.870245594114	2887.6657372388513	3249.741126011291	2361.0615798456765	3430.9648827664723	1773.9159368433245	835.3820554655672	1719.8159521341136	2582.6217352990625	3127.3235226764477	3391.088271527048	1561.2471118043377	1097.5390166130148	1602.1119690133419	2752.8040734639385	2339.202614419258	1376.4973174177783	2477.48098922478	2169.9076517612416	2423.938008443407	2847.0763071656625	3984.8197525255264	3817.741420571084	3962.435670521655	2125.6432331737496	1292.5823987902156	2421.5275416218556	2083.4027188987066	3396.28995684212	3836.0608552568356	598.9276060187082	547.0612887413513	1080.9671259615	3742.648206057954	2809.383604262445	1852.3198109229568	3157.1102539533795	2854.433850302054	2525.4029005563098	3607.4638194310664	3802.6434435460233	4016.2419405754213	5047.279462407278	2134.1855009173373	1258.3149781734926	2771.5407201484804	2792.5098051816994	4634.213179860185	222920.1639872482	1586.4363038858764	2735.667475531978	1948.8343421135896	4564.30781766186	1895.9566631336825
146.06017_5.565	810.2850047507901	750.819524508616	724.8810777254849	998.9050484318366	904.6358924979758	746.5631462229701	1184.8786631541552	937.6870457927436	822.6212976596553	667.433547112665	793.9066917218412	890.5552228891407	876.083523620702	2365.674935686376	268.13896170844725	939.7769374793497	761.4675567485438	878.3023690739858	2760.566971501949	565.6877187788122	1170.5833161596483	868.0656366028378	1201.7687013073853	1419.8262286963268	2080.97683501309	1717.2886248580492	1224.0385631642675	686.502207770183	791.3126389751492	1267.0807953047067	1403.9731813859678	1123.3668282393448	1821.23886433632	269.3220242278155	1042.8622946951853	837.2438766251975	1467.3899887580974	2369.4248186376403	1367.996024247388	1527.796944182038	1307.9852731738629	944.3328162572819	1810.28965857545	1545.865065292024	1566.010592219851	1951.4464043372134	1139.6785770764516	893.1533166696764	1638.0834404286757	1458.2684098755094	1845.9205168788678	3190.9666916467872	1012.7302326300356	937.6224260540666	863.2919025060888	1768.3479669493029	1965.1232975365836
460.14859_1.034	1939.52	2095.66	1755.16	2847.5	5602.48	3937.72	7656.7	6131.01	1660.9	2069.5	353.2	3011.81	2979.5033333333336	191.85	2630.2	65.02	0	0	0	1944.4	1398.98	1299.22	5459	6487.06	2693.1233333333334	6591.82	9916.64	1527.52	3037.6	890.94	4344.2	1871.6566666666668	130.67	0	515.22	79.79	0	0	1470.24	2006.3	2914.26	7770.61	11500.18	5572.69	5978.9	8337.07	613	1471.22	4245.98	5660.88	2495.05	0	2274.22	1008.66	0	0	0
469.12564_1.735	5194.1	5304.44	15672.38	6742.69	17392.66	1692.82	7695.12	4975.24	2426.54	2178.36	3433.52	3082.84	5951.173333333333	4366.81	705.98	7471.2	5624.15	137.55	0	4074.62	4379.52	39243.32	8089.94	5208.08	12641.43	6877.86	6116.1	4455.58	3607.76	19489.82	5500.12	6099.633333333333	1667.56	201.08	3414.24	3322.63	412.8259259259259	0	7885.12	5410.8	19199.14	1845.81	1273.96	10808.11	55791.52	8332.03	6772.88	5412.72	2817.82	1060.99	8756.93	0	5414.04	10936.7	4619.7	0	30.84
471.14142_1.803	10128.7	8994.4	29461	25023.55	6894.84	14289.87	30147.72	41302.81	1820.02	3684.7	5191.42	12755.64	45052.39	1447.07	1533.32	5116.96	2366.2	486.56666666666666	25.31	3891.18	10708.78	22928.24	31413.17	15934.16	97041.98	9003.8	35981.52	1487.82	6920.1	12960.88	17722.05	50522.69666666666	3735.12	130.08	4104.92	3113.48	733.8481481481482	24.49	16259.12	11873.96	52979.88	11861.24	3414.88	55720.8	115357.52	33176.23	12692.54	5485.64	8079.36	5776.66	41897.07	0	9686.92	15095.54	3069.08	31.6	22.72
148.06046_1.89	3419.3	10716.1	3471.96	7274.23	14390.76	10358.266666666666	5956.82	15703.71	9087.56	4494.58	4514.38	4832.56	30678.673333333332	5645.9	6147.02	4435.64	3140.52	7149.283333333334	3577.35	3128.28	5257.64	14298	15129.63	7528.76	5077.983333333334	28961.02	38302.8	2933.26	8225.54	7796.22	12033.27	3136.733333333333	7314.01	2933.26	1691.3	3395.6	1402.062962962963	7817.93	10785.06	16885.3	11034.24	38021.34	8662	9103.98	24664.96	17608.51	5645.22	11013.92	14183.96	12908.9	17961.16	1424.35	4206.7	4324.88	7104.36	3630.99	2259.76
481.18701_1.098	6896.130925019111	7735.875396731891	6758.726944418297	11547.103577788743	8711.940740114573	15599.610250290638	16743.99362728791	15412.382898772987	6839.5894174792875	2994.1466633578752	5859.719246300737	10925.73420945721	11371.582540478807	3419.774514652772	5111.909875554	6358.526519993059	2562.2372746158903	6988.713547631858	4895.543127975324	4590.8993546342235	9410.071538575176	5343.188867814884	6290.595618470979	16381.02164919766	10443.742352268637	21497.20897524825	20571.32494428347	6042.342726226116	4768.84712204854	15652.4098178541	8477.544925691393	10329.393983679645	14147.183060104504	2508.9024212335025	9926.199296735616	2144.5532332813023	5587.82790633074	9381.149245488288	5620.552090382186	16910.822330229694	13472.997457416071	10614.939401929356	9695.000596778618	15756.264065086836	17730.26861496276	17418.498848132116	6901.470468615338	8983.332984780516	10138.838585794265	13782.42758043966	13118.978076433472	20682.24502359223	7105.118766064592	11953.18738557515	8160.500888656203	7389.495931719932	5273.762405486911
487.21982_5.908	211.2848922975133	100.6423842832289	175.14805741142646	788.9268883034142	0	3803.421461575064	588.698156982312	323.0602214942882	31.841026472655567	115.36364950831847	145.5817483492853	675.7304699426832	5114.038474788424	75.20413310591579	90.35141131832944	63.22015654283432	366.6638104183366	11591.313443406238	3553.8511968407406	52.946793789928094	432.1227445519573	0	790.7768267647486	810.3401793734191	1172.0872759271338	667.796333724561	2086.3975654165465	0	69.41517705990965	332.2677810126381	516.4130342689806	13425.61901812536	4338.821310121371	0	331.7659522139574	569.8170194462549	10617.287539387824	1459.29307385208	540.6470451014892	860.4013017052592	482.1738582566361	1470.115642543835	621.8263521364579	1647.313886156601	306.6406896134391	2852.406442099889	90.55223493538729	359.85543408507255	589.376512999138	1300.5606888525951	3783.008638636623	3317.7668803947295	111.8110005714427	266.428100269832	3080.8280171476854	4319.955561209192	1267.1939961854375
496.22263_4.55	66.53192435993485	382.0029042538278	33.03995550573522	1228.8749183658158	112.04739040363091	15139.984679348763	3789.4333716811216	4110.281989613007	908.0330572708734	20.43013935863448	0	1594.8767486691913	10029.790025083714	315.6765040185581	26.50959354609862	88.1032879630044	675.7904937185833	324.40187741621264	0	93.06405068346699	1236.2065876285153	779.1490436713206	1223.0118078229489	1525.707177384328	5387.720261576792	899.6399392309085	12394.783832276895	0	497.3469893777568	2313.8102647478854	2574.176012774905	13722.619812409093	2272.3140769524693	0	451.46335586025975	729.097788267595	133.7045040743184	65.30912500443415	397.43314963760093	448.64691208206733	1411.3001959776757	4243.527628193598	3609.289968917687	8308.847149207188	4104.8281758662715	11102.951568306033	297.47210354448487	951.8171144117614	1468.198072454583	4434.29701698873	10962.040728951333	884.0681667905711	1269.3126032987207	1959.2027928349148	636.8754623521351	32.640523216745926	0
149.05989_1.157	3671.447431035018	4897.535932239581	4074.426490940226	7992.474264156055	7639.613356881559	5374.339783535406	22400.451289095185	17009.589719845837	3218.554862692181	3714.0979140116337	7883.6459026612065	4825.65493413591	5453.995485980701	10042.431402802564	2585.411491724716	1925.0879458316704	3344.644341774193	6450.560870778675	6934.093307360129	6810.897829351465	4457.436883640523	4471.142176633717	5509.1524951604815	2194.938631365706	6258.232258142884	7571.008168055905	26090.988475960068	4443.097967807414	4857.9818168350585	5047.182163619817	6765.29122002031	7031.4658144377945	9784.874344490649	6067.255954810939	1664.1021473289056	5321.8415437238245	8641.861912053077	50840.6974532172	7305.689974154592	7309.410892355818	6153.265946681046	5572.264657225376	8385.050440060415	8450.164924156763	10086.471758312828	10517.738613699346	4955.861739831493	1752.932360348514	5117.769787939483	5492.915369684786	8079.362984524779	233638.04380173844	15329.33132728286	13559.972609386554	6520.8700760851025	12246.436870903932	3544.045488573515
501.74344_4.792	787.2630063933112	470.0393454054684	522.7749336383384	1726.9414361669094	320.00927906207346	4481.756386572177	3855.126187556723	2251.5283394828425	483.9665216327581	1243.9571236645666	265.3522979752776	838.7267936842235	6191.51439863257	1694.6150909971009	486.76792720763797	908.9929217940298	3001.43182800593	7092.2895807722525	2049.0297903340343	1837.5800249908023	1018.3862079179228	592.5625738464577	947.8368319572108	650.3827356092035	2687.6750038417103	1285.857968920308	8798.664721052659	449.48395794973163	2683.85859130842	1273.1731532176887	1918.9093208045304	10006.78973161691	7329.280596182951	269.6963573007071	684.8933100868761	5518.667687232122	2188.258150436814	2751.915756060185	1186.9077393168777	1439.435813181935	2661.054640187053	2301.992152455986	1586.1266123088974	4497.298351365977	2748.8402107539277	4230.6520780959745	1701.2359885952296	1250.9849652561031	2284.6722218327673	2199.8973683112827	8017.012375982883	54.69037652546665	3864.5413672695313	5516.4448105752235	8751.995535098726	2199.5447645844115	326.45969681384196
504.26575_4.444	2625.8	1291.44	2768.44	2513.77	17374.94	2462.1966666666667	3531.24	2860.01	4054.78	1182.1	1449.76	3389.08	1994.64	3213.46	2341.54	4743.98	36167.15	6066.5	38294.83	1935.88	2658.88	17737.18	3558.87	3327.52	3824.96	7830.28	4606.27	5724.02	1835.24	10198.42	2443.63	2042.3	4003.73	1201.12	2050.38	8686	5510.366666666667	52674.22	1115.64	5156.92	3711.6	2958.74	3882.98	7704.75	7511.32	4932.85	6363.36	2603.64	6175.16	3040.85	4125.82	1600.64	688.44	4096.22	1520.26	11514.12	3667.03
150.07767_1.093	696.9850336849813	638.2182532548604	758.9857054747154	1955.9832352889634	130.48824769464284	1585.023992008542	1451.5477765876647	527.5125715808762	459.54529569132086	1168.0748886509439	841.1413296230562	1329.736610635845	3342.335880181992	1487.9137207600977	311.8190945772717	781.5594170300355	2314.972678197672	1368.003191835275	3302.9306271032174	895.29538732577	2539.414644556267	404.87284843275336	1125.9160170931773	918.0237260064359	307.26901213784384	584.7355159061444	704.9928907875305	395.60805295660555	1955.7921606269135	1060.6654434411685	1060.8180722811965	4220.253273622091	2437.9885646721787	1776.879417673589	1822.062532226651	1015.8900174761968	1124.2299981984513	5410.305419722962	908.664254017156	2272.7814625434157	225.00539985191864	1094.479432558178	2887.5023585351173	1293.7214039164676	1457.6298950774433	3254.213205860664	804.9881107044466	987.9930980092872	1652.5753968444149	2298.7912830074124	3999.8194179107177	1891.569076694882	417.69636503871465	1225.2567547886972	1557.0317902593492	1147.9365462054684	3346.690554907673
152.05673_1.425	31364.24528096674	25948.66765051675	22782.42125794436	34261.31528598473	14175.771016480767	35781.13898481971	103424.13902288773	36284.70368098624	12753.987973279753	27096.62551780269	42148.57391401973	27802.510371982968	225516.1385140874	128441.24018041618	33558.842909049876	54575.9889440146	63832.124164381734	249557.29339593727	347398.6605804677	38952.023131979506	31247.40265684606	19841.22350150244	22056.89021156441	20008.21438648672	19443.516199194655	33613.70597765472	63947.980988593445	12176.03218624005	33762.36157662692	68228.30821493399	35828.29752937757	352022.3374781828	164187.697025206	54279.26848081761	60261.22694530981	61466.182112649956	199273.79101444193	1320418.147329648	25822.99957324885	28388.120354092745	32253.558842892726	13744.777850636332	22020.02757822878	37212.79138841813	27113.172240944743	28792.636483088118	22585.59284130177	16735.03749694694	39788.97477318652	31665.34700253549	301618.37580907694	572139.5007650413	128414.41677259533	295025.43805450725	70129.93526509685	170942.63646337506	103474.78433166868
152.05678_1.17	50366.724191752786	79285.26293781237	44657.69271162228	80305.90597640531	34157.869116547445	105180.15118525954	229196.42402661435	192515.9008001839	32331.767598299328	49161.88378904031	68389.55870101505	49734.820764868564	131416.61009136328	108634.6825412448	49965.28449829607	59013.67171907099	44803.937451073805	119430.74511596836	146524.5109629225	74843.56888317119	72000.81874449055	49987.50077728547	35937.87532598338	49926.841418490745	92861.0143947774	95872.50103009323	258910.34085337282	30598.10494699374	73103.08472564473	134889.34309612197	62839.549826082715	154788.34154841854	128865.79876563717	9755.164207972846	62086.55427636426	52146.02290847597	119865.15528106049	785072.9838115891	53923.951749498614	62285.121333588	110835.13616686533	45727.19522619937	37155.309042229936	154136.83105480872	111964.47480126064	112274.1760246401	53574.40650725831	40545.46374487691	96833.80701202415	50067.59796196593	185174.89691353551	206437.57975422282	158468.2639751424	237074.84803941418	73479.073024248	116747.06784481123	48075.71920124996
548.29315_4.792	1176.38	912.96	1706.92	1623.38	5063.84	1539.3133333333333	1589.76	1397.52	1978.2	322.2	466.14	2235.33	1271.4066666666668	725.67	1153.34	2329.6	22712.84	4129.966666666666	26472.1	548.48	1195.3	7355	2521.27	2018.3	2732.38	4201.06	3460.36	1455.16	429.3	5562.18	1392.61	1610.1533333333334	2782.84	1014.62	865.48	5114.98	3347.4296296296297	25903.03	209.88	2456.32	2266.86	1698.02	1855.04	4337.92	3154.76	2939.23	2167.04	1710.74	2793.46	1951.22	3173.17	811.71	352.22	1789.22	715.96	8609.51	2278.48
548.36487_4.659	5087.66340848435	3522.047039468287	2060.3838556967903	3480.6278937818224	9563.585563183358	1307.2448468052246	1858.314966133903	645.5502232284998	6508.3230505441925	296.81195263241284	1752.7263756910436	6306.892713385423	871.3067184608459	87.41513048225333	981.9792912168818	1190.510543291708	1762.0108359036242	2002.5495439216363	3815.7160414449772	28.511979859074916	1889.513577676798	297.0551712769554	2393.8928293762624	7674.475198360023	1318.8440836705518	129.98585485604835	2024.0390776928907	272.45177111412863	25.686700913711494	5635.723732860207	2126.9862231972847	1027.5459516797664	6959.341180407388	1291.0231445745906	5274.975977215013	1045.4627796776872	657.2650425462697	571.9606989099602	115.63518735186199	8569.545080161808	187.4439791808031	2474.328222205739	13556.528629682743	2430.2028759806617	2107.30486704892	3417.7493716631516	3320.618423851381	7611.326831279555	2540.8691099668367	5858.817980282714	5410.812290634753	1386.9269427935267	0	4945.344959428595	1293.2581348152257	2262.696911842028	3583.751485865286
569.30505_4.924	3945.720156130949	2909.6197550946617	541.4580277542154	3531.011039511556	520.177242570608	1439.6623728563422	596.8478064322674	632.2682904185339	7641.187082044226	0	35.23025393437898	2638.7033267730567	902.832252500337	28.65526647565615	180.17509032482977	91.90653988704533	1260.973869208885	3073.7521281374493	4147.9136221991885	0	116.42150692139244	65.21171710033462	2018.1440380437427	6749.91120367902	1344.231566201023	0	2058.6976500870574	260.1341367136521	0	3535.8961863072245	2424.9375389933025	1271.4468433652062	3699.442340148507	251.79559836088217	3182.8316794640255	154.7795129565068	627.5508064982737	784.4174595304281	47.466270730158506	3575.157520514545	51.46042896657745	1756.9672317559268	5952.655481337764	2158.754836604823	523.9078279957629	1110.0010597435828	3254.5296437913976	5273.547267522897	152.54404623449358	2847.493420574531	6345.618309136253	1143.531561613838	0	3142.8157415645237	628.9496266375286	1624.8311556817675	4011.5010314147444
154.07233_1.301	3332.483736271396	5448.098044253388	6790.025016639478	7859.947447212229	9532.81742932671	13876.54226424197	9911.675758763688	10660.91919549245	2649.866802595888	1572.9591646456565	3583.33727766848	7336.682307472416	14371.612387693174	1987.7986401966857	2187.4851664568505	2182.141063371784	368.1018286539488	258.10198114886043	226.78733769220224	2671.370747619646	3557.377986682431	6897.009959205072	7377.862539374416	7578.594388799797	25737.009600763042	7808.5549809345475	17466.490207915973	3194.875925784196	2938.871305151936	4438.857479847112	9772.151059249416	7910.163457956125	1013.420998240016	0	1811.9574253298167	617.2675924702725	359.20768881036423	481.2049894811451	5492.316657295655	9733.561576092956	7928.917409023482	11070.271078601796	6463.17273199651	18939.909961230223	27099.810340974735	21590.285466416968	3427.966348623703	4443.133544215562	10042.499187242336	11530.535398581087	10397.891679622177	0	5337.364537951467	5079.241973608376	459.44059158667085	120.72170367479315	86.55148023147747
154.12787_6.743	4134.125034671344	5389.083573282497	2744.7084213376256	3488.7185182443623	259.51169329414	744.2148362894736	3904.6369219327858	1043.564438626809	1131.8573191860273	6082.699619751977	4994.54835251348	4708.192886927484	896.345661526813	146.90036121106675	2992.386757239701	3000.289354782767	1949.323368839376	2192.006367379798	2432.8965730385	2800.3239594749534	4275.38499405298	156.67925442527843	1836.7656245022818	4246.755238395405	7.170888950718152	633.0610254196622	1658.3031635870511	157.66020028203002	4584.75155189462	4383.653398915347	2021.8173700374232	1091.5318923666218	3957.567083463551	1608.8420765298297	4973.7735121292	1429.2894516952542	516.4156688247932	3713.5793103213473	4256.675988743758	8054.96283914755	3294.2156568136984	2225.3512176784234	7793.866165768574	1117.9568951725516	31.818879565459486	3244.822900197552	1873.8890094505944	3946.045649055125	10919.596943276383	4131.849512223329	1382.7435935879848	1954.7027730610812	3797.3708519931597	3406.369471590068	2373.345459465728	2301.4376165246654	2941.2988239483016
592.20471_1.369	1560.4	5740.74	5831.12	3213.86	0	1803.65	4361.54	259.79	665.84	1110.52	3361.04	6465.22	1061.28	0	8186.52	352.14	369.04	318.3333333333333	0	1861.84	1926.08	0	6422.38	8354.02	0	0	2379.36	0	1655.96	2605.26	4036.59	478.43666666666667	935.69	0	1261.18	294.72	0	684.22	8088.8	4253.7	8386.34	4535.52	9861.58	3293.81	0	3758.74	1344.38	2160.52	7008.1	5270.07	2426.69	2094.21	2361.36	3688.16	1610.9	36.03	0
592.31909_5.061	204.98	200.06	207.04	865.37	519.92	1003.3633333333333	494.14	480.43	582.82	80.86	136.6	1392.82	918.4133333333333	43.2	402.36	711.96	12169.28	2604.96	13868.69	39.1	539.38	1864.42	1700.62	1196.28	1965.6366666666668	776.54	2338.45	375.8	44.54	2885.36	659.78	1074.9066666666668	1829.44	170.54	357.82	2344.24	1865.6962962962964	2637.55	101.36	1312.98	613.12	876.07	953.18	2189.21	951.12	1694.83	800.34	604.36	1381.24	1036.96	1639.69	373.34	56.8	1007	329.54	5581.04	1416.58
608.38605_5.139	3236.1118159076855	3787.588660754114	1755.757376867993	5457.630493646421	771.6334886062313	5165.971788153842	2165.932729840228	1471.1286133017907	8856.85783821545	433.77496764822075	2325.4405066023737	3192.8491256107823	2460.24662163223	680.8822684849396	2872.244804380698	856.219144879036	1656.8046053624453	1983.3643278713482	7326.688261712098	1578.773641074954	1349.6839631932735	635.9972710605202	2705.42823596825	10738.965651426972	3361.753449020256	200.77903129397635	3250.442227208648	2562.10061698402	1798.9614553475785	4204.49440681632	3603.365958953562	3583.1569314747085	6548.829599098271	1418.0674803321006	4302.0158980832875	1010.5377821063453	1481.8032488588563	2508.617369405371	1548.300883307912	6466.533196952709	1665.9677824239138	2783.1818645664857	8308.412644118762	4364.425367838773	2021.0876837589512	2588.8153825967306	4847.9903452144445	8031.8053289617565	1513.7611642687377	5518.339879484726	11526.89352443182	2593.7581419741095	376.6353591231366	4088.6241876374866	1141.9661342705751	2131.7069827073133	6127.534892945562
730.24384_4.075	2527.242303061293	6695.477680252408	5211.682310216971	3662.0568186060705	2506.412432939553	6288.55469644521	9575.560500066866	14969.015626810202	3370.1775434345222	1003.2187636723124	2341.3973848173464	5130.127185259829	9242.03172258147	342.735037610407	1117.3002924718612	1929.5816968600752	297.2286592941979	1499.1754134996256	1215.030951083375	3510.8694537134843	1569.744252318591	3651.6961506792895	8100.015912401378	8293.142337199017	7890.59642138107	44.56173671348163	22624.901814903187	759.6627864849703	3333.0662039192594	1905.2464533805232	8046.077863530554	5100.1214394988665	1276.4736866921705	1411.5530198074732	1293.9091220178072	708.0672206268516	1251.4495160708052	1342.424573636965	6233.799864477751	8086.524132782379	4725.172569552568	13474.31808336776	11419.62565367899	13196.10072264042	9906.081017278131	17871.39406988806	4877.173308243079	5753.444504146933	8941.182722362202	6600.943544676994	6817.664825218164	0	7459.0601819652	4708.662989699503	389.7025256439984	298.67845434833265	250.68928591315182
159.02788_1.126	5238.04	7386.22	5299.12	11247.26	10374.78	9809.983333333334	14892.2	15079.82	9896.86	4529.02	5590.24	11189.24	19671.113333333335	75479.31	6641.04	8015.36	40026.01	37236.183333333334	68408.44	3757.42	11034.62	7236.88	6319.43	14382.88	15931.81	9604.16	20561.2	6399.66	4432.38	12902.24	9693.51	52147.636666666665	36350.84	2209.34	9524.68	16970.58	36145.06296296296	78660.34	5637.94	8397.04	50198.86	5702.94	7038.16	21861.28	23964.34	17294.31	28225.16	6443.22	12288.8	5458.94	39886.97	921.92	7406.36	20780.74	16881.75	6392.13	19513.61
159.09183_2.023	560.8467956056357	1028.312000521094	703.7786923400788	1802.6529862588923	1059.8585617863378	1450.5743470254038	4101.420448208006	2840.025813129042	439.645487387104	472.64719109663383	4436.809651159773	1665.5003349063115	1572.308191709127	1371.2607133499946	756.8330788911077	561.6794423921943	272.7456384278101	1494.7395758161708	1363.948676779616	1192.1277045138704	839.5392665452262	1015.7807966186125	1363.5307284207986	1296.379573993754	1541.4400236035935	1791.7633942632235	4112.706409424123	1035.6025068607184	1102.0444644712998	2050.710879478608	1381.3136835987204	1722.4745873939812	2181.545457260933	213.638243491325	250.34006249092783	736.2371657654948	2006.8708857202826	12593.239183549176	1631.71815429034	1631.0679848967516	2040.1870010769014	1333.3664656601748	2467.037005899507	1648.9061218438917	2090.5397440701645	1922.7963058691143	867.3547860573753	484.3996268723786	1648.0897641543684	1048.4657614384498	2075.3967370755763	219607.65763556014	1771.5660270025903	3956.360234570685	1347.8197110011656	3232.4796093221275	931.5103812037532
161.59738_1.037	204.36185478613098	70.8043476351125	115.90063869295469	588.5062109055212	846.247630194563	878.4429325384365	1150.5430798427135	1464.3064628563814	0	191.0512181253456	120.89325697886515	1063.3963459486538	1364.5568939045177	1681.1441361358502	61.153012017209605	67.63695467110117	389.47703945969107	7340.273478876602	1580.8401650700905	41.760269876753185	167.2611849460671	49.57886759561906	717.7295274793386	435.6717244774737	1391.2822808399203	1060.5982465402767	1226.8147805275337	763.9661716191913	177.30314854518548	287.96585037055166	555.3749414997036	3550.5050122510347	6147.90834244504	0	251.72055352714492	488.7897098207377	9465.74600579047	2539.048296233693	265.78991988362117	1157.8100422820762	351.84156747872066	852.9994989441263	737.9385060769965	1558.560209614794	2561.84805373504	4468.883257780857	453.98486111377207	481.62141858768206	1314.0263178241564	1528.921510132918	2047.9880989603255	23500.131042310088	553.6304316975367	500.0662824521635	1788.4468631421319	2091.360720470444	1220.2391435677812
162.07758_1.25	3243.48	4028.48	3534.88	7148.43	181.02	21466.91	7960.92	750.44	1978.2	5787.22	2112.6	6423.46	15853.546666666667	518.6	2386.9	2083.54	8479.42	4354.95	9388.5	2177.86	11501.36	55.56	5237.48	5500.92	521.3333333333334	2120.56	4292.09	128.66	3607.34	6285.58	4748.87	20819.04	9219.54	0	7281.98	2472.66	1933.4814814814815	18271.89	5224.2	12071.86	4274.64	6636.61	14734	4953.71	1540	23411.52	1182.2	8177.38	9291.46	12516.26	4947.09	1814.63	1920.78	3394.94	2606.38	2189.17	8326.69
164.05664_1.168	300109.67373741715	775884.0566106288	687936.935802983	680289.5815659048	1289647.7182588724	919665.4916874353	931572.9335879948	1624436.46719269	394161.78340704384	277554.81936568866	358435.9554960307	552028.752985247	776895.4063805634	502888.80633504165	233165.60463233208	420252.6445997927	83596.52410393556	28672.167475086917	38493.436846871475	371740.2090248123	349163.53547883	878428.0346722931	577798.4265203994	631514.9394439844	1968213.8358001963	1382379.5699262184	1597965.3750249527	574277.0252009284	393879.3809884514	490940.2582242226	794422.2027095427	573634.6055659435	133992.3829455578	477387.0961511249	271519.60688701976	96804.5851655741	34490.32060138369	47604.920548757415	566319.714008354	820676.788484131	762672.809068168	979389.73172288	476355.0533743845	2079011.237400287	2203257.486527794	2429286.980013327	570835.2826127373	660837.8136340613	657495.8100069292	820022.7405623236	1088168.3469887036	74868.26271242455	769891.4960405065	566273.7968543825	84267.07983288435	53356.83003740662	44183.04984167836
166.08627_1.157	125609.5926143203	208849.4082924028	188988.62256707798	277713.32065423904	328415.150576575	427996.53145308094	350409.26784106105	729584.894470212	222906.46454230096	89118.46465201788	171848.78254236295	257178.80327439506	527457.2193653889	1590652.5275119068	78908.20944995432	224460.09023015006	235368.91629456065	837797.7815336656	717864.5385209874	187125.39604429703	263859.4882595224	254494.66401936443	270106.3511227977	222698.78968490261	939186.2743019672	437974.30696603865	702366.1679056743	313936.70679455367	111485.00662097707	163095.8607152726	374394.76506169693	987521.9945353033	983820.4348228361	98163.77767919729	176925.96977415588	364486.7248686703	1074107.6038373632	653281.1220442072	207263.94143874542	323940.64246006386	338485.9448845566	357031.2106148729	267463.9474083477	661758.8435829964	765539.843263573	925249.239812927	271237.245899705	209957.7214745097	308298.6605628195	369252.632693119	1024615.7976784817	22901228.82322295	239922.3650121541	471586.44978889846	614943.4969685125	863775.8353866923	361597.2423135907
166.11282_1.16	0	0	61.656133622053595	590.9863849704388	670.6340497447006	1004.0765320846149	411.88447293059994	934.2931048090188	290.64959363288057	91.58559999669838	57.63840505035313	1182.3985937731513	1149.7093341070563	4642.996836607445	485.42273855315966	61.948159399179694	495.21690718550906	1885.8682424592266	1376.8660280099946	161.17368408434194	510.03880205307263	271.0517554284902	1049.4932222076359	0	1952.8582890712862	945.2422256480668	1213.85543342298	474.6231450000174	0	72.30194494946845	734.4334801359686	2636.8409118134655	2666.912771534821	260.0039764601502	61.927697001416675	943.114774474998	2874.930699944088	1396.2050852225811	563.0260925583065	694.9354619477658	771.6301368934719	1113.18581577236	1450.0493659766632	1884.7822182609889	1466.2704682207218	3051.070496831499	405.2773787542066	56.790860799557294	1203.626049016903	896.7725980996728	2395.811358409948	84401.89810643856	68.06446409930172	901.0015389098004	1325.9714980648703	1838.653437482242	666.4790652871586
167.10666_5.174	5232.35806523667	16957.657890750223	6968.35251663545	7587.700666543728	1871.8778153688495	4916.090418300206	4031.216244976277	4727.715994113033	19261.653903222697	4057.919974851015	22191.886266804562	6665.714050615958	4172.541854096028	1232.0017322016677	6398.756037150155	21096.605026659934	8442.19425926929	2574.060534241764	1954.023590439991	9940.591800707183	23742.863487192728	5378.429403291447	10838.67886672918	13590.575030591906	2005.6357185593877	6761.628527385283	5901.72717714298	2375.1933066898423	10766.843919914043	10999.717263034236	8252.6540135403	5783.217644927457	3225.6169987130525	10989.899615550688	24489.1564449806	11943.969437692462	1291.7584089053082	2861.267206929128	5860.551686236373	10055.252019293774	9064.950536114868	4548.23671635724	8654.861148858005	3692.4184351691274	2355.9946090335234	4402.404985516959	10450.214899275505	5940.274240192189	8944.573362120314	6087.964636645196	5581.9567461878505	5296.469446261591	5154.010555931545	9014.06105857732	7495.963743780117	2211.910966312431	2445.344620556626
169.12247_3.009	6084.754270912066	8106.5638408731575	8822.305983332531	12777.12128497656	1650.1009102639518	8430.712048674235	12989.3044591907	10237.667296683201	9886.39614939686	3636.524785321703	15481.347987291863	17100.012278652637	19628.494032687093	4598.966663088335	5945.697355638541	13788.25783086308	32097.375765509576	11457.102246323186	8239.441279216731	7836.158016080973	5987.955893284988	6971.679183997949	14894.892843111675	11528.316594270356	12473.819314092467	14735.815808026919	12021.650800743562	842.6733261254852	6828.513392208004	14682.668179073678	16354.1941855459	27735.60724959252	33842.18494508195	7708.109373290328	20324.09309950893	26235.660705772407	8379.749312080396	7035.145026905997	15333.62150016187	20935.979663940067	17171.505275760082	8982.169449886575	17332.297629963254	15438.646517650664	5764.333715663706	18600.29572665042	23611.41679334216	11471.983665673744	14902.78614733472	13437.588506253394	23461.435953791217	43604.492553461765	9547.879914309	19143.595173744736	29245.725465772743	13587.501738368419	7587.087512548635
174.12386_1.073	794.96	744.88	1900.56	3188.51	2064.84	3078.88	3874.56	5543.96	769.26	884.32	581.68	3002.98	3178.786666666667	3590.88	726.8	1226.58	1645.6	8026.286666666667	12980.28	788.98	1273.62	3009.9	3957.18	2982.88	4810.786666666667	4620.38	5559.48	502.7	767.1	1468.1	3167.49	4011.24	6879.94	0	760.54	992.39	6664.674074074074	13660.71	1637.16	2308.3	4812.02	5310.1	3853.98	6409.71	4487.42	5944.16	1756.6	920.7	2521.64	4253.04	4201.5	2961.04	1079.76	1605.4	3292.39	7424.56	12506.12
178.0726_1.468	9628.06	9376.66	8691.46	22209.06	59.56	8663.52	17942.86	3148.29	3358.02	12524.38	8046.46	16077.95	15319.886666666667	44.43	6506.22	5353.02	4828.49	3996.81	14061.3	4766.14	9853.34	10838.9	17181.74	15557.42	631.5266666666666	4076.14	18056.39	43.72	6575.5	7410.22	14612.34	14398.32	14765.65	43.34	8484.96	4698.55	553.3518518518518	30639.24	8733.7	22778.88	12411.86	19435.49	22685.84	6915.41	3326.42	41899.68	7623.74	6620.14	20357.94	21068.94	7134.66	5303.87	4774.64	6760.7	6153.91	2947.73	9118.85
180.05164_1.312	71606.9640925484	96016.21035333173	103085.07485180606	55293.240076869006	361097.7813222178	27527.50671012632	83726.28962744452	50095.566208674514	69899.88567484688	58223.91833662066	59327.63862376002	118858.15763395079	30338.72539170871	80511.74626190972	47975.706176653235	75860.10207035714	15019.88972259669	7718.894985660898	12715.609206384317	70523.98206528035	54952.763580640676	107517.5181723374	49940.12381192303	85090.04553648665	66735.20980603187	83538.8571070975	53759.04656393718	195804.8739149049	64484.95906442261	86052.40459555421	65963.78796602142	20808.90434728454	40173.73052113185	3491.929980656334	53569.81326325099	12836.990065313492	5372.259301588807	20665.32256419146	100765.4437005538	187100.7104096881	104269.0648541864	54553.399202651286	135168.25054658242	61492.30573086892	208250.71251749236	127255.9170872361	67806.5133796457	71689.2284587285	206032.116484207	127843.70847648029	49575.146106948305	3228.843835093337	80223.11183835611	76146.01372407748	18479.06788163288	11899.936581877542	11115.87862591501
181.11659_6.744	8053.792494185384	10442.509258049373	6499.446663761573	6712.696429075449	1425.9129244941887	1537.1383496312542	8133.531370209189	2728.9461081643462	5155.84398348745	11053.654699234909	9214.339141246699	11508.891749127873	1961.5473991967	229.19413011282168	6985.005600722391	6538.190271847955	3975.7551304601343	5217.5438011830665	4777.278375263495	6540.52073527117	7796.817550149314	1235.425117897849	4190.265323872676	9387.050965772576	203.14845838394987	3867.4862160308526	3837.4024202907444	1110.4056575522957	8527.401817926635	9606.623379855733	4595.489242226008	2079.5139947606535	12120.024346835919	6245.192096948444	10066.307393574407	3481.4064476258477	1267.1307017143856	9009.085976139024	10052.85669850088	21652.28151849102	8156.396316200162	4968.89920550914	21164.191288390168	2547.4669017144433	909.6430967024562	7689.1173749007785	5207.614240825085	7951.4506482773495	24136.860061400257	11276.088232623053	3524.396588798167	1824.3472819169383	8023.477607638276	7689.443897532539	5574.243535489753	4540.704975671827	5595.099052507633
182.05269_1.451	139.03755248016395	662.7240496877107	375.6878555273802	961.9030611007614	1297.6221659535902	2028.0153367309122	1170.001975475655	1743.009738443142	204.44257287163677	41.31487605901869	187.8353459202335	2096.6920034846353	9461.785378518349	10832.190118994167	72.90577416587759	2684.9701281020075	1296.5339790514856	10784.281912608292	7622.168999334291	216.77403398053434	749.795895183631	577.0043791305318	626.7908444852151	478.812914219156	3827.1431439914027	1544.306168412114	1628.6196575730291	695.0912291199321	157.00813781810655	716.9989261335681	1728.6297124471434	13428.403856294133	9867.295757268044	0	1751.53109561985	685.6858910790993	5969.681089919688	7908.431335490796	224.21837364552223	852.3984177405869	1110.6334349209524	551.2748749017057	394.16239769736393	2253.0093733471313	2542.7909858930084	2708.260526610681	498.4781037188865	248.22836105624359	2097.732737195491	1429.7723987426818	13639.47461354605	668.461699398964	1033.2320331357778	3453.847798715953	1862.5573171901583	2215.1246011565336	2226.6690599568983
182.06717_1.302	133300.32602845872	234213.1285487216	263917.73153188895	315835.97669499833	370822.0031571386	438216.8958410755	408926.606243374	404221.84572741674	116552.58958798475	69698.80599028198	124148.44339330473	299416.7835507202	452969.2417462509	86063.54714184807	85505.95520777375	102962.64413453134	15662.1358779375	10396.377723368123	12365.39530137696	113399.63063428286	143662.9085252199	269992.3850394886	293276.55238724436	300382.21332215815	931691.3590690477	286476.2185940761	631177.1150628494	160224.528180419	108002.14258631776	172268.949427093	375285.47354362137	274594.7781754182	35947.22280424286	1709.070724247612	73964.19934059355	19106.116720595342	13179.88594622722	15715.161884092677	218745.06982804672	375915.76934908325	318862.4255339694	439114.90842960065	266002.7112958046	582423.9656721521	1103530.8945884185	700924.57109431	140188.29284210425	172397.22961669127	398427.25983031304	454703.4729705088	351059.20934110676	52693.56685346138	213713.98043977353	200831.86390828018	20097.436484691003	10072.193131478803	10339.541149116565
182.10371_1.126	824.9561104931804	1027.3934732736104	1029.630998713495	4686.128382324806	2635.1366850931854	3132.8731820025173	6851.060550038463	4753.962305221832	1227.4328860542496	396.1217557091989	822.0650869718563	5126.138083869894	6205.235947783413	26090.280064248	1295.6496715212606	1411.698976811331	17688.572071706858	14751.39027045097	23302.075008062227	1006.5368059753108	2887.6316887367825	1999.3025577824424	1879.759656565552	5554.164858509516	3421.8903586921415	2723.117096960418	9031.431309497251	1439.4025877181964	1050.1867451650971	5171.73085162716	2934.6443112101565	12868.262868240481	19984.483983748538	1736.238885703169	2803.5522544480973	7138.367554744664	11267.124248711623	40543.339096901735	750.0635317516391	3405.7933150174254	4041.5402383717865	2090.407669268904	3336.4028298031376	7738.2468088209	8300.574615530859	7198.132063710416	12722.054384714185	516.7758755126931	4386.270436920985	2366.687316844859	19712.53332657499	372.15526254945587	1316.2903105289085	10286.00663562343	7382.139313274404	2431.0980987440275	7255.051171243365
182.12292_6.741	8118.456629768517	9779.53364877728	5408.912302205098	6544.837065226349	96.05882019822366	1330.1250547256748	7331.794256333557	2117.17785636327	3816.7673451484798	11185.42107579207	8871.371602168412	8636.598888424749	1738.393359018778	63.55064146797197	5386.208324749334	5302.783144209483	3537.5374816816197	4162.404705420141	4438.055728767251	5194.144738329178	6993.383215593337	430.9431958429323	3438.9773606989925	6994.761322618733	44.384671545872095	1453.1116063903278	3432.7684310795867	0	8204.999940599662	8438.379414954192	3899.1514659376926	1956.179219349181	8435.912011456618	3755.7297109847823	8557.156360725117	2532.2482214812603	966.9434441779762	6973.589545834378	7285.951193307517	16024.025459391207	6043.996207100269	3993.350389158721	14392.622911182163	1882.6730541152012	108.71093644269031	6095.401986005324	3942.545178694591	7666.061484137578	19844.11341296153	7769.461056619503	6917.047032351039	1480.4315042096525	7132.606397118901	6562.635627061764	4523.268762736653	3630.0025113050187	5010.591388030676
185.11726_5.174	4666.966399405642	10643.808857789985	6091.129686427401	4864.774977805027	2480.834774827404	2795.574673962289	4321.596747758001	3695.753244561645	10352.16819852194	2832.9448229969335	13441.604457214926	4416.338513775936	2594.95716500435	1485.811058261207	4475.756592150524	12838.322587701976	5385.876920007891	1241.1384911992814	2602.4923734937875	7224.3146203744	15787.282542397557	5717.619557253373	6917.755300938887	8616.204414514195	1701.5873680522905	4616.841787583375	4648.443571115563	2635.605738332815	8765.671022796982	7670.335529508627	5565.929137203635	3176.9661596252745	2518.8572685791105	11840.47993257398	17534.705394783297	7145.234218751678	976.33107505739	2556.006648748456	3971.087857606021	7511.111635376626	6552.810982238513	3478.4684368330113	5472.89568369427	3154.159214788838	2244.2275750156136	3513.7040210068562	7800.5258186157225	5943.811517723114	8471.88611780581	4523.253857716574	4114.614565677304	4210.112138917546	4981.906847825472	6204.398764503291	5356.247818443709	1822.6536936740026	3476.3706902995286
186.03874_1.168	23966.44	65349.36	56858.94	67572.56	99305.74	72596.38666666667	81023.96	159228.77	31475.84	22309.46	30267.62	58940.63	60875.48	39815.32	22512.02	34495.62	6605.39	2249.1966666666667	3026.61	31705.98	25883.36	68915.32	62376.28	55868	169618.48	125079.98	157688.15	49013.76	30787.66	38770.36	77554.18	43136.37	10528.11	3232.04	20464.88	6401.43	2573.8777777777777	3934.77	61233.12	78431.02	81355	101519.07	48732.82	188644.54	212455.3	246735.42	44679.04	54257.74	67787.62	94577.76	83869.12	179.86	59667.06	48392.66	7878.94	1961.74	3644.63
188.07063_2.023	60106.21616432336	120629.03833949346	103040.58606940118	72861.06703048889	119783.12539931532	83360.63672590542	132595.49055985396	138044.54873116777	90005.58367458862	68528.41437055884	98171.84000533604	70117.06572081441	84507.32119827815	124150.48709460939	44412.25898060724	86829.80943639977	34068.137927119424	66137.22038045226	104003.10842140626	86133.02268704731	130582.76847539336	84740.91963119738	74520.87636508807	110317.3084787466	115773.00488695693	116339.98937028027	126743.72426019404	130830.98680634692	70860.80576590449	76220.5636603848	138344.8837629422	102661.9740957066	83065.43307649676	81026.19627757536	152166.02773513724	48193.318607573565	97229.18786365046	136395.2887366095	84086.04113634462	94662.75941111584	86115.2978578973	89010.76189233903	94121.6041967109	96186.48373825183	164905.58133477127	177358.25608179794	95111.91414717304	108947.2595328678	74957.19655155405	75935.00111431601	139404.24704198222	4408374.676485365	75718.85808088434	114074.68809971688	79322.14400064983	139327.81702636598	89234.76940277332
189.12334_1.084	1234.6858202403648	365.8036550656821	419.9908333698134	445.66713200859556	1319.6322512523766	2284.873344805922	3687.1024150667427	4978.405295376024	565.5088367504807	225.53539766247152	424.75335928133535	786.5173759210869	1901.4626697597423	7516.391738081779	210.4800761766229	486.8391749408778	139.29723811631217	5363.614464771114	3194.3370193412766	450.6650991096467	257.36416830784174	5488.440302787917	268.95355995465394	717.244756881748	4809.23001748783	3045.0134738388324	5345.967464804152	1232.3035837660204	143.42498423648954	457.30474323651447	708.489442059687	5086.5888199843175	6399.87642540023	0	315.59397779913337	2339.9519711613425	15702.302171616926	17624.77305749082	581.3250593931851	471.20087380444863	354.4163297124305	415.474918692816	962.2927550699308	3851.186922268435	6707.412679543698	2602.832832279803	666.4767616630868	475.26192693137796	585.3725474265073	634.2306617708435	5740.136407097979	2790717.6036652345	1653.645122106024	3645.373359325141	4046.1536606972895	3883.958612320683	917.7362596556485
194.06735_1.739	53977.59766452584	103058.439671089	73660.2945516698	58918.9586377116	300784.87275677576	7635.4000351354	114667.55064395236	31377.227338213543	48525.332345120354	57220.506376651494	78681.53138231524	67601.1145033357	26701.835330487535	41909.55838666652	49940.10936568982	69312.45330998012	32381.131536438173	7477.483400223058	14068.910987454456	50746.04184738785	45562.464607823465	74988.51445026188	60963.52768047226	61519.16683195725	31877.238045144237	61922.292944161134	50521.10895895591	304310.7202222539	52913.6148889888	65778.41424057147	66472.9338772275	14220.344272294438	31713.87747682962	53148.16814301108	51943.6998155388	28224.068250446908	5866.49802937583	18505.996943038102	83471.0290472002	144875.34859869548	95177.09948970446	47873.69842231973	96153.03186938312	54867.11817266319	130072.70799058717	90985.88992890071	72858.9643397539	81468.40855742319	128427.01356264591	53707.3622888577	53955.82631299978	1356.192493670886	73353.4019778859	84397.60488226611	28151.68019719591	18197.858029733685	17234.5294319965
194.0676_1.675	20646.53968236657	25023.090269378852	19925.737257550583	26862.403175377087	15016.081386733076	4984.352419312162	23037.234742592704	19352.947000548964	9596.550397718103	15074.541745283706	21546.485454033194	28293.986420760848	11494.51196960662	1817.9858516725935	18517.216938787373	9573.714979264523	5546.124859621487	2599.0426961655758	4978.851160713352	9792.775603845814	24337.055216030894	16465.60299685794	27638.423337899898	30730.162768733368	10994.399799926337	27584.992980688032	17335.14374456157	19206.561449165918	16682.093207238602	16016.020746486753	20781.1178677784	8534.619123362983	8955.75634111415	8018.793366501677	16483.22865543751	6552.872586297419	2038.4799492933728	7132.940157197103	28017.01204468917	40786.30257982893	33445.37612460204	21761.05969210993	25715.076461835903	21078.716047670205	36249.650867169905	32092.31749668085	22920.82866748597	19455.064055503353	43965.213090098856	21364.5492946492	20434.491427417688	1944.886886684757	19817.93463868464	16746.44744746824	6839.503931520525	5784.129090871487	4971.746326537901
196.0831_1.672	44150.06	63540.36	55682.92	228388.94	72516.96	111338.34	164701.04	196536.84	16731.28	30379.4	67531.68	283378.28	232706.90666666668	876.69	63230.9	16380.72	10610.58	23658.086666666666	9545.7	17817.16	89929.32	44486.96	257180.94	178172.62	217767.14666666667	114655.24	281044.02	74793.34	38373.04	58507.26	134457.6	173074.33333333334	60727.22	6007.42	42815.24	17524.26	10490.962962962964	30209.71	112149.56	231053.84	199971.1	244575.88	174599.34	294372.26	266174.74	586799.48	62174.08	55986.96	295476.3	254085.74	203754.22	974.28	42380.68	55209.24	21405.8	7747.38	9549.27
198.06224_1.305	36352.257710851954	58603.146621168846	60588.24594101174	30154.19799685605	193399.0828937468	15114.482219870093	47680.68493113092	26440.494958064646	39932.277201613004	27879.652738907258	32090.646199396564	65277.98858829422	17330.970776295264	43885.721747241405	23808.619073645325	44487.779249052895	6983.474333378159	2823.5659587434743	4996.189457017081	38261.10602840388	31448.95788395924	62757.88372073122	26079.2530979337	45054.70823362743	40910.53240220283	52804.49118314973	28020.85719224929	117524.59344334861	36286.56510969061	41115.90261164753	38082.59190601969	11142.307556114778	16277.898755945986	265.76731714266884	27247.138022882264	6141.543011852625	2364.908771898759	8516.598345626022	50002.407433208085	110858.78858574813	54301.85554684659	28707.083554197885	79237.31438949	33582.89798787286	114607.02193352865	68693.57717166907	40726.95777399065	39830.178370327136	127931.14621152746	68758.55191891732	26648.538102997034	171.97756366930125	50702.66901613467	46974.41124934257	7351.771867891171	4085.664822394022	5219.678984273964
198.0623_1.173	3068.02	4643.54	4652.82	3123.66	2028.84	2231.6	8038.86	6112.19	4095.78	3078.32	3052.84	2538.82	4093.903333333333	251.5	2091.22	4037.06	2951.33	32.81	561.87	5471.64	3450.08	7081.56	3137.54	5080.2	4995.246666666667	9267.32	6684.46	6248.56	4917.78	3125.82	6208.78	3347.4266666666667	298.82	8539.2	1674.9	2882.14	181.28518518518518	191.19	3958.04	4319.7	9163.04	4432.15	4194.12	8813.27	9148.16	6433.54	6919.12	4845.36	3582.6	4669.02	5426.14	7121.54	6160.6	7251.54	1141.22	278.57	488.62
198.06248_1.034	7945.1391252678095	10920.205608351083	6571.112086919619	7799.573751300258	2972.2802831656063	2081.684771742141	26450.410063051026	7719.59325781215	6763.5635751255	9734.202836582012	12361.067936418933	4322.092030620027	5153.359291094332	1357.0825262056783	5221.8054500337075	8392.750069420468	4440.5654836981075	347.08958205978087	1733.0999357494593	17330.604173028212	5571.80576464255	8144.622919546562	4813.007954493857	4489.40439915473	3871.609520517214	2237.546488222719	15548.364856328015	3366.804305117276	11349.04140188826	20003.714588949377	7800.544948789929	2929.6361137638387	1312.6715508173174	8007.961193961528	3785.745543633239	2318.2206688163797	429.3639905735591	11020.793130289863	8127.70877124783	13143.634216500128	9842.891058381321	5442.298775498509	6463.685095302828	7384.448136643952	9270.93921757785	7666.000650352542	5297.883968820641	5759.492272812706	12832.08965961715	6084.222097829947	3168.899443517335	0	19988.510864486012	14498.431944659338	2036.6201295088804	2430.527250816566	1283.2902669890143
199.12729_6.75	4139.88	4219.06	2443.26	2789.45	274.92	737.3666666666667	3551.76	1110.15	2236.88	6034.7	4183.32	2198.25	894.97	130.12	3282.4	1881.04	1922.37	1130.7333333333333	2772.15	2636.16	3835.06	152	2062.65	3562.96	34.35333333333333	1354.68	1632.56	222.92	4879.36	3952.2	1875.36	899.28	2044.4	713.44	4002	1717.95	275.9	1731.67	4127.56	4105.06	3839.52	2511.24	4354.28	1322.46	250.32	1855.84	2115.5	3374.64	5283.4	2332.58	1544.79	946.76	3880.38	2471.54	2084.34	1354.22	2252.14
202.03362_1.305	4310.96	5626.28	6125.44	3365.79	5210.98	1601.3833333333334	4175.96	2900.11	4093.5	3053.22	3138.8	3096.62	1652.9466666666667	2566.61	2619.84	3577.04	886.56	167.61	625.17	4339.82	3879.2	6046.64	3672.02	4637	2885.6	5292.5	3102.93	4942.22	4412.96	3987.92	4047.34	1215.6133333333332	894.53	124.86	2819.84	740.35	312.5888888888889	478.62	5571.24	5927.84	5582.02	3194.76	3759.28	4209.46	10075.52	4584.84	4661.18	4339.84	6165.12	3723.73	2578.32	0	5383.88	4592.26	900.66	75.97	681.65
202.03381_1.035	3410.96	5006.96	3935.74	2119.13	1629.04	467.85333333333335	4556.38	2136.95	5578.42	4044.2	3198.18	2040.96	1578.39	1331.79	2333.12	5916.62	1850.4	152.28333333333333	892	4662.3	4125.78	5031.78	2557.24	2487.62	1214.2066666666667	1599.92	2491.69	4206.94	4024.24	4421.44	3788.94	1136.6866666666667	780.23	190.96	3863.6	1157.6	213.01481481481483	730.72	4276.02	7741.34	3932.92	2317.13	3381.14	3023.32	3500.84	3042.36	2570.14	4108.08	4850	3087.83	1468.6	0	5141.48	3230.44	807.8	551.97	1076.88
103.05472_1.157	14364.512767927354	16407.39268534134	19422.85383647273	16719.270865126426	20786.498021863063	20979.262748659105	22045.515600037776	39018.30349580821	17780.19310927186	10792.237626713903	11540.72699087475	14069.144503020521	27681.13225305657	84380.4598075691	8888.904688458502	18802.263091830766	13651.651062974965	40731.54250758857	36473.84988559029	15980.822255056244	17411.740613596136	18235.91977493398	16540.474869833248	18169.93022180912	49614.17097388475	27572.84314723665	34579.063960231055	19607.43772459439	9295.505288193059	13910.580972541455	21822.30158974854	50282.820848542215	49059.07196969501	24655.80771070158	13903.041831610208	22145.871964079306	57984.36061863129	35763.03786075301	20668.962518078984	36617.84838499615	23059.31460832141	21816.533305516983	21040.773975075906	36099.6004509571	38724.72220270712	45059.29522109295	20765.6667668843	17373.240300210375	21555.66228561616	19216.12978385869	51515.84101060106	1183928.458666634	18977.28428341012	28277.030851784777	28759.88978618217	41026.7684949628	20785.77416127817
203.08163_2.029	1873.7785821912728	2268.0805635320853	2106.7513055028794	1050.1124302410112	6748.068419442321	305.2867787081212	1290.1611343496693	1610.2310634161834	2496.072767191756	1985.4538900919028	1198.3627662715935	2475.0315244014723	318.4514268507881	11131.323393165068	907.7735104755162	2196.2399306543775	891.859912736852	2172.9856760811645	3169.734174336278	2938.423304748716	1773.2731620361042	2734.3623351007104	1394.485538997332	1587.182328690965	506.0478768044073	3549.0909193560756	756.9249690124697	8721.848803441158	2237.4984378683776	1503.7316723118684	1748.4706351833474	531.8653410826482	4288.241137722826	0	1509.434650989672	1049.763909850807	2673.165490284347	3504.026135661438	1832.0217249075681	2891.735140311709	2473.4095815232336	716.1369371864768	3252.840323408238	1075.432423591611	3687.521214997334	2087.2656873219757	2005.096890628599	1362.9799092905587	3885.274310322685	1803.2776042206	1956.497469710683	32255.571571376164	2431.45250411038	2195.5117301261703	1984.4191340993677	2629.9369408371317	2925.243598472314
203.13904_1.212	623.6066721381528	100.54853647990623	79.34391132177394	470.9965773131786	2000.4924595951752	1223.044351637139	1542.544232750345	2137.8873089102785	514.6593221243331	242.92660385837203	229.14929465463487	700.5230519044361	1491.4268411974733	1802.0346489031936	302.5361960054837	251.81746437962596	615.3604067766764	4839.810819107439	2240.1343569342334	229.23900094256823	623.799142512415	1017.7685847445084	590.0630235591025	616.5561828512963	1165.4520483473968	3864.276754519632	2051.08355394692	617.0352274377874	178.7562164497324	289.4456803570714	784.9354442609016	5041.13124465	5310.311863959556	254.4597210773113	721.9907740619174	1226.3250038448894	11310.859748563103	2459.8945867210055	162.06968383076864	516.5936203377244	718.0629386873234	754.349301910594	1473.3966523350964	2013.0772278847435	4276.872520311448	2073.842288505252	202.03999691472058	212.52702100914124	721.3373455647356	395.529608515731	3095.2390838208607	803562.7450380665	218.43858799786705	905.6989602075055	2108.570494545064	2870.2732185022514	1142.1504286433762
203.13907_1.124	1758.3486225537	347.4057983398515	508.7979461130915	450.61212997574097	224.5132477337111	3837.0312819983765	1717.8509256628922	6447.095099066983	394.2621112257693	107.11473990689711	178.87851058882543	446.6008868822023	3603.9812859841263	13061.955329523997	0	402.9573040905881	814.7905557812323	13386.33957360064	6385.53034335359	108.0510935145499	251.59790128961467	7908.378539419453	458.16027488077043	581.8750232951727	9665.925210014466	90.60516043323032	5649.555318275164	302.9421564503364	73.89015023138548	434.0099201628087	1128.1895176777696	12317.914614992053	13571.478598472306	267.3483147594954	197.1389363859957	1824.8693378221776	24085.217561300968	2760.9914690906194	884.8781495639955	736.1176028422154	240.27530491307337	875.179357098454	904.1788854315272	6065.160658294818	9029.944567249737	1902.3675407174503	477.2888564951789	310.6238321763222	565.2512549130325	987.5798394675672	9840.8191169498	2402492.1980227586	451.3980851608565	1429.8027005514457	5255.111358259939	3872.0742459378407	2936.74517632808
204.04926_1.301	6657.48	13076.4	15063.08	17729.05	17887.36	25585.993333333332	20215.82	23398.54	6340.46	3990.66	6122.96	15946.26	24144.346666666668	4200.85	4762.2	5241.5	861.33	541.6733333333333	751.61	6868.9	6497.14	15129.34	20318.29	15385.72	50848.45	16705.92	34483.79	7651.3	6320.04	8156.14	21431.5	13401.813333333334	1721.64	0	3558.36	1048.7	775.0962962962963	877.83	14253.16	18549.26	19342.52	26292.13	14071.4	37583.8	61212.76	43417.18	7305.94	8921.9	23211.28	26352.38	16989.18	0	10380.48	10355.56	1182.47	120.82	572.03
205.09718_2.023	32687.791095686367	39172.25976889482	51723.24812129187	64370.2923675371	72397.82349242472	112436.0734600978	68384.69027976852	122628.8002283059	47321.43403131451	24799.01228227739	33033.98093041845	60532.68316193378	102107.37372082163	111075.68880102292	19930.068519739576	32583.145346629233	18978.84538998517	86184.99700558322	67848.08810632695	39372.75199468586	55014.34876818344	56888.666094925546	69173.25553990123	66956.12988357358	134903.43471633515	97885.39240371042	126408.01913264835	68589.06100319725	30174.576397189066	41103.01709400426	72825.91948890746	119138.5909646945	100134.03866968176	22531.621786173033	31942.868930646688	27244.22478459973	119216.34791130738	77524.05062726323	39051.19415960541	51445.03133546459	63834.01991243493	73382.58211968208	70519.69248924716	119710.51790870572	141266.62589563525	157456.56494278202	43329.83995080469	32528.52031813726	55549.53059160623	68502.24379817465	160854.62053011716	5955430.181476326	41671.41510652928	70407.6008318401	51553.03639276567	123913.36458629767	58880.62019537446
207.0992_5.174	1825.9077220291156	8812.445917130604	3500.4363649647526	3110.253212482009	202.11165964588938	1633.7656540068942	1160.9277588162527	2162.285911371465	9535.441226192519	1372.5522558074802	10901.577808532542	2573.985660707201	1479.6749279052838	79.3741097362518	2236.8969254560034	11103.568546585308	4256.94356264192	844.8193878262877	637.944330422925	4846.00731105205	11491.616814717381	2583.570937011997	4807.532636670203	5722.454214046725	659.0378270005164	2725.437929295841	2220.435513193652	69.01843029149289	6069.796315649968	3896.9794396893635	4149.650830149557	1975.8997892338643	751.1652981225233	5019.322450562037	11157.487428870349	7463.328197738313	469.5554453519194	700.1847667583872	1387.979960558568	2664.10192809152	3084.483262761422	1600.2915384099563	2125.177203853897	1284.6630470795922	272.6273715216465	1228.7611284135428	4613.120249738893	2441.414140509339	3442.0089448782037	1302.2272925869577	1983.7088204371162	799.5164536204358	1607.2383710389904	3479.0023449981836	3232.7072228405723	857.72084871358	507.3367044261117
209.09235_1.272	741.5177384419972	1026.8140133945765	461.1105170070973	1187.3991945792184	1016.7528999766349	1072.8457890371435	706.7423414095318	1806.159485925747	184.9120534270344	244.88688359502282	1090.6286189501925	1516.6004461830898	2228.7240923394065	4149.402785268012	161.77801830955076	1290.848990622142	908.1467916075957	2245.0505288386044	4673.239501965486	237.78503553825342	2166.5009934687578	667.9533265405173	971.7011675337818	539.6120993419665	2608.3207607797453	592.6746282597397	1986.3121456122974	828.1520413844529	377.7072205615199	1221.0345303999713	1400.8798357020887	2130.9547757323767	3022.710591032961	0	589.4940790011605	1596.7288090833865	3539.4884597313103	3411.8623515521267	1068.898896191451	1160.5572897423597	840.2281701593107	1863.8687457550704	862.8222501344396	3294.289490422444	1532.9439650048819	3392.1967805136833	1356.264465045471	1269.0768056339334	2257.907710250403	1419.7251582665135	4373.138582264386	112340.5240458326	1235.7863817290752	1977.0957320159248	3884.0914170097326	3667.8077046739268	3209.6921806289506
209.11501_3.011	822.186971779512	982.1360313323827	1331.9212793190052	2287.2244145588966	50.423467113964634	1290.3988169782965	2176.967673507833	2667.4173230650854	1626.1730727626802	1561.4504772862988	1113.243460255726	1454.159886374377	2945.0870254836195	938.6193910045548	607.5108792449366	1302.0504493024641	6422.030528426211	1669.9595396592165	1525.2978640943422	1023.3610001642788	1749.3458337471611	1424.1150967524823	1290.8163654535304	741.8227609000099	2203.2908322500866	3297.198095046074	1792.5995524682098	320.5573692698362	1159.6551662366505	2104.6467720813057	4197.237914513097	4033.821425183878	4915.7718741645085	168.63176761829737	737.7830670767244	6487.9492256546355	1557.668978981344	645.7241189136954	2175.4154185639527	1311.1930230051134	3250.7276680581786	749.62750613202	591.7100153078787	3302.8346116197567	481.6064674486515	2267.8203678920613	4595.600759528703	2520.7042989049005	2903.866403351133	1771.1138601664504	3650.5493169684023	4958.230619978608	1858.4741832612199	3650.719400766379	5695.175187450571	2936.6563095612255	1771.1942400827445
210.61229_9.249	325.6232106318883	572.2787037334839	416.5696295418254	2131.199858424353	0	1880.6788175573845	1059.1800251256086	2328.301098611055	255.1459599682877	286.26262020180906	814.3265718184805	3900.386228843025	8924.330305147127	86.21838619540148	801.4540537883136	825.7049327491801	3285.002539770356	3512.0218147389296	464.12311957777405	347.1526196354933	629.1133727626187	377.735790551445	1451.3287127263695	1175.1902311094584	6744.209603056253	868.1752595381103	3102.87976265904	0	205.97051356698623	469.6098978796376	1347.2430865178897	28086.74267914662	6842.0402776141245	132.25760822135504	765.2206506269872	2263.7438452328415	538.3374279694822	1163.07931517455	865.1923798281182	3234.3121754159074	1422.0382945868444	857.6212974956283	2052.445986760252	1956.8851838644428	204.21040001062389	2373.3664237564917	287.45850259682953	356.8634076498653	4526.883184386657	1381.6803056861909	6020.265646092903	281.1334409416137	531.8501728050047	2243.751956082624	3350.8346019474266	185.1450598640247	397.61677451706055
107.0496_1.157	1355.0282207710281	1538.6535050358025	1205.1495729033438	2315.6976057052084	2581.9798340965162	2086.868098228449	2549.035854235244	3228.76649433981	1418.4669476413899	758.0823601775965	2013.2940204752763	2284.734444960046	2605.4384827875256	8089.123720768484	862.7695391769017	1829.6065183752207	1542.037115401178	4236.389491705536	3354.767789113943	978.3090799427855	1579.4475531598082	1894.0732564662894	2107.1327702144044	963.0257948206225	4647.125556392878	2860.304160160655	4117.7281568359795	1948.447240615613	590.6054422313205	1942.914041920142	1871.05560777894	4840.173713112973	5899.036929309694	542.9770109349192	1457.820343621203	1810.9869371145264	5497.53341384594	3676.178981087603	1823.7185321207583	2672.520826229557	2702.24238455602	2336.1209397680623	1981.7879692244771	3755.8007968373217	4039.4442071654425	5412.461272404054	1499.1072166668962	1362.3250091835396	2214.131965197723	2860.9810727872364	5138.982024963686	119758.84020446372	1558.5163140642162	2858.561529703401	3751.401961773839	5064.751660647358	2069.9722175880465
212.07434_1.673	37161.89430533248	46155.43261370087	35292.67756651992	35448.470169185915	36077.46862604632	13213.720555836057	53442.521669997375	33178.997346095486	24670.959872348034	24335.622804473576	36199.07805491701	33879.562322459846	16720.76387037071	7651.16618773406	29710.082227826628	31340.95079375862	18266.326671053415	8446.737960922368	14625.273105891552	22656.87062265754	42248.306740343076	29554.128965018168	28729.69099022225	69042.50788122039	16914.35126889592	42474.54097120026	33472.469800998726	42396.24172244753	28810.65042536117	45563.60478471841	31138.18631304299	20707.981025750014	26331.675660242196	33724.19525696384	55849.44810154891	11187.470004678515	5944.007017249256	20424.03557505416	41129.28906289384	68787.5835215621	39054.32134410656	24725.21867727149	45701.2575174387	32957.20144148095	51103.9802246414	36583.87253422284	51334.9983733652	52509.088528146065	54825.844779444094	41039.777040548965	36061.186577007335	17784.721967638714	36568.19805805846	33737.03112691702	20991.525257260102	12931.813735367916	18442.09433294147
215.13916_1.081	284.0327070932359	320.5643134526575	119.42585985742073	1708.8561364806546	2556.4513468271284	4528.075642073617	2470.5718012946654	7412.54813775379	240.83646079862316	90.38464794788555	64.70165195655599	2171.7501509573926	10402.190994742226	48042.34903991102	65.15843768222649	169.21756302816212	940.4610324372001	19711.97380779829	5094.68045254702	115.82621339840416	245.44226427967408	733.0482214247365	923.1774932415434	907.5728604756728	17216.349779493412	5285.763279319646	5551.702493639534	1766.266191372864	226.4774826306404	124.07922451629454	1501.7664486029512	16921.36590346921	20573.61365204832	0	117.98514639896223	1148.7882956992619	9645.292338171437	14268.171073233068	241.17843619049728	726.6708029444256	610.5520784666008	2199.7880140621705	2719.37163701674	5901.654041874259	8740.577696837232	14175.543215607144	259.21770132037034	143.78274614260974	1021.0656090531842	3857.794935960453	12273.385363868412	23145.895823790022	285.06736362792634	1963.6137860645156	4876.5589523682875	1470.1589078605282	1281.2338777151783
215.13922_4.428	1245.56	2406.02	1809.98	2071.47	2248.82	4862.176666666666	1470.8	2994.08	1882.92	1031.08	1174.68	2098.65	2172.9566666666665	251.4	1670.68	1089.58	231.22	261.63	24.5	1543.12	1664.98	1972.26	3109.5	3886.18	3711.0733333333333	2093.92	6066.81	1241.58	1292.9	1614.88	2362.03	1221.03	424.51	98.48	611.04	74.34	251.5185185185185	20.79	1944.84	3758.44	2057.06	3175.14	4329.38	3438.29	1083.2	2989.08	1346.56	1296.84	3866.32	3182.5	1807.82	0	1557.64	1473.9	73.04	0	0
215.13925_1.135	0	0	132.8	438.22	286.46	746.1933333333334	937.6	2888.06	98.08	77.26	0	521.76	12439.673333333334	2463.51	0	0	590.45	3282.3333333333335	1879.39	0	99.56	86.18	691.45	244.9	3787.45	1165.86	3136.3	0	108.06	86.26	508.36	6421.08	3013.38	0	64.54	454.19	3990.5037037037036	2672.01	411.26	173.16	0	800.06	184.86	2605.58	917.26	3165.15	214.02	164.16	364.6	471.12	13604.06	56053.52	171.24	280.68	692.44	290.2	87.7
215.15508_7.399	3845.697753212723	7717.356040649909	2254.675459538718	4678.819205988977	39.32102538134775	479.5252231127255	7029.11165388698	2779.1186944568262	3261.6326911783253	5650.031441605014	7712.592915071833	2237.6969725455174	747.9390026771513	229.17334734156537	4540.277950264299	4450.623455307334	1794.673272979526	1119.4558186368342	2710.4124458188135	7113.360136618517	3649.9691221918374	725.1927376109618	2003.714971266218	3786.2468823139566	48.64475886103254	2798.005845965027	3399.726542039318	294.0517416708451	7506.780181360459	10278.336168740878	2212.9532400643225	1315.724220470431	1886.1875362685553	6745.4258272533525	6477.06944247777	4337.042525261866	721.3817365337806	14320.31154451639	6288.275805401074	3055.504995098663	3399.190177105639	1614.9867360633623	2576.376257743127	1418.590899611176	79.54898050296741	1589.4095507839704	3786.1672654221315	5054.874077362211	3912.076209432185	1783.9313306455879	1428.6003633526334	3395.2769554066167	13380.88394293542	5641.521090869472	3551.557086078229	3341.361893945842	2398.0140748323483
216.15981_5.857	977.5554583841516	1109.4144639052888	739.8744948907992	704.8271141951121	1129.3695869332678	398.35885941082483	3316.775280567772	792.9635231366103	2813.1854784510488	636.1337307365548	1728.7356364728394	871.6551826567878	454.30178742920793	134.51756921293864	902.5131385765359	1545.437271914758	4534.993798639483	773.6245614882544	2275.7782686551855	913.6485061581936	1999.2947189079198	2046.7199568567119	720.4912569706737	2333.9678372442304	217.46175719270477	2695.6976378596505	800.3084723135216	332.13627161387785	769.3292517019617	4805.130450061462	476.6347429899768	333.8339917892957	595.2233522695966	477.32439370556045	1774.340214175318	1221.0621754501858	231.10547259773415	2796.7210901865333	3949.768308751141	6324.503774387409	1934.7579282327374	1371.3360391285141	3185.6244639683337	725.8019808427023	751.0142670559051	1127.3308980226957	3321.5951790488284	1628.2403311066682	2233.6815132793863	935.3227973726492	908.072470107552	2438.2926997966747	9577.232328524604	2597.613617105296	1284.3669510297364	664.1807238012708	552.5958330830047
217.15468_1.051	3500.106110397703	4931.758373288185	4838.062879689123	4135.116228825281	5119.870612814093	8960.29466207252	8321.803358774314	9625.818253488258	2654.974990784314	2634.293065117397	1918.3901070749243	4180.306073154863	6620.344457120774	499.9024543192352	2829.9736210165893	1819.9431370898446	756.3622150184461	2777.9810032526048	820.6405892995274	2823.951527157888	2598.0950065822663	4299.564248512794	4467.149693382711	6376.786988222534	7888.805855893666	7910.597278846751	13330.919709421189	2531.0062105473457	3175.152743868197	2564.3697776840536	5666.479657450155	4479.729064034751	4655.449424767983	2649.2900331971114	1578.8824187439607	1650.3953257284159	7182.642846909828	1475.247044118326	4820.9372216030415	6710.582462424675	5560.299349838694	7700.460285115021	7707.430873742401	9314.936521743943	10303.915241471204	10980.486276311518	2873.4806006242416	3831.676485572574	5549.124208196885	8615.784810024017	7983.575650180327	570409.309130738	5572.849224108828	4241.470315077758	1517.9069980178645	1395.0631135803567	242.47224306163247
219.13403_1.053	1159.5586962199197	75.71943489920612	123.52662733445264	232.37810956311776	9508.42181100056	826.414626756747	679.3201873667215	4100.740332524908	656.9596585151681	35.726002857507424	0	1065.574048486548	781.7290146524309	17554.760356939023	57.832724952787714	169.55136662925332	65.00950376836562	9328.79240078177	642.8579987631488	358.518881876611	160.75667144631484	12720.90069997989	268.8572970173946	335.9834186561805	10391.080111722145	3771.710154318538	1621.0457961640138	2746.3453160446916	130.63257231052555	389.32691400119313	485.5728321835753	2983.7710829691678	12792.662600991596	0	174.973484739743	958.4843695101586	11973.230717777204	884.9666272848702	45.18569678042724	442.9134052183988	249.42441942334762	148.09460707467144	968.8329072274962	1283.596287204546	3838.8857235089313	2711.4073053974016	434.2547468556518	81.61230545430675	115.41397239055897	2328.7226669151314	2801.0152512707423	1751333.0966177925	459.4898095830254	970.4786604198739	1584.7649021953323	2011.9976630908152	350.3752607276923
220.08308_1.485	525.9114711790684	2572.1993630283423	111.37162236164612	3638.268188886758	196.59921926224632	1251.540471589167	151.8491861016048	4932.820702272829	253.05330607982896	327.97361862972355	845.3022164393774	3543.378876840691	4934.589651783608	1268.846566664787	496.0319777875174	1164.4469374038267	414.4346212136618	59.59834727638432	146.63869980950324	440.8663608478589	964.1206957102468	73.92320602595186	1218.04503013934	1475.9609493229668	7874.629982714147	65.32387588879872	3374.4384273524506	45.37578266552073	804.8580560412339	3214.1356799924797	4948.592831979238	7919.644113713798	1836.5042923571432	0	1133.3389288788158	648.8819189432315	33.81203522706363	95.56869698007516	884.6951647115278	4451.146947161948	1376.238371449784	537.9752564548054	0	1245.2946993385544	501.5379355761125	1915.637370898408	1794.0380909481867	971.3069159975895	3539.9388685838176	649.6552482453164	2496.4529383466333	58.095342341399046	1409.9067563426786	3812.278574287446	756.7280404234017	366.6797582542658	0
220.08313_3.194	3025.2438892041177	5774.710794824546	10009.451204146206	3456.964148605502	15970.848625372439	5454.75222819937	32429.011632630183	5134.224069090243	3426.9627974738733	2971.042384107909	756.4133731913364	2597.747825130427	937.9313096527449	242.38773727021334	3642.612477152879	2502.587014509687	256.7803577638391	0	0	7078.948931191479	1882.9459499129898	5570.53826267126	7176.8858019867575	10171.051334120268	6949.917659919437	32871.66167514777	21497.843154620983	2538.596019522224	6859.451773972094	5677.117139342602	5468.880052706039	264.0856382596887	79.11915667515022	6700.051041707528	1121.9617948111415	468.40652236194467	27.832273797285133	0	3502.6549257827205	3140.196006557759	5268.48692883559	16568.870648450276	89482.91450360949	5122.814258075952	8526.904760595651	11151.708717346286	1956.5593755737352	4069.277016350685	3712.7004043741467	10138.542386044688	2622.231731181234	31.2248237849866	9290.172960510266	3985.1105083236007	49.36320078353849	0	0
221.06693_2.557	3938.22	4827.36	9142.26	37217.24	6702.48	120438.74666666667	65919.44	214508.34	4050.62	3768.82	67.78	37600.9	142467.96	951.83	5091.96	1468.16	676.01	0	0	9476.28	3443.02	12266.06	30389.19	15935.32	221889.8	73794.1	276331.24	2804.74	12711.64	3462.86	36728.44	134420.58666666667	775.42	1474.8	1267.42	622.34	9.455555555555556	0	10233.26	11593.52	12482.88	53479.78	14609.2	205299.5	42934.36	184297.56	4843.5	8733.08	16723.48	34565.75	71609.26	71.25	11845.78	6857.86	195.08	0	0
222.09846_3.413	23917.92	27082.88	44539.3	42875.55	147887.28	154595.62666666668	192341.92	111706.03	18194.12	17717.42	5023.28	45769.04	26970.7	1610.32	40600.44	6576.76	2167.27	241.35	21.72	31197	21947.96	27667.18	124028.6	168367.62	646236.6933333334	203014.6	288072.6	16430.14	40384.26	29752.38	44084.16	13343.506666666666	3194.49	7832.78	7107.02	2406.5	114.0037037037037	0	36624.66	25377.22	57932.5	292340.3	727907.44	72506.22	87123.28	185640.56	15593.22	19869.6	32955.32	156293.75	32013.88	27	52296.86	13018.78	964.87	0	0
223.0826_2.481	23469.9	20516.92	42681.56	106966.08	46199.6	113843.68	174267.04	209771.84	11884.6	13668.88	1685.64	117803.77	502.53333333333336	6889.77	15753.4	4271.88	2276.24	21.273333333333333	0	18952.2	249.48	62453.08	99670.8	86262.22	160972.50666666665	171476.94	274327.06	17334.64	32225.62	15215.36	94759.65	94775.51333333334	3706.91	5234.44	4338.16	2020.04	10.692592592592593	0	28739.38	29657.8	54954.24	75453.69	43531.04	183387.5	371566.36	183868.86	25527.84	21889.5	39140.82	61692.77	60273.58	0	28875.28	22647.44	651.27	0	0
223.10182_3.411	7185.318763575987	6046.977609491764	6602.117962465648	6605.654353138179	17062.44496890778	22681.867328474233	21508.433244298125	11357.846036044597	3739.828050674632	4087.9273112474148	2557.444839177845	6570.681084918992	252.3093921134375	657.9220392885122	6129.405442542606	3666.575514327563	994.1745415869177	528.9145978350351	745.700147160992	5804.216711872719	5669.747585212638	6186.869312458492	13658.204358814757	20255.064303416257	98862.29720678242	21126.399036937	33386.85590710886	4943.255763387612	6552.53778840337	9394.035292882701	6075.495671704677	2970.53517745665	2716.1431472666877	8591.166230210512	2019.7019302452616	1133.78969783774	387.64806213850653	1083.4939196521157	5796.241894161183	8984.244534641886	7767.997510799108	28075.996013120912	66394.12117685811	10028.853374191698	11069.236478091236	21253.158970189925	4233.488394084274	5010.396204444901	5729.3941483534345	17413.130457677522	6096.634693980813	2623.8476143994526	10339.369921898508	2255.1307498671513	1441.7004728038037	911.4687706471744	1103.1447103258447
223.10771_1.567	965.5479421382225	305.952285756256	271.40162316397766	711.2369046068284	29826.94608002155	1283.6105386235088	653.4468941173587	2255.8627935628792	427.83181059823573	50.96630572282201	114.33784464207284	992.3606528912684	2046.5750756506811	13590.715677599148	263.64602854080806	125.12562785646155	238.05638430790623	3679.5242652375314	1974.9041778884819	137.43904826284742	829.9647346083411	2689.7945560145913	1072.5774533450788	826.2584561639529	3729.5329744698915	413.30718428347006	1770.690453593136	19977.655952167952	420.47649110972554	256.0454137080697	685.7055726775375	5566.698311717889	2654.0495044753775	0	67.95357050924962	964.7697058954211	5500.908886557154	1206.5271605498745	366.0591159249382	1232.916680019228	317.6178760758147	778.6364997551193	1628.7114143524182	868.4789820802985	12448.621210391759	3105.8547432137116	83.24297704716392	75.04035125948643	1457.5009071770162	1237.7831716361984	1583.9107328800312	1256267.9970821617	437.52358679805207	480.3003448902853	1312.240012163713	1803.1392268444108	1209.862971643016
223.10777_1.364	324.85625089040656	297.7978495034893	180.57900492805982	746.7251885066154	318.03783445142966	1195.6749792465798	923.1312168921664	4898.970723809415	398.734465811464	249.3138329442433	1779.0362372374357	1296.1561849604507	1530.6598202262728	16591.232517912238	242.99343309841956	87.80577297615876	209.15626458830596	1850.262846286563	1432.6615461378567	272.99641760324533	750.0506724875029	188.75485290464906	686.82180781993	782.4383416098786	1691.9695191311387	768.5880923258773	1438.4504660156686	2525.65520808026	98.29771576665527	507.322942488867	831.2773208030015	3116.424692454774	55172.440146296074	0	0	590.7239149119777	3160.7445144976896	1760.282562255803	1308.542978482793	4249.370255554426	738.3535440684402	2357.0046538669553	2180.323031961143	7581.81934390701	1897.553512595783	5569.249747463493	4396.741316320392	1696.7643636306439	1913.215613931227	2055.568685754018	11132.979907302517	76719.82332608754	453.9162681426562	309.2067531989318	1183.1506327286525	944.581748453779	924.5238551733729
225.08723_1.148	1768.44	1380.9	705.02	2815.62	0	3490.56	2412.42	345.81	1120.16	3728.34	1480.92	2100.07	4268.216666666666	195.69	658.46	2039.7	3732.52	3605.31	6098.3	646.04	6529.78	351.66	1459.02	1547.54	160.23333333333332	516.58	488.61	73.5	1112.28	2341.78	1402.06	9902.32	3261.82	0	3831.46	891.79	2785.5481481481484	5277.7	1183.76	2612.62	1555.24	1621.83	3874.72	1813.22	818.84	4106.86	578.64	3409.48	2407.22	2442.27	1640.41	136.51	194.86	184	2434.31	2007.29	6088.76
227.07921_2.023	1206.44	1251.82	1761.08	2355.12	2239.92	3588.7933333333335	2564.52	4508.26	1558.48	773.58	1112.24	2862.7	3348.02	3438.54	1068.86	1030.02	605.05	3419.72	2154.25	1229.08	1988.1	1940.3	3370.63	2657.54	4990.7733333333335	3647.04	4362.54	2065.52	879.64	1502.62	2609.61	3833.5933333333332	3836.17	0	916.78	876.2	4101.7555555555555	3055.22	2193.58	2484.72	3171.1	3051.37	3789.4	3619.71	4615.06	7634.13	1183.72	907.58	2742.06	3131.72	4967.46	148425.92	1231.72	2561.94	2437.8	2178.04	2202.12
229.15495_1.547	5034.16063417843	6013.885494695545	3783.221392975975	9232.321023286268	7103.60569510424	11752.058858673112	35272.431449945456	80120.15700130549	4465.190671827548	6582.015538034595	2317.6155583817235	4916.502970891847	22063.98602389774	59042.90442011942	2998.6423964673277	1583.2742555364882	3920.9194851554826	21775.191595905508	15336.998965932597	6985.869843938586	4107.046030368921	4727.350401463242	4994.935625719437	4567.774491055543	55719.749017756956	15762.794556966384	56814.56232866376	4293.63536776415	8305.488233684826	5869.998733791975	7389.362114058634	45820.70512184879	17200.559412269136	2305.047898740227	2167.0374243448246	6587.764801110701	42594.48218666707	105948.44766464535	4624.674845344703	4294.15038128996	5249.143423779725	6696.373441089415	6091.999945572932	35712.12038231331	40059.11575736854	20413.146189933384	3807.2777196221136	3436.8750861424737	7948.5969639365085	6311.274561002316	32307.378364550776	138891.94360549178	21623.709718913702	18452.00410115535	10253.723653113188	7031.073529576337	3134.2519735664687
229.15506_1.374	2030.964839514173	1841.2769797556953	1176.4005355870252	5718.522177011714	1783.0145684860356	4706.1059172257865	17495.37571483817	13861.654066858897	687.5676769221047	2233.460669287222	359.92258339102625	3031.356437550503	9336.236035485423	766.3765007271996	208.82068968394412	384.9852374657068	1021.0773217361512	6211.374802442867	8310.10290871985	798.2537357798296	1284.2898974623133	770.9071531062074	3180.797406219557	1331.7547808624472	1442.095748678568	561.4583940306192	21190.436689897422	550.7304268591179	2224.6792942177935	3271.9658357136755	4012.788469379584	14600.759613746439	6347.32590219326	0	487.3856400068562	2357.466064249541	612.9892617278315	59317.41668261269	3801.154839908218	1285.162411101693	2817.0797755785934	3637.378074111109	3757.575204961671	6710.497721755349	1481.2654571217138	9911.095829729824	1307.4785375052616	1307.2325848929293	5090.757967147277	3660.742464159773	8055.42078545187	657535.4251046552	6108.322189105669	6600.387608716582	3526.025022965715	1904.900474099293	1916.272021644344
231.17036_1.502	2775.265802018509	885.3323330521088	513.3169953380941	1976.396571395664	2322.321439829608	2728.63134180337	3344.2000848116913	4620.425562025542	1154.6823359842506	1158.057099858931	801.2626970013835	1678.8093574247116	4583.660191063855	6464.146928101407	297.5553730664309	416.5145862713752	1910.3321352887222	7915.253948115805	6522.4504428492555	698.7030283073287	1425.518114014635	4871.519538120549	2611.600716948793	1738.4671030015365	5942.389416205079	1541.628391137127	3202.294232363224	1571.6813353634373	760.5185927522496	1728.5427097020167	2321.6256967310196	13500.524235300136	9946.418657869528	0	1344.3879753513354	3243.2681562380626	22921.10037099437	7726.987848395151	1093.5562699489712	1180.8064029365496	2150.807242705824	2419.7620788265353	825.5889518312445	5561.822756816512	1671.5277992603128	5271.5124652929	919.8862809248941	1175.8466264385931	1009.1247022201243	1866.2626527869884	8859.869429386203	1794475.0629997847	1309.2832402446177	2825.326895766859	5184.281843218161	1499.6644465619443	3266.9504182769
231.17038_1.597	3896.0783812684863	1167.0205845490048	867.1520072164292	3315.8277707962925	680.874642205816	3447.780003240079	3737.1999992819974	6200.125302345605	906.9270886231564	1378.9270282556133	465.4513898969742	1824.1297146325483	4595.025191587264	13237.052132799696	403.67517417474005	309.27734406948946	2394.4680729776956	9207.818946361194	6535.4611012967825	1018.3034814968836	2165.9567082458325	11829.298936890296	2344.6423990521357	2084.3776558696045	7881.124742862321	1907.3602270835247	4940.40649799442	3457.056102144368	831.2086927455052	2177.722622218536	2349.516340483037	16497.860245301596	14624.43728612201	267.22651775640026	1617.9096335317822	3225.8869375942454	24999.9379670038	7204.937420507474	751.038493891538	1733.4104600476608	2167.970465049201	2586.852552297432	3586.7641122900404	7119.72953303444	7718.52234434661	7358.755080611492	1871.507662235176	1504.589261652275	3328.4865894944464	2870.6354075811455	12056.410737029271	4167568.3891864093	2027.0962604817641	2806.914866260625	6679.757674770052	5878.78582740768	3692.4383566608017
231.17056_1.42	553.3005930092189	0	0	779.1411341728297	515.2375636946721	997.036767405692	1226.6511296183696	1746.4531461131558	193.21997261862168	29.832295090644937	81.98004786116611	370.4127059420615	1551.913434214685	523.3878045221522	75.35653459601252	65.15662980630852	374.89428944362794	4928.2214015788695	2094.4284502374016	133.07816235699707	187.24112052370737	1466.5880499020732	382.1529856694651	67.95415138085025	1945.902111073996	1464.9809852713925	1777.673011537749	564.7641932710558	134.4615667524124	61.973095670972974	252.8002771901329	7074.3864899352475	4167.34924758749	0	0	633.3613949520773	6846.951316381066	3876.206208890949	19.43299133208494	254.307619410864	277.7654362172478	352.54744126028294	309.309979904247	1885.1962868435592	2483.482132371146	1131.8653947046632	192.27382612210232	60.184813770939996	864.2588377991432	439.23825686278747	4056.084875874765	854087.9267153463	335.45138261200555	999.7879073115365	2430.880776633717	749.559827144945	373.76891536668774
235.06615_1.736	24011.970482039254	32124.35243304909	75784.73696231184	23062.714092943464	256348.3132743363	7346.341212990199	40627.878046698956	26283.04957086896	13164.591142956377	9205.489206351422	12243.500284913964	17197.510515310238	31479.740801030744	47275.57033647207	3910.6130232883966	46086.698498279664	23238.852973046218	820.4242388785432	347.9043649751926	18933.792196853257	20145.604700094733	199200.13128264953	26732.50780949332	13773.94198556025	88617.83037951603	27573.150069300515	23065.636193675506	88232.0951467954	14263.617033266224	78424.18476469695	30887.09585453663	34680.03092152983	9786.807089897247	6230.059565631798	14968.779305211543	21186.502789957984	1808.586553773838	268.5122034625285	23113.409478327423	52634.87280911689	56658.49674789654	5825.2754836275235	1777.117240855012	49501.95888895301	238506.0774349099	40773.6360246865	34723.60303482256	21086.552217654687	42793.2322141906	10900.321643459092	39710.785426332906	609.850423552854	25960.821007428538	82199.76108222787	15666.77842397015	423.03696245301865	178.91788683236464
237.08733_1.469	1440.4750674212382	2473.9520627595593	1652.9115524336894	1203.6451786841728	6383.833541815377	788.0025747040262	1307.0252891621217	1463.2492902495753	5039.99870356324	922.7323749361074	5209.32477345088	1300.7815208784216	621.8515841628216	1189.6933984749908	737.0295766010391	5086.611788893224	1097.6357398269977	609.9177139984865	930.353832583899	2874.712226526704	7020.366381157072	3967.7112056280293	1195.1681800996664	758.2699926434805	509.00008646885624	2463.0816146848915	1045.5595778501752	4480.841005153757	1495.052413573977	2802.128527097639	1762.988336671939	283.2202207334045	1777.386944355332	1373.5369850045774	2737.355295078895	1119.2037693203772	871.3381339498312	896.0859045126954	1478.8495324471376	3125.9688452732157	1674.4131828332147	3087.859185044878	3897.892271046205	2102.6870410765537	1410.7925133142646	2635.8215876458335	1956.209960608352	2128.1708763664014	4178.327555492297	2517.218853460621	2550.2412426024885	37171.817175375305	2450.7895900989993	2409.323448868376	1072.136257791635	2148.058380200963	1227.0314682920016
237.12331_1.679	401.1388050639382	50.20857477762725	64.70639181632713	1154.1905770093947	86.14412533837907	1624.9015980260838	279.66582929969104	1319.12931529365	58.10497332251248	98.0939139941501	58.39144918413246	1092.5110698699582	2543.1568536836503	2781.993749914053	0	0	595.2812620816785	8802.324892840166	4501.7863491666	0	59.81288428988969	2118.9363420401805	663.6151268193992	65.11769923617886	3070.7725129408427	576.3947665254622	2815.925752286138	47.333028534354035	32.53836424683265	37.152137328024104	309.7578727217595	6435.028382230563	6427.264606944453	0	146.3297439464489	1264.4368212542947	15332.197856398283	4004.470402153382	47.2466889071971	92.26484763053091	188.14140053384605	768.1852616338568	685.6454349900793	2313.947741352381	676.3270159988472	2317.118958508156	0	0	378.7232602978668	771.488898134595	3846.112784565867	864791.7841548665	40.40121309485962	442.98288793357324	4409.43709575837	4787.291794977695	2961.2758747168327
237.12344_1.422	223.36617160545785	117.36606283532828	54.365272572326596	649.0607202313843	441.60729150866376	1283.214597483801	1230.1806614969391	1958.7759609863683	138.78553732261565	104.14815957317495	56.11196423863827	675.5690298740949	1856.0189733204534	1612.788245075093	0	114.19496744899352	278.35856211651696	3696.3073266467795	2530.703939653349	38.275753434010795	375.1158521098075	49.56659413187922	800.4752816133695	545.8862794170374	2100.397506807892	812.8905338132623	1870.9456892544329	162.91827310022538	88.6196381958025	66.51303134232703	850.3350193243583	5760.832089611214	3243.215738006071	0	122.55914798658907	778.8304445006527	9177.088435309228	2062.2266636896675	246.4439993036911	101.2438182475432	419.0225868704704	837.9141062709357	59.330133594472	2007.9759029474703	2317.1745277473306	2262.6870949007125	163.3869148121358	0	774.27123157747906	578.3101360506575	2748.1298168694593	97394.59528516012	167.4499778408422	172.62019546566344	1974.1569171986275	1983.5653070357946	1694.1004062492111
237.15381_6.529	4173.32	1854.58	1130.12	763	41.76	437.7366666666667	1134.08	28.86	2394.5	1631.72	971.82	1431.97	151.3	13.6	2837.36	5124.1	933.09	254.07333333333332	1534.94	1134.6	1065.78	182.32	1476.28	4291.78	7.73	1949.66	288.17	113.74	2170.28	2105.2	1640.73	750.2433333333333	767.34	1087.82	7327.28	1758.33	465.93703703703704	488.86	4112.72	3568.3	1342.52	727.9	5618.34	623.38	974.8	390.37	3823.54	7093.86	1091.84	3213.53	1084.46	212.04	1954.7	833	3170.24	443.77	4140.84
131.129321867251_0.72	1950.6	2473.22	3325.06	13333.07	4038.04	18530.166666666668	13595.56	5384.27	0	389.74	0	22444.61	10275.546666666667	10765.23	4983.14	2426.42	657.46	875.2266666666667	0	1618.96	0	0	24352.36	4409.44	32125.81	2923.12	45428.7	561.16	572.76	2074.92	15700.24	15546.78	2949.6	0	1497.74	699.69	406.56296296296296	0	14536.64	10024.04	3038.2	25610.54	6707.8	4444.93	6747.54	56967.92	0	7453	4420.62	25803.59	12823.38	14222.55	3056.52	7736.06	0	0	0
124.039635379757_0.91625	28195.940488691394	24604.06337617053	36714.82643873827	40080.20717670973	14049.152320321391	94242.72967870765	44099.58743880975	61093.48081593404	20144.361274541283	43339.87857836053	24396.37623901959	33161.25123806196	84620.19638998609	56988.65581193394	39570.000429095315	17592.64093940436	324019.3830247644	126842.90103758879	217907.53577568888	5035.175537740155	2354.771007837086	478.0819164258778	1222.8931069549812	7564.947277587133	2711.904884533792	5193.372580333019	4743.442778691093	14030.976847888962	25825.103187237353	21448.541816002144	42901.26233024267	139233.22666733278	94973.66835115544	79873.65863488035	19776.016670530516	83775.63997142919	9549.059136746659	140868.00048793378	5726.614022080691	42229.59754200402	23950.523432637016	53363.972658120205	40725.1360451187	83885.59288984165	16888.595098826056	123595.72584706878	252654.35655460856	33243.53847413664	14911.383972510204	4375.402917201718	3203.184066361925	54830.00907103356	28400.017457340073	4299.334734281733	6498.6701571567855	135358.92538771837	3700.156551704256
220.118277881502_1.1625	465.1418666149896	1480.8652493198547	1342.4006544643476	630.7826700256817	1569.1344575220792	9875.318942466967	2682.971710328513	1164.2493862605556	790.8703012875244	1144.3586596256625	760.8908337089351	1522.745847740636	7209.451605856384	11776.072269539882	913.4638460443521	823.414691568401	5738.061767289295	114503.9461677667	38382.10473335879	464.2076020741287	679.6008296734914	725.2313412493905	2528.881944656909	1855.0310063850952	3803.359836289465	2797.591777411923	6977.871534222804	831.3494659374785	729.6341306067743	1612.5028344048537	3562.8492675684124	40857.2636530594	29896.772421137674	415.7804534589643	261.84059464267597	11203.64899384573	108633.9081671424	29660.991046779203	2557.192098765185	2236.7789263886352	1217.1700382052172	5792.68854929511	3660.172445725195	2958.929926564512	1998.9062813680937	6354.357363739171	643.4738897903746	615.8566859338839	1486.6318279661139	5292.858234822337	5978.336537194959	10732.095574535773	1386.7397017559426	1952.1124975092991	11895.247572757975	22197.088281385913	28997.724723514508
168.065726565384_0.90875	3308.2268339875286	5035.160154506678	10212.32692620233	16166.506966738449	3594.8184340474227	43693.131942658125	24869.121271123382	36731.62369525095	4085.730557749864	3881.05265425407	3821.5948704780953	14190.034919698712	61072.14228622993	24492.753173822122	3843.63697270228	4454.092433937877	8794.19359708053	59548.000988184125	38446.94781133726	4085.1204570569153	8249.939026035287	12104.777823797638	14712.114947436587	13033.66587057815	18173.509191706704	35345.616096522775	66061.75222875696	2465.075310910858	4476.335605406727	8523.53301857803	29037.205557668385	113025.25353858304	70509.93440329787	3713.943536965687	5633.6550037617535	14543.951809641767	54707.67783246335	37808.756489686966	8574.471731210802	9980.703078464108	20495.37566089589	22609.934808306443	11534.769358930746	57212.412409809716	32246.40185553646	66101.13459146715	10133.547561744015	7910.9082204702545	10204.339602844339	19281.84724431556	54161.608715112045	5588.468483152378	9252.93491386679	13385.72865179611	33725.82745447566	49241.04498876116	30208.617899516164
170.081342694197_0.9175	633.983633715687	757.4207068978576	1340.6240258522894	2447.946321465327	1380.9976705474148	9048.415173550236	4765.970588605927	4968.115770747063	532.214957485283	716.314205622421	1380.263863398627	2047.0472872916432	5206.928131649623	7646.126137422651	912.6356412778786	739.7996152894309	992.690465825592	847.550088592249	1118.9302534329365	485.2895193735651	1390.143502921199	1561.9738054710504	2022.7635774372727	1716.4200025281978	4122.764480377608	4678.976870867518	6913.5453611504745	845.0362504022763	526.3957059518132	1264.9755902882507	2266.0504475801526	6155.686631139707	2354.0490260387405	132.77701394309358	905.0097253084651	1378.054808706461	1523.11268182621	838.6101611962454	1754.0721524907751	3160.2226180307202	2730.8337866772026	2916.24615133037	2790.3317770733556	10788.691129625586	8468.225166557724	10007.088250772073	1240.3382335525569	1096.2597181442932	2252.1780420229184	2770.7825576252358	6215.803095145667	0	1061.794807372785	1014.9058531747789	1319.097971933705	1441.6847715496936	855.1980459901935
385.129584494119_1.0125	1614.44	1418.14	1089.6	4107.57	4488.88	17365.453333333335	2964.78	9433.17	1365.4	603.18	670.2	3622.49	19501.573333333334	5054.84	1199.66	1036.5	1265.61	3431.173333333333	908.44	1627.68	1534.68	1223.84	4943.02	5382.62	13123.38	4235.58	13633.78	1559	976.46	2359.12	4446.27	15382.223333333333	5750.21	207.26	1938.92	2002.85	2285.225925925926	1044.2	2761.38	3077.5	5089.98	8633.85	7140.48	11361.17	4587.52	16038.26	2126	1725.56	4020.66	7532.21	21106.92	92620.07	2343.86	7570.44	2573.36	1169.24	573.37
399.14520071146_0.8025	11720.476773284776	24807.711219096553	20828.89497566793	34859.38437048859	23843.106527165644	101656.46386053199	49835.19785318005	60757.77325948924	10124.628468088384	12455.8008569929	11784.558271173719	30598.047204039987	88541.56623458413	15738.069555326138	12309.714803972724	11341.519158966605	6630.001063502268	13521.018155726653	8879.036298925195	13587.202140682184	23074.553257858443	14097.818893580226	56791.944855137735	42772.58784049058	108644.50224067224	15866.620527189443	119820.246290791	6468.614265759234	14225.558556292259	19360.58108999069	48615.57547308368	64815.32975015757	18525.105369121255	1087.694943950045	15021.644268985345	7809.259441008134	12015.640020962137	16000.165115205255	19400.739294296185	22055.12646203731	36411.089834626546	55725.052988183656	35693.170890870315	75225.59858896723	52856.257262140214	105217.77535940049	13630.651391159547	16395.392474502136	31441.719097660905	41331.77273798227	39582.31650770982	75924.36850619706	22692.815457219785	21090.839560287677	11462.090195738983	6651.775966439279	8209.307258784382
153.040910483217_1.10875	1439.6626062309133	2989.8437126007007	4009.057769288997	2524.0779573254536	18041.222342056823	6879.013462316655	7068.1329172756095	9141.85682896166	5244.403678219242	2622.9731798556795	158.65546099707294	5088.105193010579	14687.91981895543	90427.70543505397	1106.042080893852	4146.904724530985	16073.946695384871	77357.91739242915	64974.616722275976	2536.5881457785104	6577.7448029591715	4110.046320247144	724.2610350977011	5940.182665540233	13822.277925711036	1516.8171702689474	7579.91872440461	17710.102541502933	2397.328271042142	3851.396451320726	2682.2159038500827	40063.17224358957	30273.624434523983	1520.8730587813004	2594.8223663560225	4295.514808726864	37212.12815403751	88661.48539498635	0	0	1430.4801960091468	946.0355872279424	2241.5741562359717	8006.351672929009	22492.26491382611	10261.865166201927	9154.755540024446	524.7308519354349	3692.7314919004607	2609.5111412653323	20925.5064842445	2074.453538565395	4376.5393512258315	7690.967695193674	3618.9899044552985	2030.738270330555	8092.152896082392
