Protein Name,Replicate Name,Precursor Ion Name,Retention Time,Area,Background,Height,Mass Error PPM,Protein
B12,230511_Blk_DOM_blk_T0,Me-B12,7.27,13,0,25,#N/A,B12
B12,230511_Blk_DOM_blk_T48,Me-B12,7.29,15,5,12,#N/A,B12
B12,230511_Blk_Filter_blk_1,Me-B12,7.3,2,8,2,#N/A,B12
B12,230511_Blk_Filter_blk_2,Me-B12,7.3,6,5,10,#N/A,B12
B12,230511_Blk_Media_blk,Me-B12,7.3,4,1,8,#N/A,B12
B12,230511_Poo_TruePooMortality_Full1,Me-B12,7.29,1362,2,658,#N/A,B12
B12,230511_Poo_TruePooMortality_Full2,Me-B12,7.28,10,0,18,#N/A,B12
B12,230511_Poo_TruePooMortality_Full3,Me-B12,7.28,4,5,12,#N/A,B12
B12,230511_Poo_TruePooMortality_Full4,Me-B12,7.29,0,13,2,#N/A,B12
B12,230511_Smp_A_1C_T0,Me-B12,7.33,45,9,22,#N/A,B12
B12,230511_Smp_A_1C_T12,Me-B12,7.26,32,0,15,#N/A,B12
B12,230511_Smp_A_1C_T18,Me-B12,7.28,21,0,15,#N/A,B12
B12,230511_Smp_A_1C_T24,Me-B12,7.3,22,1,14,#N/A,B12
B12,230511_Smp_A_1C_T30,Me-B12,7.31,17,12,16,#N/A,B12
B12,230511_Smp_A_1C_T36,Me-B12,7.26,53,46,58,#N/A,B12
B12,230511_Smp_A_1C_T42,Me-B12,7.28,18,1,19,#N/A,B12
B12,230511_Smp_A_1C_T48,Me-B12,7.31,7,1,14,#N/A,B12
B12,230511_Smp_A_1C_T6,Me-B12,7.31,6,0,7,#N/A,B12
B12,230511_Smp_A_3LV_T0,Me-B12,7.31,19,4,17,#N/A,B12
B12,230511_Smp_A_3LV_T12,Me-B12,7.3,10,6,10,#N/A,B12
B12,230511_Smp_A_3LV_T24,Me-B12,7.3,346,14,449,#N/A,B12
B12,230511_Smp_A_3LV_T36,Me-B12,7.3,6,0,8,#N/A,B12
B12,230511_Smp_A_3LV_T48,Me-B12,7.29,11,2,16,#N/A,B12
B12,230511_Smp_A_4LGV_T0,Me-B12,7.28,22,0,17,#N/A,B12
B12,230511_Smp_A_4LGV_T12,Me-B12,7.32,20,0,15,#N/A,B12
B12,230511_Smp_A_4LGV_T24,Me-B12,7.31,4,12,8,#N/A,B12
B12,230511_Smp_A_4LGV_T36,Me-B12,7.33,46,0,23,#N/A,B12
B12,230511_Smp_A_4LGV_T48,Me-B12,7.26,11,0,12,#N/A,B12
B12,230511_Smp_A_6HV_T0,Me-B12,7.29,30,1,117,#N/A,B12
B12,230511_Smp_A_6HV_T12,Me-B12,7.26,18,22,13,#N/A,B12
B12,230511_Smp_A_6HV_T24,Me-B12,7.29,25,0,22,#N/A,B12
B12,230511_Smp_A_6HV_T36,Me-B12,7.31,16,0,13,#N/A,B12
B12,230511_Smp_A_6HV_T48,Me-B12,7.3,4,12,7,#N/A,B12
B12,230511_Smp_A_8G_T0,Me-B12,7.29,0,15,0,#N/A,B12
B12,230511_Smp_A_8G_T48,Me-B12,7.29,338,21,295,#N/A,B12
B12,230511_Smp_A_9V_T0,Me-B12,7.34,24,0,13,#N/A,B12
B12,230511_Smp_B_1C_T0,Me-B12,7.3,35,4,25,#N/A,B12
B12,230511_Smp_B_1C_T12,Me-B12,7.29,55,0,29,#N/A,B12
B12,230511_Smp_B_1C_T18,Me-B12,7.31,46,0,28,#N/A,B12
B12,230511_Smp_B_1C_T24,Me-B12,7.31,21,5,17,#N/A,B12
B12,230511_Smp_B_1C_T30,Me-B12,7.28,56,1,45,#N/A,B12
B12,230511_Smp_B_1C_T36,Me-B12,7.3,14,26,10,#N/A,B12
B12,230511_Smp_B_1C_T42,Me-B12,7.32,13,3,14,#N/A,B12
B12,230511_Smp_B_1C_T48,Me-B12,7.28,21,0,19,#N/A,B12
B12,230511_Smp_B_1C_T6,Me-B12,7.32,2,12,3,#N/A,B12
B12,230511_Smp_B_3LV_T0,Me-B12,7.33,27,6,25,#N/A,B12
B12,230511_Smp_B_3LV_T12,Me-B12,7.28,2,15,3,#N/A,B12
B12,230511_Smp_B_3LV_T24,Me-B12,7.27,15,12,15,#N/A,B12
B12,230511_Smp_B_3LV_T36,Me-B12,7.31,141,32,199,#N/A,B12
B12,230511_Smp_B_3LV_T48,Me-B12,7.27,16,11,8,#N/A,B12
B12,230511_Smp_B_4LGV_T0,Me-B12,7.32,4,13,6,#N/A,B12
B12,230511_Smp_B_4LGV_T12,Me-B12,7.28,35,0,22,#N/A,B12
B12,230511_Smp_B_4LGV_T24,Me-B12,7.3,8,0,7,#N/A,B12
B12,230511_Smp_B_4LGV_T36,Me-B12,7.28,160,23,317,#N/A,B12
B12,230511_Smp_B_4LGV_T48,Me-B12,7.29,72,1,69,#N/A,B12
B12,230511_Smp_B_6HV_T0,Me-B12,7.33,41,3,22,#N/A,B12
B12,230511_Smp_B_6HV_T12,Me-B12,7.35,11,21,9,#N/A,B12
B12,230511_Smp_B_6HV_T24,Me-B12,7.32,20,1,21,#N/A,B12
B12,230511_Smp_B_6HV_T36,Me-B12,7.32,39,2,39,#N/A,B12
B12,230511_Smp_B_6HV_T48,Me-B12,7.36,20,8,14,#N/A,B12
B12,230511_Smp_C_1C_T0,Me-B12,7.27,86,20,160,#N/A,B12
B12,230511_Smp_C_1C_T12,Me-B12,7.3,76,0,72,#N/A,B12
B12,230511_Smp_C_1C_T18,Me-B12,7.3,29,0,22,#N/A,B12
B12,230511_Smp_C_1C_T24,Me-B12,7.28,125,41,168,#N/A,B12
B12,230511_Smp_C_1C_T30,Me-B12,7.31,8,11,10,#N/A,B12
B12,230511_Smp_C_1C_T36,Me-B12,7.29,33,1,23,#N/A,B12
B12,230511_Smp_C_1C_T42,Me-B12,7.31,17,0,17,#N/A,B12
B12,230511_Smp_C_1C_T48,Me-B12,7.31,33,0,18,#N/A,B12
B12,230511_Smp_C_1C_T6,Me-B12,7.28,6,0,14,#N/A,B12
B12,230511_Smp_C_3LV_T0,Me-B12,7.3,25,0,21,#N/A,B12
B12,230511_Smp_C_3LV_T12,Me-B12,7.27,128,0,181,#N/A,B12
B12,230511_Smp_C_3LV_T24,Me-B12,7.31,57,0,30,#N/A,B12
B12,230511_Smp_C_3LV_T36,Me-B12,7.32,1,4,4,#N/A,B12
B12,230511_Smp_C_3LV_T48,Me-B12,7.25,10,5,11,#N/A,B12
B12,230511_Smp_C_4LGV_T0,Me-B12,7.28,2,30,8,#N/A,B12
B12,230511_Smp_C_4LGV_T12,Me-B12,7.3,41,0,16,#N/A,B12
B12,230511_Smp_C_4LGV_T24,Me-B12,7.28,16,3,13,#N/A,B12
B12,230511_Smp_C_4LGV_T36,Me-B12,7.29,4,19,11,#N/A,B12
B12,230511_Smp_C_4LGV_T48,Me-B12,7.3,3,0,7,#N/A,B12
B12,230511_Smp_C_6HV_T0,Me-B12,7.3,41,0,19,#N/A,B12
B12,230511_Smp_C_6HV_T12,Me-B12,7.32,50,17,32,#N/A,B12
B12,230511_Smp_C_6HV_T24,Me-B12,7.3,61,0,24,#N/A,B12
B12,230511_Smp_C_6HV_T36,Me-B12,7.32,48,0,18,#N/A,B12
B12,230511_Smp_C_6HV_T48,Me-B12,7.31,27,1,26,#N/A,B12
B12,230511_Smp_E_2LG_T0,Me-B12,7.31,22,21,11,#N/A,B12
B12,230511_Smp_E_2LG_T24,Me-B12,7.3,9,0,8,#N/A,B12
B12,230511_Smp_E_2LG_T36,Me-B12,7.32,21,6,19,#N/A,B12
B12,230511_Smp_E_2LG_T48,Me-B12,7.36,20,0,17,#N/A,B12
B12,230511_Smp_E_3LG_T0,Me-B12,7.27,39,0,23,#N/A,B12
B12,230511_Smp_E_3LG_T24,Me-B12,7.3,1,6,1,#N/A,B12
B12,230511_Smp_E_3LG_T36,Me-B12,7.26,24,14,25,#N/A,B12
B12,230511_Smp_E_3LG_T48,Me-B12,7.26,343,19,380,#N/A,B12
B12,230511_Smp_E_4LG_T0,Me-B12,7.28,6,20,11,#N/A,B12
B12,230511_Smp_E_4LG_T24,Me-B12,7.3,20,0,19,#N/A,B12
B12,230511_Smp_E_4LG_T36,Me-B12,7.35,47,1,30,#N/A,B12
B12,230511_Smp_E_4LG_T48,Me-B12,7.32,37,0,24,#N/A,B12
B12,230511_Smp_E_8G_T48,Me-B12,7.31,12,1,7,#N/A,B12
B12,230511_Std_10nM_B12s_1,Me-B12,7.27,14345531,109079,5349275,#N/A,B12
B12,230511_Std_10nM_B12s_2,Me-B12,7.27,16618850,268796,6073176,#N/A,B12
B12,230511_Std_1nM_B12s_1,Me-B12,7.27,733702,102,283649,#N/A,B12
B12,230511_Std_1nM_B12s_2,Me-B12,7.27,847614,13654,326704,#N/A,B12
B12,230511_Std_20nM_B12s_1,Me-B12,7.27,24784634,378398,9019660,#N/A,B12
B12,230511_Std_20nM_B12s_2,Me-B12,7.27,27017504,435547,9979211,#N/A,B12
B12,230511_Std_5nM_B12s_1,Me-B12,7.26,6345480,37145,2362644,#N/A,B12
B12,230511_Std_5nM_B12s_2,Me-B12,7.27,7774670,90989,2851773,#N/A,B12
B12,230511_Std_OnM_B12s_1,Me-B12,7.35,37,29,25,#N/A,B12
B12,230511_Std_OnM_B12s_2,Me-B12,7.28,10,8,6,#N/A,B12
B12,230511_Blk_DOM_blk_T0,Me-B12,7.29,301,0,463,#N/A,B12
B12,230511_Blk_DOM_blk_T48,Me-B12,7.28,16,19,14,#N/A,B12
B12,230511_Blk_Filter_blk_1,Me-B12,7.29,192,0,291,#N/A,B12
B12,230511_Blk_Filter_blk_2,Me-B12,7.29,174,5,207,#N/A,B12
B12,230511_Blk_Media_blk,Me-B12,7.28,263,0,404,#N/A,B12
B12,230511_Poo_TruePooMortality_Full1,Me-B12,7.29,2520,166,720,#N/A,B12
B12,230511_Poo_TruePooMortality_Full2,Me-B12,7.29,100,2,185,#N/A,B12
B12,230511_Poo_TruePooMortality_Full3,Me-B12,7.29,352,0,464,#N/A,B12
B12,230511_Poo_TruePooMortality_Full4,Me-B12,7.3,108,5,181,#N/A,B12
B12,230511_Smp_A_1C_T0,Me-B12,7.3,135,51,121,#N/A,B12
B12,230511_Smp_A_1C_T12,Me-B12,7.24,175,19,240,#N/A,B12
B12,230511_Smp_A_1C_T18,Me-B12,7.31,49,44,140,#N/A,B12
B12,230511_Smp_A_1C_T24,Me-B12,7.3,355,28,275,#N/A,B12
B12,230511_Smp_A_1C_T30,Me-B12,7.32,161,27,221,#N/A,B12
B12,230511_Smp_A_1C_T36,Me-B12,7.27,4948,1183,1832,#N/A,B12
B12,230511_Smp_A_1C_T42,Me-B12,7.29,781,1,773,#N/A,B12
B12,230511_Smp_A_1C_T48,Me-B12,7.3,701,8,673,#N/A,B12
B12,230511_Smp_A_1C_T6,Me-B12,7.31,2,5,3,#N/A,B12
B12,230511_Smp_A_3LV_T0,Me-B12,7.32,292,11,371,#N/A,B12
B12,230511_Smp_A_3LV_T12,Me-B12,7.31,464,9,739,#N/A,B12
B12,230511_Smp_A_3LV_T24,Me-B12,7.29,942,40,592,#N/A,B12
B12,230511_Smp_A_3LV_T36,Me-B12,7.28,66,42,358,#N/A,B12
B12,230511_Smp_A_3LV_T48,Me-B12,7.29,77,0,138,#N/A,B12
B12,230511_Smp_A_4LGV_T0,Me-B12,7.31,186,32,287,#N/A,B12
B12,230511_Smp_A_4LGV_T12,Me-B12,7.31,434,6,290,#N/A,B12
B12,230511_Smp_A_4LGV_T24,Me-B12,7.31,260,0,266,#N/A,B12
B12,230511_Smp_A_4LGV_T36,Me-B12,7.32,3537,254,1836,#N/A,B12
B12,230511_Smp_A_4LGV_T48,Me-B12,7.25,1858,193,1050,#N/A,B12
B12,230511_Smp_A_6HV_T0,Me-B12,7.3,504,27,574,#N/A,B12
B12,230511_Smp_A_6HV_T12,Me-B12,7.25,1176,17,874,#N/A,B12
B12,230511_Smp_A_6HV_T24,Me-B12,7.3,111,114,152,#N/A,B12
B12,230511_Smp_A_6HV_T36,Me-B12,7.3,1195,1696,833,#N/A,B12
B12,230511_Smp_A_6HV_T48,Me-B12,7.29,17,0,21,#N/A,B12
B12,230511_Smp_A_8G_T0,Me-B12,7.31,334,0,339,#N/A,B12
B12,230511_Smp_A_8G_T48,Me-B12,7.29,321,19,450,#N/A,B12
B12,230511_Smp_A_9V_T0,Me-B12,7.31,157,147,223,#N/A,B12
B12,230511_Smp_B_1C_T0,Me-B12,7.31,388,0,467,#N/A,B12
B12,230511_Smp_B_1C_T12,Me-B12,7.29,66,24,90,#N/A,B12
B12,230511_Smp_B_1C_T18,Me-B12,7.32,135,116,225,#N/A,B12
B12,230511_Smp_B_1C_T24,Me-B12,7.33,110,30,94,#N/A,B12
B12,230511_Smp_B_1C_T30,Me-B12,7.25,357,0,275,#N/A,B12
B12,230511_Smp_B_1C_T36,Me-B12,7.31,1769,3234,1927,#N/A,B12
B12,230511_Smp_B_1C_T42,Me-B12,7.32,555,26,613,#N/A,B12
B12,230511_Smp_B_1C_T48,Me-B12,7.28,633,222,564,#N/A,B12
B12,230511_Smp_B_1C_T6,Me-B12,7.3,433,13,368,#N/A,B12
B12,230511_Smp_B_3LV_T0,Me-B12,7.33,427,46,434,#N/A,B12
B12,230511_Smp_B_3LV_T12,Me-B12,7.3,332,18,319,#N/A,B12
B12,230511_Smp_B_3LV_T24,Me-B12,7.29,386,1,314,#N/A,B12
B12,230511_Smp_B_3LV_T36,Me-B12,7.31,2018,1133,1316,#N/A,B12
B12,230511_Smp_B_3LV_T48,Me-B12,7.3,1384,105,893,#N/A,B12
B12,230511_Smp_B_4LGV_T0,Me-B12,7.32,401,7,460,#N/A,B12
B12,230511_Smp_B_4LGV_T12,Me-B12,7.32,58,7,46,#N/A,B12
B12,230511_Smp_B_4LGV_T24,Me-B12,7.29,12,0,10,#N/A,B12
B12,230511_Smp_B_4LGV_T36,Me-B12,7.29,456,66,365,#N/A,B12
B12,230511_Smp_B_4LGV_T48,Me-B12,7.31,1946,919,1330,#N/A,B12
B12,230511_Smp_B_6HV_T0,Me-B12,7.3,44,15,73,#N/A,B12
B12,230511_Smp_B_6HV_T12,Me-B12,7.35,301,29,270,#N/A,B12
B12,230511_Smp_B_6HV_T24,Me-B12,7.31,227,20,311,#N/A,B12
B12,230511_Smp_B_6HV_T36,Me-B12,7.3,70,11,94,#N/A,B12
B12,230511_Smp_B_6HV_T48,Me-B12,7.31,410,17,285,#N/A,B12
B12,230511_Smp_C_1C_T0,Me-B12,7.27,254,3,435,#N/A,B12
B12,230511_Smp_C_1C_T12,Me-B12,7.35,1085,18,832,#N/A,B12
B12,230511_Smp_C_1C_T18,Me-B12,7.29,141,13,348,#N/A,B12
B12,230511_Smp_C_1C_T24,Me-B12,7.3,1174,29,635,#N/A,B12
B12,230511_Smp_C_1C_T30,Me-B12,7.31,1269,88,943,#N/A,B12
B12,230511_Smp_C_1C_T36,Me-B12,7.3,938,26,633,#N/A,B12
B12,230511_Smp_C_1C_T42,Me-B12,7.31,284,25,355,#N/A,B12
B12,230511_Smp_C_1C_T48,Me-B12,7.32,602,1638,910,#N/A,B12
B12,230511_Smp_C_1C_T6,Me-B12,7.29,435,0,645,#N/A,B12
B12,230511_Smp_C_3LV_T0,Me-B12,7.29,1,16,6,#N/A,B12
B12,230511_Smp_C_3LV_T12,Me-B12,7.28,1501,30,1016,#N/A,B12
B12,230511_Smp_C_3LV_T24,Me-B12,7.34,57,351,83,#N/A,B12
B12,230511_Smp_C_3LV_T36,Me-B12,7.31,221,11,316,#N/A,B12
B12,230511_Smp_C_3LV_T48,Me-B12,7.27,3569,57,1789,#N/A,B12
B12,230511_Smp_C_4LGV_T0,Me-B12,7.29,190,0,313,#N/A,B12
B12,230511_Smp_C_4LGV_T12,Me-B12,7.29,423,64,514,#N/A,B12
B12,230511_Smp_C_4LGV_T24,Me-B12,7.33,585,58,302,#N/A,B12
B12,230511_Smp_C_4LGV_T36,Me-B12,7.29,1071,123,995,#N/A,B12
B12,230511_Smp_C_4LGV_T48,Me-B12,7.29,402,162,372,#N/A,B12
B12,230511_Smp_C_6HV_T0,Me-B12,7.27,94,6,104,#N/A,B12
B12,230511_Smp_C_6HV_T12,Me-B12,7.3,742,0,707,#N/A,B12
B12,230511_Smp_C_6HV_T24,Me-B12,7.37,214,9,218,#N/A,B12
B12,230511_Smp_C_6HV_T36,Me-B12,7.32,270,4,221,#N/A,B12
B12,230511_Smp_C_6HV_T48,Me-B12,7.29,83,64,138,#N/A,B12
B12,230511_Smp_E_2LG_T0,Me-B12,7.27,99,41,80,#N/A,B12
B12,230511_Smp_E_2LG_T24,Me-B12,7.29,44,12,90,#N/A,B12
B12,230511_Smp_E_2LG_T36,Me-B12,7.3,477,27,593,#N/A,B12
B12,230511_Smp_E_2LG_T48,Me-B12,7.32,1666,28,992,#N/A,B12
B12,230511_Smp_E_3LG_T0,Me-B12,7.27,711,0,441,#N/A,B12
B12,230511_Smp_E_3LG_T24,Me-B12,7.3,476,1,801,#N/A,B12
B12,230511_Smp_E_3LG_T36,Me-B12,7.3,280,0,252,#N/A,B12
B12,230511_Smp_E_3LG_T48,Me-B12,7.27,1827,414,1246,#N/A,B12
B12,230511_Smp_E_4LG_T0,Me-B12,7.29,432,2,310,#N/A,B12
B12,230511_Smp_E_4LG_T24,Me-B12,7.28,28,0,54,#N/A,B12
B12,230511_Smp_E_4LG_T36,Me-B12,7.34,524,5,331,#N/A,B12
B12,230511_Smp_E_4LG_T48,Me-B12,7.29,90,47,137,#N/A,B12
B12,230511_Smp_E_8G_T48,Me-B12,7.29,124,112,515,#N/A,B12
B12,230511_Std_10nM_B12s_1,Me-B12,7.27,19607538,173180,7165838,#N/A,B12
B12,230511_Std_10nM_B12s_2,Me-B12,7.27,21697172,269664,7879743,#N/A,B12
B12,230511_Std_1nM_B12s_1,Me-B12,7.26,1000952,13059,357564,#N/A,B12
B12,230511_Std_1nM_B12s_2,Me-B12,7.27,1104033,13582,396631,#N/A,B12
B12,230511_Std_20nM_B12s_1,Me-B12,7.27,33396786,500442,12494689,#N/A,B12
B12,230511_Std_20nM_B12s_2,Me-B12,7.27,35382840,497501,12849514,#N/A,B12
B12,230511_Std_5nM_B12s_1,Me-B12,7.27,8588534,82363,3212498,#N/A,B12
B12,230511_Std_5nM_B12s_2,Me-B12,7.27,10022567,156503,3659526,#N/A,B12
B12,230511_Std_OnM_B12s_1,Me-B12,7.3,1308,105,970,#N/A,B12
B12,230511_Std_OnM_B12s_2,Me-B12,7.31,656,0,664,#N/A,B12
B12,230511_Blk_DOM_blk_T0,Ado-B12,6.21,253,0,247,#N/A,B12
B12,230511_Blk_DOM_blk_T48,Ado-B12,6.18,32,18,19,#N/A,B12
B12,230511_Blk_Filter_blk_1,Ado-B12,6.26,454,0,556,#N/A,B12
B12,230511_Blk_Filter_blk_2,Ado-B12,6.28,282,0,316,#N/A,B12
B12,230511_Blk_Media_blk,Ado-B12,6.21,13,12,11,#N/A,B12
B12,230511_Poo_TruePooMortality_Full1,Ado-B12,6.18,5378,23,3758,#N/A,B12
B12,230511_Poo_TruePooMortality_Full2,Ado-B12,6.17,3529,34,2449,#N/A,B12
B12,230511_Poo_TruePooMortality_Full3,Ado-B12,6.18,3892,91,2083,#N/A,B12
B12,230511_Poo_TruePooMortality_Full4,Ado-B12,6.16,308,11,428,#N/A,B12
B12,230511_Smp_A_1C_T0,Ado-B12,6.2,84,0,134,#N/A,B12
B12,230511_Smp_A_1C_T12,Ado-B12,6.17,95,0,53,#N/A,B12
B12,230511_Smp_A_1C_T18,Ado-B12,6.17,130,0,167,#N/A,B12
B12,230511_Smp_A_1C_T24,Ado-B12,6.16,1645,0,941,#N/A,B12
B12,230511_Smp_A_1C_T30,Ado-B12,6.18,259,0,242,#N/A,B12
B12,230511_Smp_A_1C_T36,Ado-B12,6.17,38414,86,13126,#N/A,B12
B12,230511_Smp_A_1C_T42,Ado-B12,6.21,104,0,182,#N/A,B12
B12,230511_Smp_A_1C_T48,Ado-B12,6.17,86,0,161,#N/A,B12
B12,230511_Smp_A_1C_T6,Ado-B12,6.23,10,15,13,#N/A,B12
B12,230511_Smp_A_3LV_T0,Ado-B12,6.18,147,0,165,#N/A,B12
B12,230511_Smp_A_3LV_T12,Ado-B12,6.21,132,0,296,#N/A,B12
B12,230511_Smp_A_3LV_T24,Ado-B12,6.18,3345,24,2063,#N/A,B12
B12,230511_Smp_A_3LV_T36,Ado-B12,6.19,11502,56,6264,#N/A,B12
B12,230511_Smp_A_3LV_T48,Ado-B12,6.22,119,16,191,#N/A,B12
B12,230511_Smp_A_4LGV_T0,Ado-B12,6.17,357,35,281,#N/A,B12
B12,230511_Smp_A_4LGV_T12,Ado-B12,6.18,2409,52,1364,#N/A,B12
B12,230511_Smp_A_4LGV_T24,Ado-B12,6.17,133,0,242,#N/A,B12
B12,230511_Smp_A_4LGV_T36,Ado-B12,6.18,10477,295,4533,#N/A,B12
B12,230511_Smp_A_4LGV_T48,Ado-B12,6.18,28478,62,12573,#N/A,B12
B12,230511_Smp_A_6HV_T0,Ado-B12,6.15,946,31,459,#N/A,B12
B12,230511_Smp_A_6HV_T12,Ado-B12,6.23,248,23,390,#N/A,B12
B12,230511_Smp_A_6HV_T24,Ado-B12,6.15,4665,30,2645,#N/A,B12
B12,230511_Smp_A_6HV_T36,Ado-B12,6.19,14923,105,7585,#N/A,B12
B12,230511_Smp_A_6HV_T48,Ado-B12,6.19,2122,26,1632,#N/A,B12
B12,230511_Smp_A_8G_T0,Ado-B12,6.2,26,0,34,#N/A,B12
B12,230511_Smp_A_8G_T48,Ado-B12,6.18,41127,40,17331,#N/A,B12
B12,230511_Smp_A_9V_T0,Ado-B12,6.17,125,33,133,#N/A,B12
B12,230511_Smp_B_1C_T0,Ado-B12,6.24,98,36,109,#N/A,B12
B12,230511_Smp_B_1C_T12,Ado-B12,6.2,40,0,62,#N/A,B12
B12,230511_Smp_B_1C_T18,Ado-B12,6.14,235,25,263,#N/A,B12
B12,230511_Smp_B_1C_T24,Ado-B12,6.19,463,29,809,#N/A,B12
B12,230511_Smp_B_1C_T30,Ado-B12,6.18,895,19,861,#N/A,B12
B12,230511_Smp_B_1C_T36,Ado-B12,6.18,18922,100,6895,#N/A,B12
B12,230511_Smp_B_1C_T42,Ado-B12,6.21,209,11,285,#N/A,B12
B12,230511_Smp_B_1C_T48,Ado-B12,6.21,200,12,393,#N/A,B12
B12,230511_Smp_B_1C_T6,Ado-B12,6.18,129,59,161,#N/A,B12
B12,230511_Smp_B_3LV_T0,Ado-B12,6.21,193,14,238,#N/A,B12
B12,230511_Smp_B_3LV_T12,Ado-B12,6.18,87,8,223,#N/A,B12
B12,230511_Smp_B_3LV_T24,Ado-B12,6.2,214,0,266,#N/A,B12
B12,230511_Smp_B_3LV_T36,Ado-B12,6.17,25083,496,12438,#N/A,B12
B12,230511_Smp_B_3LV_T48,Ado-B12,6.17,6886,53,2889,#N/A,B12
B12,230511_Smp_B_4LGV_T0,Ado-B12,6.19,27,24,117,#N/A,B12
B12,230511_Smp_B_4LGV_T12,Ado-B12,6.23,205,0,224,#N/A,B12
B12,230511_Smp_B_4LGV_T24,Ado-B12,6.15,28,15,11,#N/A,B12
B12,230511_Smp_B_4LGV_T36,Ado-B12,6.18,2736,3,2966,#N/A,B12
B12,230511_Smp_B_4LGV_T48,Ado-B12,6.17,13487,10,7592,#N/A,B12
B12,230511_Smp_B_6HV_T0,Ado-B12,6.19,223,16,274,#N/A,B12
B12,230511_Smp_B_6HV_T12,Ado-B12,6.16,243,0,185,#N/A,B12
B12,230511_Smp_B_6HV_T24,Ado-B12,6.19,1586,0,1254,#N/A,B12
B12,230511_Smp_B_6HV_T36,Ado-B12,6.17,8743,58,3078,#N/A,B12
B12,230511_Smp_B_6HV_T48,Ado-B12,6.21,239,0,350,#N/A,B12
B12,230511_Smp_C_1C_T0,Ado-B12,6.17,161,30,208,#N/A,B12
B12,230511_Smp_C_1C_T12,Ado-B12,6.21,573,0,828,#N/A,B12
B12,230511_Smp_C_1C_T18,Ado-B12,6.16,292,23,422,#N/A,B12
B12,230511_Smp_C_1C_T24,Ado-B12,6.2,112,0,177,#N/A,B12
B12,230511_Smp_C_1C_T30,Ado-B12,6.16,1253,0,972,#N/A,B12
B12,230511_Smp_C_1C_T36,Ado-B12,6.18,2327,48,1486,#N/A,B12
B12,230511_Smp_C_1C_T42,Ado-B12,6.19,119,9,206,#N/A,B12
B12,230511_Smp_C_1C_T48,Ado-B12,6.2,1233,42,778,#N/A,B12
B12,230511_Smp_C_1C_T6,Ado-B12,6.2,1237,42,1190,#N/A,B12
B12,230511_Smp_C_3LV_T0,Ado-B12,6.19,266,25,320,#N/A,B12
B12,230511_Smp_C_3LV_T12,Ado-B12,6.26,195,34,189,#N/A,B12
B12,230511_Smp_C_3LV_T24,Ado-B12,6.18,3074,0,1755,#N/A,B12
B12,230511_Smp_C_3LV_T36,Ado-B12,6.18,11124,72,6458,#N/A,B12
B12,230511_Smp_C_3LV_T48,Ado-B12,6.18,2032,78,1531,#N/A,B12
B12,230511_Smp_C_4LGV_T0,Ado-B12,6.2,157,15,258,#N/A,B12
B12,230511_Smp_C_4LGV_T12,Ado-B12,6.16,423,3,461,#N/A,B12
B12,230511_Smp_C_4LGV_T24,Ado-B12,6.23,408,0,271,#N/A,B12
B12,230511_Smp_C_4LGV_T36,Ado-B12,6.16,4103,0,2161,#N/A,B12
B12,230511_Smp_C_4LGV_T48,Ado-B12,6.19,1684,49,1413,#N/A,B12
B12,230511_Smp_C_6HV_T0,Ado-B12,6.22,47,19,80,#N/A,B12
B12,230511_Smp_C_6HV_T12,Ado-B12,6.19,283,0,390,#N/A,B12
B12,230511_Smp_C_6HV_T24,Ado-B12,6.12,466,8,176,#N/A,B12
B12,230511_Smp_C_6HV_T36,Ado-B12,6.2,143,155,197,#N/A,B12
B12,230511_Smp_C_6HV_T48,Ado-B12,6.18,1496,97,776,#N/A,B12
B12,230511_Smp_E_2LG_T0,Ado-B12,6.16,25,7,23,#N/A,B12
B12,230511_Smp_E_2LG_T24,Ado-B12,6.21,198,0,393,#N/A,B12
B12,230511_Smp_E_2LG_T36,Ado-B12,6.17,3931,0,1761,#N/A,B12
B12,230511_Smp_E_2LG_T48,Ado-B12,6.19,3087,0,1974,#N/A,B12
B12,230511_Smp_E_3LG_T0,Ado-B12,6.17,434,0,717,#N/A,B12
B12,230511_Smp_E_3LG_T24,Ado-B12,6.19,747,15,920,#N/A,B12
B12,230511_Smp_E_3LG_T36,Ado-B12,6.18,3509,32,1654,#N/A,B12
B12,230511_Smp_E_3LG_T48,Ado-B12,6.17,13454,402,4485,#N/A,B12
B12,230511_Smp_E_4LG_T0,Ado-B12,6.18,1649,37,1393,#N/A,B12
B12,230511_Smp_E_4LG_T24,Ado-B12,6.2,785,34,647,#N/A,B12
B12,230511_Smp_E_4LG_T36,Ado-B12,6.18,3686,85,1329,#N/A,B12
B12,230511_Smp_E_4LG_T48,Ado-B12,6.2,2241,58,951,#N/A,B12
B12,230511_Smp_E_8G_T48,Ado-B12,6.17,1470,0,916,#N/A,B12
B12,230511_Std_10nM_B12s_1,Ado-B12,6.17,9066135,81586,3579608,#N/A,B12
B12,230511_Std_10nM_B12s_2,Ado-B12,6.17,10855102,93311,4021045,#N/A,B12
B12,230511_Std_1nM_B12s_1,Ado-B12,6.17,357818,6799,149970,#N/A,B12
B12,230511_Std_1nM_B12s_2,Ado-B12,6.18,453530,0,184128,#N/A,B12
B12,230511_Std_20nM_B12s_1,Ado-B12,6.17,18106034,245505,6814628,#N/A,B12
B12,230511_Std_20nM_B12s_2,Ado-B12,6.17,20220478,286972,7630279,#N/A,B12
B12,230511_Std_5nM_B12s_1,Ado-B12,6.16,3829444,20523,1538805,#N/A,B12
B12,230511_Std_5nM_B12s_2,Ado-B12,6.18,4882572,62082,1835783,#N/A,B12
B12,230511_Std_OnM_B12s_1,Ado-B12,6.17,4075,94,3168,#N/A,B12
B12,230511_Std_OnM_B12s_2,Ado-B12,6.18,5173,85,2792,#N/A,B12
B12,230511_Blk_DOM_blk_T0,Ado-B12,6.21,247,33,354,#N/A,B12
B12,230511_Blk_DOM_blk_T48,Ado-B12,6.18,102,27,136,#N/A,B12
B12,230511_Blk_Filter_blk_1,Ado-B12,6.23,197,15,112,#N/A,B12
B12,230511_Blk_Filter_blk_2,Ado-B12,6.3,172,9,277,#N/A,B12
B12,230511_Blk_Media_blk,Ado-B12,6.2,344,0,484,#N/A,B12
B12,230511_Poo_TruePooMortality_Full1,Ado-B12,6.16,6636,1652,3961,#N/A,B12
B12,230511_Poo_TruePooMortality_Full2,Ado-B12,6.2,5088,48,2406,#N/A,B12
B12,230511_Poo_TruePooMortality_Full3,Ado-B12,6.18,6838,59,2706,#N/A,B12
B12,230511_Poo_TruePooMortality_Full4,Ado-B12,6.16,268,0,398,#N/A,B12
B12,230511_Smp_A_1C_T0,Ado-B12,6.21,10,0,12,#N/A,B12
B12,230511_Smp_A_1C_T12,Ado-B12,6.2,494,36,480,#N/A,B12
B12,230511_Smp_A_1C_T18,Ado-B12,6.18,302,0,306,#N/A,B12
B12,230511_Smp_A_1C_T24,Ado-B12,6.18,1941,0,1492,#N/A,B12
B12,230511_Smp_A_1C_T30,Ado-B12,6.16,48,80,71,#N/A,B12
B12,230511_Smp_A_1C_T36,Ado-B12,6.18,48103,727,19394,#N/A,B12
B12,230511_Smp_A_1C_T42,Ado-B12,6.18,16,6,79,#N/A,B12
B12,230511_Smp_A_1C_T48,Ado-B12,6.19,829,0,597,#N/A,B12
B12,230511_Smp_A_1C_T6,Ado-B12,6.22,102,6,138,#N/A,B12
B12,230511_Smp_A_3LV_T0,Ado-B12,6.18,209,5,215,#N/A,B12
B12,230511_Smp_A_3LV_T12,Ado-B12,6.23,4,9,8,#N/A,B12
B12,230511_Smp_A_3LV_T24,Ado-B12,6.17,3963,11,1162,#N/A,B12
B12,230511_Smp_A_3LV_T36,Ado-B12,6.18,13086,0,5892,#N/A,B12
B12,230511_Smp_A_3LV_T48,Ado-B12,6.2,28,7,20,#N/A,B12
B12,230511_Smp_A_4LGV_T0,Ado-B12,6.19,1079,28,774,#N/A,B12
B12,230511_Smp_A_4LGV_T12,Ado-B12,6.19,2607,45,1156,#N/A,B12
B12,230511_Smp_A_4LGV_T24,Ado-B12,6.18,279,0,370,#N/A,B12
B12,230511_Smp_A_4LGV_T36,Ado-B12,6.18,18695,492,6741,#N/A,B12
B12,230511_Smp_A_4LGV_T48,Ado-B12,6.17,41632,2634,12791,#N/A,B12
B12,230511_Smp_A_6HV_T0,Ado-B12,6.16,371,2,432,#N/A,B12
B12,230511_Smp_A_6HV_T12,Ado-B12,6.24,146,0,167,#N/A,B12
B12,230511_Smp_A_6HV_T24,Ado-B12,6.17,3408,18,1834,#N/A,B12
B12,230511_Smp_A_6HV_T36,Ado-B12,6.17,18196,216,6465,#N/A,B12
B12,230511_Smp_A_6HV_T48,Ado-B12,6.18,2649,0,1428,#N/A,B12
B12,230511_Smp_A_8G_T0,Ado-B12,6.2,132,14,144,#N/A,B12
B12,230511_Smp_A_8G_T48,Ado-B12,6.18,40974,158,14946,#N/A,B12
B12,230511_Smp_A_9V_T0,Ado-B12,6.18,56,7,78,#N/A,B12
B12,230511_Smp_B_1C_T0,Ado-B12,6.2,280,0,169,#N/A,B12
B12,230511_Smp_B_1C_T12,Ado-B12,6.19,44,14,253,#N/A,B12
B12,230511_Smp_B_1C_T18,Ado-B12,6.17,772,0,588,#N/A,B12
B12,230511_Smp_B_1C_T24,Ado-B12,6.19,861,0,842,#N/A,B12
B12,230511_Smp_B_1C_T30,Ado-B12,6.17,681,272,706,#N/A,B12
B12,230511_Smp_B_1C_T36,Ado-B12,6.16,24944,154,9350,#N/A,B12
B12,230511_Smp_B_1C_T42,Ado-B12,6.2,176,0,168,#N/A,B12
B12,230511_Smp_B_1C_T48,Ado-B12,6.21,643,0,630,#N/A,B12
B12,230511_Smp_B_1C_T6,Ado-B12,6.18,97,41,156,#N/A,B12
B12,230511_Smp_B_3LV_T0,Ado-B12,6.2,283,5,406,#N/A,B12
B12,230511_Smp_B_3LV_T12,Ado-B12,6.16,557,0,477,#N/A,B12
B12,230511_Smp_B_3LV_T24,Ado-B12,6.2,293,27,366,#N/A,B12
B12,230511_Smp_B_3LV_T36,Ado-B12,6.17,27397,1901,10871,#N/A,B12
B12,230511_Smp_B_3LV_T48,Ado-B12,6.18,12175,131,4185,#N/A,B12
B12,230511_Smp_B_4LGV_T0,Ado-B12,6.21,375,0,605,#N/A,B12
B12,230511_Smp_B_4LGV_T12,Ado-B12,6.21,355,29,556,#N/A,B12
B12,230511_Smp_B_4LGV_T24,Ado-B12,6.14,44,0,14,#N/A,B12
B12,230511_Smp_B_4LGV_T36,Ado-B12,6.19,1896,31,823,#N/A,B12
B12,230511_Smp_B_4LGV_T48,Ado-B12,6.17,19503,175,7082,#N/A,B12
B12,230511_Smp_B_6HV_T0,Ado-B12,6.17,360,15,370,#N/A,B12
B12,230511_Smp_B_6HV_T12,Ado-B12,6.17,313,0,306,#N/A,B12
B12,230511_Smp_B_6HV_T24,Ado-B12,6.17,1582,38,1482,#N/A,B12
B12,230511_Smp_B_6HV_T36,Ado-B12,6.16,12883,73,3237,#N/A,B12
B12,230511_Smp_B_6HV_T48,Ado-B12,6.21,123,15,223,#N/A,B12
B12,230511_Smp_C_1C_T0,Ado-B12,6.17,555,26,462,#N/A,B12
B12,230511_Smp_C_1C_T12,Ado-B12,6.2,451,21,1341,#N/A,B12
B12,230511_Smp_C_1C_T18,Ado-B12,6.17,962,0,1006,#N/A,B12
B12,230511_Smp_C_1C_T24,Ado-B12,6.2,679,0,609,#N/A,B12
B12,230511_Smp_C_1C_T30,Ado-B12,6.19,1457,66,1190,#N/A,B12
B12,230511_Smp_C_1C_T36,Ado-B12,6.17,1531,0,869,#N/A,B12
B12,230511_Smp_C_1C_T42,Ado-B12,6.2,206,9,418,#N/A,B12
B12,230511_Smp_C_1C_T48,Ado-B12,6.19,1480,0,566,#N/A,B12
B12,230511_Smp_C_1C_T6,Ado-B12,6.2,934,19,767,#N/A,B12
B12,230511_Smp_C_3LV_T0,Ado-B12,6.18,410,39,490,#N/A,B12
B12,230511_Smp_C_3LV_T12,Ado-B12,6.23,475,24,241,#N/A,B12
B12,230511_Smp_C_3LV_T24,Ado-B12,6.18,3490,0,1136,#N/A,B12
B12,230511_Smp_C_3LV_T36,Ado-B12,6.2,11371,72,5501,#N/A,B12
B12,230511_Smp_C_3LV_T48,Ado-B12,6.17,6343,62,4232,#N/A,B12
B12,230511_Smp_C_4LGV_T0,Ado-B12,6.2,296,0,370,#N/A,B12
B12,230511_Smp_C_4LGV_T12,Ado-B12,6.18,925,4,655,#N/A,B12
B12,230511_Smp_C_4LGV_T24,Ado-B12,6.2,989,0,525,#N/A,B12
B12,230511_Smp_C_4LGV_T36,Ado-B12,6.17,12108,1401,3823,#N/A,B12
B12,230511_Smp_C_4LGV_T48,Ado-B12,6.18,3697,25,2290,#N/A,B12
B12,230511_Smp_C_6HV_T0,Ado-B12,6.22,244,0,441,#N/A,B12
B12,230511_Smp_C_6HV_T12,Ado-B12,6.2,271,10,212,#N/A,B12
B12,230511_Smp_C_6HV_T24,Ado-B12,6.16,718,24,225,#N/A,B12
B12,230511_Smp_C_6HV_T36,Ado-B12,6.2,443,0,497,#N/A,B12
B12,230511_Smp_C_6HV_T48,Ado-B12,6.17,2016,96,1186,#N/A,B12
B12,230511_Smp_E_2LG_T0,Ado-B12,6.18,28,0,15,#N/A,B12
B12,230511_Smp_E_2LG_T24,Ado-B12,6.21,749,0,969,#N/A,B12
B12,230511_Smp_E_2LG_T36,Ado-B12,6.19,10535,1383,4681,#N/A,B12
B12,230511_Smp_E_2LG_T48,Ado-B12,6.2,4080,41,2002,#N/A,B12
B12,230511_Smp_E_3LG_T0,Ado-B12,6.17,167,0,194,#N/A,B12
B12,230511_Smp_E_3LG_T24,Ado-B12,6.18,370,49,577,#N/A,B12
B12,230511_Smp_E_3LG_T36,Ado-B12,6.18,7560,82,2355,#N/A,B12
B12,230511_Smp_E_3LG_T48,Ado-B12,6.18,30709,995,6478,#N/A,B12
B12,230511_Smp_E_4LG_T0,Ado-B12,6.2,395,8,327,#N/A,B12
B12,230511_Smp_E_4LG_T24,Ado-B12,6.19,2570,35,2120,#N/A,B12
B12,230511_Smp_E_4LG_T36,Ado-B12,6.17,6355,195,2285,#N/A,B12
B12,230511_Smp_E_4LG_T48,Ado-B12,6.14,4032,66,1631,#N/A,B12
B12,230511_Smp_E_8G_T48,Ado-B12,6.2,2200,91,1050,#N/A,B12
B12,230511_Std_10nM_B12s_1,Ado-B12,6.17,10513852,75701,4166096,#N/A,B12
B12,230511_Std_10nM_B12s_2,Ado-B12,6.17,12082628,124077,4505352,#N/A,B12
B12,230511_Std_1nM_B12s_1,Ado-B12,6.17,435369,7201,173086,#N/A,B12
B12,230511_Std_1nM_B12s_2,Ado-B12,6.18,491757,3959,196526,#N/A,B12
B12,230511_Std_20nM_B12s_1,Ado-B12,6.17,20888984,249616,7782816,#N/A,B12
B12,230511_Std_20nM_B12s_2,Ado-B12,6.18,22337092,295453,8157837,#N/A,B12
B12,230511_Std_5nM_B12s_1,Ado-B12,6.17,4464864,31615,1812477,#N/A,B12
B12,230511_Std_5nM_B12s_2,Ado-B12,6.18,5412406,44299,2011958,#N/A,B12
B12,230511_Std_OnM_B12s_1,Ado-B12,6.17,9350,137,4751,#N/A,B12
B12,230511_Std_OnM_B12s_2,Ado-B12,6.18,6289,42,2340,#N/A,B12
B12,230511_Blk_DOM_blk_T0,OH-B12,4.49,292,0,468,#N/A,B12
B12,230511_Blk_DOM_blk_T48,OH-B12,4.45,0,0,0,#N/A,B12
B12,230511_Blk_Filter_blk_1,OH-B12,4.5,339,0,776,#N/A,B12
B12,230511_Blk_Filter_blk_2,OH-B12,4.49,40,0,55,#N/A,B12
B12,230511_Blk_Media_blk,OH-B12,4.5,6,14,33,#N/A,B12
B12,230511_Poo_TruePooMortality_Full1,OH-B12,4.37,47953,0,12080,#N/A,B12
B12,230511_Poo_TruePooMortality_Full2,OH-B12,4.36,48209,0,8892,#N/A,B12
B12,230511_Poo_TruePooMortality_Full3,OH-B12,4.37,52008,0,13364,#N/A,B12
B12,230511_Poo_TruePooMortality_Full4,OH-B12,4.37,2803,0,1812,#N/A,B12
B12,230511_Smp_A_1C_T0,OH-B12,4.41,14333,0,3633,#N/A,B12
B12,230511_Smp_A_1C_T12,OH-B12,4.37,14114,0,3107,#N/A,B12
B12,230511_Smp_A_1C_T18,OH-B12,4.35,8202,0,3297,#N/A,B12
B12,230511_Smp_A_1C_T24,OH-B12,4.4,40836,316,9364,#N/A,B12
B12,230511_Smp_A_1C_T30,OH-B12,4.52,10410,345,2255,#N/A,B12
B12,230511_Smp_A_1C_T36,OH-B12,4.35,36836,4324,9763,#N/A,B12
B12,230511_Smp_A_1C_T42,OH-B12,4.43,26702,0,7647,#N/A,B12
B12,230511_Smp_A_1C_T48,OH-B12,4.38,23463,491,4415,#N/A,B12
B12,230511_Smp_A_1C_T6,OH-B12,4.44,10885,0,2856,#N/A,B12
B12,230511_Smp_A_3LV_T0,OH-B12,4.41,7673,0,2301,#N/A,B12
B12,230511_Smp_A_3LV_T12,OH-B12,4.35,2523,6422,1706,#N/A,B12
B12,230511_Smp_A_3LV_T24,OH-B12,4.36,32265,0,5789,#N/A,B12
B12,230511_Smp_A_3LV_T36,OH-B12,4.38,142263,15919,37390,#N/A,B12
B12,230511_Smp_A_3LV_T48,OH-B12,4.4,53958,0,12468,#N/A,B12
B12,230511_Smp_A_4LGV_T0,OH-B12,4.39,12952,0,4257,#N/A,B12
B12,230511_Smp_A_4LGV_T12,OH-B12,4.36,24623,0,4969,#N/A,B12
B12,230511_Smp_A_4LGV_T24,OH-B12,4.42,44687,3630,9441,#N/A,B12
B12,230511_Smp_A_4LGV_T36,OH-B12,4.38,178163,4744,31845,#N/A,B12
B12,230511_Smp_A_4LGV_T48,OH-B12,4.37,135815,22447,23944,#N/A,B12
B12,230511_Smp_A_6HV_T0,OH-B12,4.36,13956,272,4215,#N/A,B12
B12,230511_Smp_A_6HV_T12,OH-B12,4.35,14788,0,3703,#N/A,B12
B12,230511_Smp_A_6HV_T24,OH-B12,4.35,50375,3496,11756,#N/A,B12
B12,230511_Smp_A_6HV_T36,OH-B12,4.38,40737,377,8328,#N/A,B12
B12,230511_Smp_A_6HV_T48,OH-B12,4.41,111968,0,19504,#N/A,B12
B12,230511_Smp_A_8G_T0,OH-B12,4.32,6755,0,2046,#N/A,B12
B12,230511_Smp_A_8G_T48,OH-B12,4.38,457545,0,72848,#N/A,B12
B12,230511_Smp_A_9V_T0,OH-B12,4.58,2144,0,1704,#N/A,B12
B12,230511_Smp_B_1C_T0,OH-B12,4.36,9048,0,3520,#N/A,B12
B12,230511_Smp_B_1C_T12,OH-B12,4.37,13598,238,3572,#N/A,B12
B12,230511_Smp_B_1C_T18,OH-B12,4.33,4748,218,1934,#N/A,B12
B12,230511_Smp_B_1C_T24,OH-B12,4.37,37019,0,6041,#N/A,B12
B12,230511_Smp_B_1C_T30,OH-B12,4.35,18225,0,4853,#N/A,B12
B12,230511_Smp_B_1C_T36,OH-B12,4.36,133211,15937,27963,#N/A,B12
B12,230511_Smp_B_1C_T42,OH-B12,4.36,18644,4106,4921,#N/A,B12
B12,230511_Smp_B_1C_T48,OH-B12,4.37,47305,0,11612,#N/A,B12
B12,230511_Smp_B_1C_T6,OH-B12,4.41,4041,0,1470,#N/A,B12
B12,230511_Smp_B_3LV_T0,OH-B12,4.36,12561,0,3297,#N/A,B12
B12,230511_Smp_B_3LV_T12,OH-B12,4.37,23110,0,5282,#N/A,B12
B12,230511_Smp_B_3LV_T24,OH-B12,4.37,34381,0,8864,#N/A,B12
B12,230511_Smp_B_3LV_T36,OH-B12,4.39,131543,9002,25702,#N/A,B12
B12,230511_Smp_B_3LV_T48,OH-B12,4.39,36939,5807,7563,#N/A,B12
B12,230511_Smp_B_4LGV_T0,OH-B12,4.5,8401,0,2544,#N/A,B12
B12,230511_Smp_B_4LGV_T12,OH-B12,4.39,10495,0,3652,#N/A,B12
B12,230511_Smp_B_4LGV_T24,OH-B12,4.59,72,0,37,#N/A,B12
B12,230511_Smp_B_4LGV_T36,OH-B12,4.36,142164,9746,33647,#N/A,B12
B12,230511_Smp_B_4LGV_T48,OH-B12,4.39,163196,11587,23488,#N/A,B12
B12,230511_Smp_B_6HV_T0,OH-B12,4.37,5582,232,2497,#N/A,B12
B12,230511_Smp_B_6HV_T12,OH-B12,4.37,14283,164,3435,#N/A,B12
B12,230511_Smp_B_6HV_T24,OH-B12,4.39,50859,0,12436,#N/A,B12
B12,230511_Smp_B_6HV_T36,OH-B12,4.42,15991,0,3536,#N/A,B12
B12,230511_Smp_B_6HV_T48,OH-B12,4.37,191960,688,37713,#N/A,B12
B12,230511_Smp_C_1C_T0,OH-B12,4.38,7518,0,3340,#N/A,B12
B12,230511_Smp_C_1C_T12,OH-B12,4.37,10363,0,4103,#N/A,B12
B12,230511_Smp_C_1C_T18,OH-B12,4.39,13351,275,4928,#N/A,B12
B12,230511_Smp_C_1C_T24,OH-B12,4.35,37790,2565,11083,#N/A,B12
B12,230511_Smp_C_1C_T30,OH-B12,4.37,23171,0,11924,#N/A,B12
B12,230511_Smp_C_1C_T36,OH-B12,4.37,24214,70,7371,#N/A,B12
B12,230511_Smp_C_1C_T42,OH-B12,4.51,3849,0,1839,#N/A,B12
B12,230511_Smp_C_1C_T48,OH-B12,4.38,43096,485,7260,#N/A,B12
B12,230511_Smp_C_1C_T6,OH-B12,4.36,11446,0,2371,#N/A,B12
B12,230511_Smp_C_3LV_T0,OH-B12,4.34,6791,188,3532,#N/A,B12
B12,230511_Smp_C_3LV_T12,OH-B12,4.34,24848,0,4929,#N/A,B12
B12,230511_Smp_C_3LV_T24,OH-B12,4.38,25310,0,4806,#N/A,B12
B12,230511_Smp_C_3LV_T36,OH-B12,4.43,18205,3756,4357,#N/A,B12
B12,230511_Smp_C_3LV_T48,OH-B12,4.41,88400,0,18848,#N/A,B12
B12,230511_Smp_C_4LGV_T0,OH-B12,4.38,8953,0,2852,#N/A,B12
B12,230511_Smp_C_4LGV_T12,OH-B12,4.33,12915,0,3780,#N/A,B12
B12,230511_Smp_C_4LGV_T24,OH-B12,4.37,10067,0,3228,#N/A,B12
B12,230511_Smp_C_4LGV_T36,OH-B12,4.38,35649,16372,7839,#N/A,B12
B12,230511_Smp_C_4LGV_T48,OH-B12,4.4,32232,13588,7475,#N/A,B12
B12,230511_Smp_C_6HV_T0,OH-B12,4.37,9905,300,3744,#N/A,B12
B12,230511_Smp_C_6HV_T12,OH-B12,4.37,8840,0,3028,#N/A,B12
B12,230511_Smp_C_6HV_T24,OH-B12,4.33,11840,0,3471,#N/A,B12
B12,230511_Smp_C_6HV_T36,OH-B12,4.39,6991,5692,3603,#N/A,B12
B12,230511_Smp_C_6HV_T48,OH-B12,4.36,56807,0,10488,#N/A,B12
B12,230511_Smp_E_2LG_T0,OH-B12,4.36,6401,0,2918,#N/A,B12
B12,230511_Smp_E_2LG_T24,OH-B12,4.43,25128,369,6147,#N/A,B12
B12,230511_Smp_E_2LG_T36,OH-B12,4.38,23733,398,6059,#N/A,B12
B12,230511_Smp_E_2LG_T48,OH-B12,4.37,46549,887,11174,#N/A,B12
B12,230511_Smp_E_3LG_T0,OH-B12,4.38,18687,0,5839,#N/A,B12
B12,230511_Smp_E_3LG_T24,OH-B12,4.35,13334,0,6553,#N/A,B12
B12,230511_Smp_E_3LG_T36,OH-B12,4.38,10688,0,1906,#N/A,B12
B12,230511_Smp_E_3LG_T48,OH-B12,4.36,38289,35076,12978,#N/A,B12
B12,230511_Smp_E_4LG_T0,OH-B12,4.4,15268,0,3886,#N/A,B12
B12,230511_Smp_E_4LG_T24,OH-B12,4.37,16192,0,4320,#N/A,B12
B12,230511_Smp_E_4LG_T36,OH-B12,4.44,15671,736,3281,#N/A,B12
B12,230511_Smp_E_4LG_T48,OH-B12,4.37,19430,648,4387,#N/A,B12
B12,230511_Smp_E_8G_T48,OH-B12,4.35,133309,0,24800,#N/A,B12
B12,230511_Std_10nM_B12s_1,OH-B12,4.36,1203728,26811,184466,#N/A,B12
B12,230511_Std_10nM_B12s_2,OH-B12,4.38,984082,27849,157217,#N/A,B12
B12,230511_Std_1nM_B12s_1,OH-B12,4.38,115355,17325,22173,#N/A,B12
B12,230511_Std_1nM_B12s_2,OH-B12,4.37,101291,1716,16421,#N/A,B12
B12,230511_Std_20nM_B12s_1,OH-B12,4.35,3026879,106329,500333,#N/A,B12
B12,230511_Std_20nM_B12s_2,OH-B12,4.36,2517843,142353,372997,#N/A,B12
B12,230511_Std_5nM_B12s_1,OH-B12,4.36,535428,58302,95495,#N/A,B12
B12,230511_Std_5nM_B12s_2,OH-B12,4.36,468005,51806,91278,#N/A,B12
B12,230511_Std_OnM_B12s_1,OH-B12,4.34,50456,0,9220,#N/A,B12
B12,230511_Std_OnM_B12s_2,OH-B12,4.38,30584,7612,8881,#N/A,B12
B12,230511_Blk_DOM_blk_T0,OH-B12,4.49,1081,0,1751,#N/A,B12
B12,230511_Blk_DOM_blk_T48,OH-B12,4.47,509,0,957,#N/A,B12
B12,230511_Blk_Filter_blk_1,OH-B12,4.49,0,0,0,#N/A,B12
B12,230511_Blk_Filter_blk_2,OH-B12,4.48,31,0,27,#N/A,B12
B12,230511_Blk_Media_blk,OH-B12,4.51,882,0,1449,#N/A,B12
B12,230511_Poo_TruePooMortality_Full1,OH-B12,4.36,639472,33031,116597,#N/A,B12
B12,230511_Poo_TruePooMortality_Full2,OH-B12,4.4,645429,7241,96855,#N/A,B12
B12,230511_Poo_TruePooMortality_Full3,OH-B12,4.37,593206,473,106499,#N/A,B12
B12,230511_Poo_TruePooMortality_Full4,OH-B12,4.38,1850,1594,1343,#N/A,B12
B12,230511_Smp_A_1C_T0,OH-B12,4.4,146941,0,28524,#N/A,B12
B12,230511_Smp_A_1C_T12,OH-B12,4.4,175954,0,31344,#N/A,B12
B12,230511_Smp_A_1C_T18,OH-B12,4.39,167557,0,35616,#N/A,B12
B12,230511_Smp_A_1C_T24,OH-B12,4.35,616289,364,85564,#N/A,B12
B12,230511_Smp_A_1C_T30,OH-B12,4.4,96403,3757,23535,#N/A,B12
B12,230511_Smp_A_1C_T36,OH-B12,4.37,645437,19440,125367,#N/A,B12
B12,230511_Smp_A_1C_T42,OH-B12,4.37,381268,2811,68798,#N/A,B12
B12,230511_Smp_A_1C_T48,OH-B12,4.39,415343,7318,67155,#N/A,B12
B12,230511_Smp_A_1C_T6,OH-B12,4.4,86283,0,16172,#N/A,B12
B12,230511_Smp_A_3LV_T0,OH-B12,4.38,154213,0,28644,#N/A,B12
B12,230511_Smp_A_3LV_T12,OH-B12,4.39,129354,0,23856,#N/A,B12
B12,230511_Smp_A_3LV_T24,OH-B12,4.37,613249,4078,115378,#N/A,B12
B12,230511_Smp_A_3LV_T36,OH-B12,4.38,2316945,52136,399295,#N/A,B12
B12,230511_Smp_A_3LV_T48,OH-B12,4.39,877632,1493,131878,#N/A,B12
B12,230511_Smp_A_4LGV_T0,OH-B12,4.38,162698,249,28358,#N/A,B12
B12,230511_Smp_A_4LGV_T12,OH-B12,4.38,404710,0,65024,#N/A,B12
B12,230511_Smp_A_4LGV_T24,OH-B12,4.39,918883,0,154880,#N/A,B12
B12,230511_Smp_A_4LGV_T36,OH-B12,4.37,2711880,90555,401197,#N/A,B12
B12,230511_Smp_A_4LGV_T48,OH-B12,4.36,2414792,240080,399240,#N/A,B12
B12,230511_Smp_A_6HV_T0,OH-B12,4.4,163852,0,32148,#N/A,B12
B12,230511_Smp_A_6HV_T12,OH-B12,4.38,202068,0,36160,#N/A,B12
B12,230511_Smp_A_6HV_T24,OH-B12,4.36,982303,0,176512,#N/A,B12
B12,230511_Smp_A_6HV_T36,OH-B12,4.37,574511,50016,85457,#N/A,B12
B12,230511_Smp_A_6HV_T48,OH-B12,4.38,1790146,552,253733,#N/A,B12
B12,230511_Smp_A_8G_T0,OH-B12,4.4,115269,0,21232,#N/A,B12
B12,230511_Smp_A_8G_T48,OH-B12,4.36,7038600,290930,1108156,#N/A,B12
B12,230511_Smp_A_9V_T0,OH-B12,4.42,3756,0,2372,#N/A,B12
B12,230511_Smp_B_1C_T0,OH-B12,4.38,122083,0,19068,#N/A,B12
B12,230511_Smp_B_1C_T12,OH-B12,4.38,279199,0,52560,#N/A,B12
B12,230511_Smp_B_1C_T18,OH-B12,4.37,87236,358,16862,#N/A,B12
B12,230511_Smp_B_1C_T24,OH-B12,4.37,601488,7396,94543,#N/A,B12
B12,230511_Smp_B_1C_T30,OH-B12,4.35,289317,7,51021,#N/A,B12
B12,230511_Smp_B_1C_T36,OH-B12,4.37,2137560,125666,330149,#N/A,B12
B12,230511_Smp_B_1C_T42,OH-B12,4.37,348813,13873,65458,#N/A,B12
B12,230511_Smp_B_1C_T48,OH-B12,4.38,715270,20760,119650,#N/A,B12
B12,230511_Smp_B_1C_T6,OH-B12,4.5,22620,0,4532,#N/A,B12
B12,230511_Smp_B_3LV_T0,OH-B12,4.37,141307,0,32800,#N/A,B12
B12,230511_Smp_B_3LV_T12,OH-B12,4.38,381305,888,70204,#N/A,B12
B12,230511_Smp_B_3LV_T24,OH-B12,4.36,522921,0,79552,#N/A,B12
B12,230511_Smp_B_3LV_T36,OH-B12,4.38,1991392,84019,291430,#N/A,B12
B12,230511_Smp_B_3LV_T48,OH-B12,4.35,574084,34334,110231,#N/A,B12
B12,230511_Smp_B_4LGV_T0,OH-B12,4.38,154222,3771,30065,#N/A,B12
B12,230511_Smp_B_4LGV_T12,OH-B12,4.39,187751,0,42416,#N/A,B12
B12,230511_Smp_B_4LGV_T24,OH-B12,4.44,86,0,36,#N/A,B12
B12,230511_Smp_B_4LGV_T36,OH-B12,4.37,2074222,88781,312947,#N/A,B12
B12,230511_Smp_B_4LGV_T48,OH-B12,4.36,2614508,14671,394908,#N/A,B12
B12,230511_Smp_B_6HV_T0,OH-B12,4.37,159624,0,32912,#N/A,B12
B12,230511_Smp_B_6HV_T12,OH-B12,4.36,315142,0,59232,#N/A,B12
B12,230511_Smp_B_6HV_T24,OH-B12,4.38,758814,398,108584,#N/A,B12
B12,230511_Smp_B_6HV_T36,OH-B12,4.39,153097,0,27744,#N/A,B12
B12,230511_Smp_B_6HV_T48,OH-B12,4.37,3001659,47904,477909,#N/A,B12
B12,230511_Smp_C_1C_T0,OH-B12,4.37,116605,228,19410,#N/A,B12
B12,230511_Smp_C_1C_T12,OH-B12,4.38,236735,0,43056,#N/A,B12
B12,230511_Smp_C_1C_T18,OH-B12,4.39,223484,9459,37962,#N/A,B12
B12,230511_Smp_C_1C_T24,OH-B12,4.39,490965,0,73568,#N/A,B12
B12,230511_Smp_C_1C_T30,OH-B12,4.37,292524,0,59024,#N/A,B12
B12,230511_Smp_C_1C_T36,OH-B12,4.38,294191,0,51264,#N/A,B12
B12,230511_Smp_C_1C_T42,OH-B12,4.39,92123,0,17324,#N/A,B12
B12,230511_Smp_C_1C_T48,OH-B12,4.36,647913,1047,105138,#N/A,B12
B12,230511_Smp_C_1C_T6,OH-B12,4.36,136089,514,24421,#N/A,B12
B12,230511_Smp_C_3LV_T0,OH-B12,4.35,111178,308,22594,#N/A,B12
B12,230511_Smp_C_3LV_T12,OH-B12,4.37,228497,419,47064,#N/A,B12
B12,230511_Smp_C_3LV_T24,OH-B12,4.37,545057,1235,85765,#N/A,B12
B12,230511_Smp_C_3LV_T36,OH-B12,4.35,250682,552,50936,#N/A,B12
B12,230511_Smp_C_3LV_T48,OH-B12,4.38,1521045,61755,248590,#N/A,B12
B12,230511_Smp_C_4LGV_T0,OH-B12,4.4,107670,193,22599,#N/A,B12
B12,230511_Smp_C_4LGV_T12,OH-B12,4.36,180171,354,34275,#N/A,B12
B12,230511_Smp_C_4LGV_T24,OH-B12,4.42,150252,0,23028,#N/A,B12
B12,230511_Smp_C_4LGV_T36,OH-B12,4.37,797319,123577,152300,#N/A,B12
B12,230511_Smp_C_4LGV_T48,OH-B12,4.38,506422,93045,106630,#N/A,B12
B12,230511_Smp_C_6HV_T0,OH-B12,4.37,107333,0,22576,#N/A,B12
B12,230511_Smp_C_6HV_T12,OH-B12,4.37,177078,0,30016,#N/A,B12
B12,230511_Smp_C_6HV_T24,OH-B12,4.37,262928,0,50064,#N/A,B12
B12,230511_Smp_C_6HV_T36,OH-B12,4.37,234131,49952,43726,#N/A,B12
B12,230511_Smp_C_6HV_T48,OH-B12,4.38,1102063,440,186856,#N/A,B12
B12,230511_Smp_E_2LG_T0,OH-B12,4.38,154317,0,30316,#N/A,B12
B12,230511_Smp_E_2LG_T24,OH-B12,4.36,447821,6293,90264,#N/A,B12
B12,230511_Smp_E_2LG_T36,OH-B12,4.4,359012,17983,60482,#N/A,B12
B12,230511_Smp_E_2LG_T48,OH-B12,4.38,794799,39295,120046,#N/A,B12
B12,230511_Smp_E_3LG_T0,OH-B12,4.36,258950,448,47605,#N/A,B12
B12,230511_Smp_E_3LG_T24,OH-B12,4.36,324198,0,52240,#N/A,B12
B12,230511_Smp_E_3LG_T36,OH-B12,4.39,190768,0,36272,#N/A,B12
B12,230511_Smp_E_3LG_T48,OH-B12,4.36,847035,286644,175188,#N/A,B12
B12,230511_Smp_E_4LG_T0,OH-B12,4.39,202171,364,32187,#N/A,B12
B12,230511_Smp_E_4LG_T24,OH-B12,4.38,208175,12875,45882,#N/A,B12
B12,230511_Smp_E_4LG_T36,OH-B12,4.4,196739,429,32283,#N/A,B12
B12,230511_Smp_E_4LG_T48,OH-B12,4.38,351616,23372,61801,#N/A,B12
B12,230511_Smp_E_8G_T48,OH-B12,4.37,2095795,40919,312952,#N/A,B12
B12,230511_Std_10nM_B12s_1,OH-B12,4.36,17592660,970118,2733472,#N/A,B12
B12,230511_Std_10nM_B12s_2,OH-B12,4.38,15175706,1082523,2374896,#N/A,B12
B12,230511_Std_1nM_B12s_1,OH-B12,4.36,1939022,48518,317460,#N/A,B12
B12,230511_Std_1nM_B12s_2,OH-B12,4.39,1527306,83335,224704,#N/A,B12
B12,230511_Std_20nM_B12s_1,OH-B12,4.36,46285796,2523245,7390608,#N/A,B12
B12,230511_Std_20nM_B12s_2,OH-B12,4.37,40041188,2984676,6290176,#N/A,B12
B12,230511_Std_5nM_B12s_1,OH-B12,4.36,9241408,325670,1430156,#N/A,B12
B12,230511_Std_5nM_B12s_2,OH-B12,4.37,8142613,574726,1302644,#N/A,B12
B12,230511_Std_OnM_B12s_1,OH-B12,4.36,810750,17947,131385,#N/A,B12
B12,230511_Std_OnM_B12s_2,OH-B12,4.37,605479,39305,103444,#N/A,B12
B12,230511_Blk_DOM_blk_T0,CN-B12,5.05,6339,156,2273,#N/A,B12
B12,230511_Blk_DOM_blk_T48,CN-B12,5.07,5816,681,1665,#N/A,B12
B12,230511_Blk_Filter_blk_1,CN-B12,5.15,5124,170,1565,#N/A,B12
B12,230511_Blk_Filter_blk_2,CN-B12,5.14,6032,170,4480,#N/A,B12
B12,230511_Blk_Media_blk,CN-B12,5.18,3096,240,1284,#N/A,B12
B12,230511_Poo_TruePooMortality_Full1,CN-B12,5.15,7149,18,3871,#N/A,B12
B12,230511_Poo_TruePooMortality_Full2,CN-B12,5.12,5330,0,3233,#N/A,B12
B12,230511_Poo_TruePooMortality_Full3,CN-B12,5.1,1387,3134,707,#N/A,B12
B12,230511_Poo_TruePooMortality_Full4,CN-B12,5.05,3699,0,825,#N/A,B12
B12,230511_Smp_A_1C_T0,CN-B12,5.16,4544,1236,1867,#N/A,B12
B12,230511_Smp_A_1C_T12,CN-B12,5.15,3191,0,2342,#N/A,B12
B12,230511_Smp_A_1C_T18,CN-B12,5.19,7714,853,2034,#N/A,B12
B12,230511_Smp_A_1C_T24,CN-B12,5.15,7850,2383,3205,#N/A,B12
B12,230511_Smp_A_1C_T30,CN-B12,4.94,4568,1533,2096,#N/A,B12
B12,230511_Smp_A_1C_T36,CN-B12,5.14,8575,1072,4857,#N/A,B12
B12,230511_Smp_A_1C_T42,CN-B12,5.17,6791,157,2994,#N/A,B12
B12,230511_Smp_A_1C_T48,CN-B12,5.21,1952,3169,1394,#N/A,B12
B12,230511_Smp_A_1C_T6,CN-B12,5.19,6364,0,2825,#N/A,B12
B12,230511_Smp_A_3LV_T0,CN-B12,5.07,9785,523,2406,#N/A,B12
B12,230511_Smp_A_3LV_T12,CN-B12,5.17,5063,0,1825,#N/A,B12
B12,230511_Smp_A_3LV_T24,CN-B12,5.1,10363,235,2560,#N/A,B12
B12,230511_Smp_A_3LV_T36,CN-B12,5.15,13824,0,7035,#N/A,B12
B12,230511_Smp_A_3LV_T48,CN-B12,5.15,10739,166,3809,#N/A,B12
B12,230511_Smp_A_4LGV_T0,CN-B12,5.14,5019,0,4665,#N/A,B12
B12,230511_Smp_A_4LGV_T12,CN-B12,5.21,2263,738,1891,#N/A,B12
B12,230511_Smp_A_4LGV_T24,CN-B12,5.15,9371,147,3216,#N/A,B12
B12,230511_Smp_A_4LGV_T36,CN-B12,5.14,4593,2368,2099,#N/A,B12
B12,230511_Smp_A_4LGV_T48,CN-B12,5.19,18603,0,4981,#N/A,B12
B12,230511_Smp_A_6HV_T0,CN-B12,5.15,11782,0,4967,#N/A,B12
B12,230511_Smp_A_6HV_T12,CN-B12,5.21,2943,674,1727,#N/A,B12
B12,230511_Smp_A_6HV_T24,CN-B12,5.19,4762,3709,2060,#N/A,B12
B12,230511_Smp_A_6HV_T36,CN-B12,5.21,5713,1920,2734,#N/A,B12
B12,230511_Smp_A_6HV_T48,CN-B12,5.16,10164,0,4241,#N/A,B12
B12,230511_Smp_A_8G_T0,CN-B12,5.17,1306,105,717,#N/A,B12
B12,230511_Smp_A_8G_T48,CN-B12,5.15,24917,1872,7612,#N/A,B12
B12,230511_Smp_A_9V_T0,CN-B12,5.14,1332,0,743,#N/A,B12
B12,230511_Smp_B_1C_T0,CN-B12,5.13,4106,21,1368,#N/A,B12
B12,230511_Smp_B_1C_T12,CN-B12,5.18,2816,137,1515,#N/A,B12
B12,230511_Smp_B_1C_T18,CN-B12,5.2,3228,2843,2478,#N/A,B12
B12,230511_Smp_B_1C_T24,CN-B12,5.15,5466,0,2074,#N/A,B12
B12,230511_Smp_B_1C_T30,CN-B12,5.16,9565,759,6089,#N/A,B12
B12,230511_Smp_B_1C_T36,CN-B12,5.14,18030,306,5946,#N/A,B12
B12,230511_Smp_B_1C_T42,CN-B12,5.15,10361,0,2975,#N/A,B12
B12,230511_Smp_B_1C_T48,CN-B12,5.18,10773,0,2426,#N/A,B12
B12,230511_Smp_B_1C_T6,CN-B12,5.19,2821,234,1386,#N/A,B12
B12,230511_Smp_B_3LV_T0,CN-B12,5.19,3878,967,2023,#N/A,B12
B12,230511_Smp_B_3LV_T12,CN-B12,5.14,3239,1282,1752,#N/A,B12
B12,230511_Smp_B_3LV_T24,CN-B12,5.19,3880,102,1515,#N/A,B12
B12,230511_Smp_B_3LV_T36,CN-B12,5.15,9609,0,4659,#N/A,B12
B12,230511_Smp_B_3LV_T48,CN-B12,5.16,4425,590,2116,#N/A,B12
B12,230511_Smp_B_4LGV_T0,CN-B12,5.16,3788,681,1777,#N/A,B12
B12,230511_Smp_B_4LGV_T12,CN-B12,5.18,3706,0,1777,#N/A,B12
B12,230511_Smp_B_4LGV_T24,CN-B12,5.15,0,0,0,#N/A,B12
B12,230511_Smp_B_4LGV_T36,CN-B12,5.15,12361,0,3749,#N/A,B12
B12,230511_Smp_B_4LGV_T48,CN-B12,5.14,15748,194,8208,#N/A,B12
B12,230511_Smp_B_6HV_T0,CN-B12,5.17,4674,0,1919,#N/A,B12
B12,230511_Smp_B_6HV_T12,CN-B12,5.11,3909,4094,1989,#N/A,B12
B12,230511_Smp_B_6HV_T24,CN-B12,5.15,7665,0,4026,#N/A,B12
B12,230511_Smp_B_6HV_T36,CN-B12,5.13,2630,2860,2334,#N/A,B12
B12,230511_Smp_B_6HV_T48,CN-B12,5.14,12080,89,10119,#N/A,B12
B12,230511_Smp_C_1C_T0,CN-B12,5.15,4984,138,1838,#N/A,B12
B12,230511_Smp_C_1C_T12,CN-B12,5.13,7583,3451,3673,#N/A,B12
B12,230511_Smp_C_1C_T18,CN-B12,5.16,838,3102,560,#N/A,B12
B12,230511_Smp_C_1C_T24,CN-B12,5.15,3659,0,2095,#N/A,B12
B12,230511_Smp_C_1C_T30,CN-B12,5.14,7068,3240,2260,#N/A,B12
B12,230511_Smp_C_1C_T36,CN-B12,5.22,5533,0,2870,#N/A,B12
B12,230511_Smp_C_1C_T42,CN-B12,5.15,905,1638,528,#N/A,B12
B12,230511_Smp_C_1C_T48,CN-B12,5.16,8441,609,2715,#N/A,B12
B12,230511_Smp_C_1C_T6,CN-B12,5.09,4491,229,2953,#N/A,B12
B12,230511_Smp_C_3LV_T0,CN-B12,5.16,4508,1586,2382,#N/A,B12
B12,230511_Smp_C_3LV_T12,CN-B12,5.18,2988,27,2336,#N/A,B12
B12,230511_Smp_C_3LV_T24,CN-B12,5.12,3783,672,2669,#N/A,B12
B12,230511_Smp_C_3LV_T36,CN-B12,5.18,3462,4411,1487,#N/A,B12
B12,230511_Smp_C_3LV_T48,CN-B12,5.17,12836,0,7613,#N/A,B12
B12,230511_Smp_C_4LGV_T0,CN-B12,5.24,2168,3097,1044,#N/A,B12
B12,230511_Smp_C_4LGV_T12,CN-B12,5.15,6408,0,1421,#N/A,B12
B12,230511_Smp_C_4LGV_T24,CN-B12,5.14,3504,1371,2278,#N/A,B12
B12,230511_Smp_C_4LGV_T36,CN-B12,5.16,11743,580,4768,#N/A,B12
B12,230511_Smp_C_4LGV_T48,CN-B12,5.19,5983,29,1845,#N/A,B12
B12,230511_Smp_C_6HV_T0,CN-B12,5.21,4836,0,2468,#N/A,B12
B12,230511_Smp_C_6HV_T12,CN-B12,5.14,4783,0,2586,#N/A,B12
B12,230511_Smp_C_6HV_T24,CN-B12,5.13,7742,0,3471,#N/A,B12
B12,230511_Smp_C_6HV_T36,CN-B12,5.16,3461,0,1282,#N/A,B12
B12,230511_Smp_C_6HV_T48,CN-B12,5.17,9573,1933,2270,#N/A,B12
B12,230511_Smp_E_2LG_T0,CN-B12,5.22,12722,280,4121,#N/A,B12
B12,230511_Smp_E_2LG_T24,CN-B12,5.15,4082,2170,1399,#N/A,B12
B12,230511_Smp_E_2LG_T36,CN-B12,5.18,7679,189,3343,#N/A,B12
B12,230511_Smp_E_2LG_T48,CN-B12,5.16,9197,1614,3698,#N/A,B12
B12,230511_Smp_E_3LG_T0,CN-B12,5.1,2063,169,1104,#N/A,B12
B12,230511_Smp_E_3LG_T24,CN-B12,5.18,3648,0,1921,#N/A,B12
B12,230511_Smp_E_3LG_T36,CN-B12,5.18,9375,301,2811,#N/A,B12
B12,230511_Smp_E_3LG_T48,CN-B12,5.16,13922,212,6078,#N/A,B12
B12,230511_Smp_E_4LG_T0,CN-B12,5.17,4680,582,1818,#N/A,B12
B12,230511_Smp_E_4LG_T24,CN-B12,5.15,5088,3780,2904,#N/A,B12
B12,230511_Smp_E_4LG_T36,CN-B12,5.16,4331,4603,2149,#N/A,B12
B12,230511_Smp_E_4LG_T48,CN-B12,5.17,5716,47,2451,#N/A,B12
B12,230511_Smp_E_8G_T48,CN-B12,5.15,13736,0,7945,#N/A,B12
B12,230511_Std_10nM_B12s_1,CN-B12,5.15,5626461,75133,1950943,#N/A,B12
B12,230511_Std_10nM_B12s_2,CN-B12,5.15,6128850,132424,2152768,#N/A,B12
B12,230511_Std_1nM_B12s_1,CN-B12,5.15,344804,0,118004,#N/A,B12
B12,230511_Std_1nM_B12s_2,CN-B12,5.16,352368,18504,115623,#N/A,B12
B12,230511_Std_20nM_B12s_1,CN-B12,5.15,14529757,180618,5095400,#N/A,B12
B12,230511_Std_20nM_B12s_2,CN-B12,5.15,15677612,161573,5610139,#N/A,B12
B12,230511_Std_5nM_B12s_1,CN-B12,5.15,2773530,29715,941071,#N/A,B12
B12,230511_Std_5nM_B12s_2,CN-B12,5.15,3153323,40233,1064353,#N/A,B12
B12,230511_Std_OnM_B12s_1,CN-B12,5.16,5602,963,1969,#N/A,B12
B12,230511_Std_OnM_B12s_2,CN-B12,5.18,2610,3148,1574,#N/A,B12
B12,230511_Blk_DOM_blk_T0,CN-B12,5.12,166,0,189,#N/A,B12
B12,230511_Blk_DOM_blk_T48,CN-B12,5.18,844,0,942,#N/A,B12
B12,230511_Blk_Filter_blk_1,CN-B12,4.98,202,0,359,#N/A,B12
B12,230511_Blk_Filter_blk_2,CN-B12,5.12,64,113,34,#N/A,B12
B12,230511_Blk_Media_blk,CN-B12,5.14,2366,50,1452,#N/A,B12
B12,230511_Poo_TruePooMortality_Full1,CN-B12,5.14,10026,0,6831,#N/A,B12
B12,230511_Poo_TruePooMortality_Full2,CN-B12,5.13,6775,0,2781,#N/A,B12
B12,230511_Poo_TruePooMortality_Full3,CN-B12,5.16,12845,0,5589,#N/A,B12
B12,230511_Poo_TruePooMortality_Full4,CN-B12,5.06,96,0,39,#N/A,B12
B12,230511_Smp_A_1C_T0,CN-B12,5.25,1135,61,947,#N/A,B12
B12,230511_Smp_A_1C_T12,CN-B12,5.16,964,39,1451,#N/A,B12
B12,230511_Smp_A_1C_T18,CN-B12,5.14,5125,0,2625,#N/A,B12
B12,230511_Smp_A_1C_T24,CN-B12,5.16,13504,0,5976,#N/A,B12
B12,230511_Smp_A_1C_T30,CN-B12,4.94,302,0,284,#N/A,B12
B12,230511_Smp_A_1C_T36,CN-B12,5.15,18957,214,7632,#N/A,B12
B12,230511_Smp_A_1C_T42,CN-B12,5.17,7330,135,2781,#N/A,B12
B12,230511_Smp_A_1C_T48,CN-B12,5.16,3778,0,2966,#N/A,B12
B12,230511_Smp_A_1C_T6,CN-B12,5.13,2068,49,1168,#N/A,B12
B12,230511_Smp_A_3LV_T0,CN-B12,5.15,4732,0,1788,#N/A,B12
B12,230511_Smp_A_3LV_T12,CN-B12,5.15,2491,0,1341,#N/A,B12
B12,230511_Smp_A_3LV_T24,CN-B12,5.19,2333,173,1603,#N/A,B12
B12,230511_Smp_A_3LV_T36,CN-B12,5.17,25213,3984,10517,#N/A,B12
B12,230511_Smp_A_3LV_T48,CN-B12,5.19,10011,0,3668,#N/A,B12
B12,230511_Smp_A_4LGV_T0,CN-B12,5.17,4499,0,2941,#N/A,B12
B12,230511_Smp_A_4LGV_T12,CN-B12,5.18,4942,17,2057,#N/A,B12
B12,230511_Smp_A_4LGV_T24,CN-B12,5.17,16853,0,5899,#N/A,B12
B12,230511_Smp_A_4LGV_T36,CN-B12,5.17,46331,2037,17812,#N/A,B12
B12,230511_Smp_A_4LGV_T48,CN-B12,5.14,62804,329,15446,#N/A,B12
B12,230511_Smp_A_6HV_T0,CN-B12,5.16,9368,0,4784,#N/A,B12
B12,230511_Smp_A_6HV_T12,CN-B12,5.16,3807,0,2415,#N/A,B12
B12,230511_Smp_A_6HV_T24,CN-B12,5.14,8559,3,4922,#N/A,B12
B12,230511_Smp_A_6HV_T36,CN-B12,5.15,10915,0,5229,#N/A,B12
B12,230511_Smp_A_6HV_T48,CN-B12,5.17,28453,79,10490,#N/A,B12
B12,230511_Smp_A_8G_T0,CN-B12,5.16,6087,0,7967,#N/A,B12
B12,230511_Smp_A_8G_T48,CN-B12,5.15,89921,0,31533,#N/A,B12
B12,230511_Smp_A_9V_T0,CN-B12,5.16,40,0,31,#N/A,B12
B12,230511_Smp_B_1C_T0,CN-B12,5.15,361,0,461,#N/A,B12
B12,230511_Smp_B_1C_T12,CN-B12,5.17,2815,0,1692,#N/A,B12
B12,230511_Smp_B_1C_T18,CN-B12,5.15,735,76,505,#N/A,B12
B12,230511_Smp_B_1C_T24,CN-B12,5.14,6268,0,3771,#N/A,B12
B12,230511_Smp_B_1C_T30,CN-B12,5.14,9552,0,4660,#N/A,B12
B12,230511_Smp_B_1C_T36,CN-B12,5.15,64946,246,21483,#N/A,B12
B12,230511_Smp_B_1C_T42,CN-B12,5.15,11603,0,7717,#N/A,B12
B12,230511_Smp_B_1C_T48,CN-B12,5.19,7754,0,3266,#N/A,B12
B12,230511_Smp_B_1C_T6,CN-B12,5.17,5188,0,3081,#N/A,B12
B12,230511_Smp_B_3LV_T0,CN-B12,5.17,1318,0,885,#N/A,B12
B12,230511_Smp_B_3LV_T12,CN-B12,5.15,1513,0,894,#N/A,B12
B12,230511_Smp_B_3LV_T24,CN-B12,5.16,7843,0,4575,#N/A,B12
B12,230511_Smp_B_3LV_T36,CN-B12,5.14,43271,147,16360,#N/A,B12
B12,230511_Smp_B_3LV_T48,CN-B12,5.16,10194,0,6636,#N/A,B12
B12,230511_Smp_B_4LGV_T0,CN-B12,5.15,5648,0,3928,#N/A,B12
B12,230511_Smp_B_4LGV_T12,CN-B12,5.15,2118,0,1348,#N/A,B12
B12,230511_Smp_B_4LGV_T24,CN-B12,5.15,0,0,0,#N/A,B12
B12,230511_Smp_B_4LGV_T36,CN-B12,5.16,38058,0,19757,#N/A,B12
B12,230511_Smp_B_4LGV_T48,CN-B12,5.14,63801,207,22873,#N/A,B12
B12,230511_Smp_B_6HV_T0,CN-B12,5.2,2201,0,1409,#N/A,B12
B12,230511_Smp_B_6HV_T12,CN-B12,5.14,6010,0,2980,#N/A,B12
B12,230511_Smp_B_6HV_T24,CN-B12,5.17,17265,111,9025,#N/A,B12
B12,230511_Smp_B_6HV_T36,CN-B12,5.1,6792,2524,4051,#N/A,B12
B12,230511_Smp_B_6HV_T48,CN-B12,5.15,11982,114,5394,#N/A,B12
B12,230511_Smp_C_1C_T0,CN-B12,5.15,2469,85,2366,#N/A,B12
B12,230511_Smp_C_1C_T12,CN-B12,5.16,1946,0,1427,#N/A,B12
B12,230511_Smp_C_1C_T18,CN-B12,5.17,1598,0,993,#N/A,B12
B12,230511_Smp_C_1C_T24,CN-B12,5.15,4628,0,2270,#N/A,B12
B12,230511_Smp_C_1C_T30,CN-B12,5.15,8421,0,6257,#N/A,B12
B12,230511_Smp_C_1C_T36,CN-B12,5.18,6224,0,2767,#N/A,B12
B12,230511_Smp_C_1C_T42,CN-B12,5.15,7819,0,3735,#N/A,B12
B12,230511_Smp_C_1C_T48,CN-B12,5.15,11398,2524,4722,#N/A,B12
B12,230511_Smp_C_1C_T6,CN-B12,5.15,3808,118,2541,#N/A,B12
B12,230511_Smp_C_3LV_T0,CN-B12,5.17,1185,0,979,#N/A,B12
B12,230511_Smp_C_3LV_T12,CN-B12,5.17,4202,0,4594,#N/A,B12
B12,230511_Smp_C_3LV_T24,CN-B12,5.16,10060,0,4609,#N/A,B12
B12,230511_Smp_C_3LV_T36,CN-B12,5.17,9762,235,3535,#N/A,B12
B12,230511_Smp_C_3LV_T48,CN-B12,5.14,37930,0,10036,#N/A,B12
B12,230511_Smp_C_4LGV_T0,CN-B12,5.15,1491,0,1503,#N/A,B12
B12,230511_Smp_C_4LGV_T12,CN-B12,5.17,9344,0,5660,#N/A,B12
B12,230511_Smp_C_4LGV_T24,CN-B12,5.16,7788,0,4366,#N/A,B12
B12,230511_Smp_C_4LGV_T36,CN-B12,5.16,39345,4677,11100,#N/A,B12
B12,230511_Smp_C_4LGV_T48,CN-B12,5.16,17874,2832,5535,#N/A,B12
B12,230511_Smp_C_6HV_T0,CN-B12,5.17,2227,0,1329,#N/A,B12
B12,230511_Smp_C_6HV_T12,CN-B12,5.16,722,0,759,#N/A,B12
B12,230511_Smp_C_6HV_T24,CN-B12,5.17,2659,161,1269,#N/A,B12
B12,230511_Smp_C_6HV_T36,CN-B12,5.14,14198,101,3839,#N/A,B12
B12,230511_Smp_C_6HV_T48,CN-B12,5.14,23149,0,8001,#N/A,B12
B12,230511_Smp_E_2LG_T0,CN-B12,5.15,2383,0,1378,#N/A,B12
B12,230511_Smp_E_2LG_T24,CN-B12,5.15,9410,0,3851,#N/A,B12
B12,230511_Smp_E_2LG_T36,CN-B12,5.16,37297,0,12816,#N/A,B12
B12,230511_Smp_E_2LG_T48,CN-B12,5.17,32062,0,14292,#N/A,B12
B12,230511_Smp_E_3LG_T0,CN-B12,5.16,5571,0,1897,#N/A,B12
B12,230511_Smp_E_3LG_T24,CN-B12,5.16,3794,0,1553,#N/A,B12
B12,230511_Smp_E_3LG_T36,CN-B12,5.14,18520,0,8303,#N/A,B12
B12,230511_Smp_E_3LG_T48,CN-B12,5.13,22303,0,8139,#N/A,B12
B12,230511_Smp_E_4LG_T0,CN-B12,5.09,3505,99,1245,#N/A,B12
B12,230511_Smp_E_4LG_T24,CN-B12,5.2,11873,0,4475,#N/A,B12
B12,230511_Smp_E_4LG_T36,CN-B12,5.16,6687,270,2813,#N/A,B12
B12,230511_Smp_E_4LG_T48,CN-B12,5.17,21553,315,8823,#N/A,B12
B12,230511_Smp_E_8G_T48,CN-B12,5.16,46696,99,22421,#N/A,B12
B12,230511_Std_10nM_B12s_1,CN-B12,5.15,19228506,167154,6888325,#N/A,B12
B12,230511_Std_10nM_B12s_2,CN-B12,5.15,21222832,285032,7280822,#N/A,B12
B12,230511_Std_1nM_B12s_1,CN-B12,5.14,1160744,6443,372755,#N/A,B12
B12,230511_Std_1nM_B12s_2,CN-B12,5.15,1314870,6252,450934,#N/A,B12
B12,230511_Std_20nM_B12s_1,CN-B12,5.15,50907724,555085,18369452,#N/A,B12
B12,230511_Std_20nM_B12s_2,CN-B12,5.15,54340472,415874,18628640,#N/A,B12
B12,230511_Std_5nM_B12s_1,CN-B12,5.15,9446385,151739,3308221,#N/A,B12
B12,230511_Std_5nM_B12s_2,CN-B12,5.15,11232428,124957,3972010,#N/A,B12
B12,230511_Std_OnM_B12s_1,CN-B12,5.14,11266,204,5016,#N/A,B12
B12,230511_Std_OnM_B12s_2,CN-B12,5.16,6592,0,2905,#N/A,B12
Pseudocobs,230511_Blk_DOM_blk_T0,CN-Pseudocob,4.62,17,0,30,#N/A,Pseudocobs
Pseudocobs,230511_Blk_DOM_blk_T48,CN-Pseudocob,4.74,0,0,0,#N/A,Pseudocobs
Pseudocobs,230511_Blk_Filter_blk_1,CN-Pseudocob,4.68,0,0,0,#N/A,Pseudocobs
Pseudocobs,230511_Blk_Filter_blk_2,CN-Pseudocob,4.71,14,0,29,#N/A,Pseudocobs
Pseudocobs,230511_Blk_Media_blk,CN-Pseudocob,4.7,11,0,19,#N/A,Pseudocobs
Pseudocobs,230511_Poo_TruePooMortality_Full1,CN-Pseudocob,4.64,53,0,28,#N/A,Pseudocobs
Pseudocobs,230511_Poo_TruePooMortality_Full2,CN-Pseudocob,4.6,0,0,0,#N/A,Pseudocobs
Pseudocobs,230511_Poo_TruePooMortality_Full3,CN-Pseudocob,4.67,100,0,53,#N/A,Pseudocobs
Pseudocobs,230511_Poo_TruePooMortality_Full4,CN-Pseudocob,4.62,22,0,24,#N/A,Pseudocobs
Pseudocobs,230511_Smp_A_1C_T0,CN-Pseudocob,4.66,69,0,49,#N/A,Pseudocobs
Pseudocobs,230511_Smp_A_1C_T12,CN-Pseudocob,4.67,56,0,37,#N/A,Pseudocobs
Pseudocobs,230511_Smp_A_1C_T18,CN-Pseudocob,4.61,16,45,11,#N/A,Pseudocobs
Pseudocobs,230511_Smp_A_1C_T24,CN-Pseudocob,4.76,79,0,50,#N/A,Pseudocobs
Pseudocobs,230511_Smp_A_1C_T30,CN-Pseudocob,4.73,38,0,24,#N/A,Pseudocobs
Pseudocobs,230511_Smp_A_1C_T36,CN-Pseudocob,4.73,122,0,31,#N/A,Pseudocobs
Pseudocobs,230511_Smp_A_1C_T42,CN-Pseudocob,4.64,50,23,23,#N/A,Pseudocobs
Pseudocobs,230511_Smp_A_1C_T48,CN-Pseudocob,4.61,98,0,35,#N/A,Pseudocobs
Pseudocobs,230511_Smp_A_1C_T6,CN-Pseudocob,4.62,42,0,27,#N/A,Pseudocobs
Pseudocobs,230511_Smp_A_3LV_T0,CN-Pseudocob,4.72,61,0,27,#N/A,Pseudocobs
Pseudocobs,230511_Smp_A_3LV_T12,CN-Pseudocob,4.62,31,0,27,#N/A,Pseudocobs
Pseudocobs,230511_Smp_A_3LV_T24,CN-Pseudocob,4.69,58,0,32,#N/A,Pseudocobs
Pseudocobs,230511_Smp_A_3LV_T36,CN-Pseudocob,4.71,1245,0,1377,#N/A,Pseudocobs
Pseudocobs,230511_Smp_A_3LV_T48,CN-Pseudocob,4.6,57,0,30,#N/A,Pseudocobs
Pseudocobs,230511_Smp_A_4LGV_T0,CN-Pseudocob,4.72,89,0,39,#N/A,Pseudocobs
Pseudocobs,230511_Smp_A_4LGV_T12,CN-Pseudocob,4.66,120,0,47,#N/A,Pseudocobs
Pseudocobs,230511_Smp_A_4LGV_T24,CN-Pseudocob,4.75,29,0,24,#N/A,Pseudocobs
Pseudocobs,230511_Smp_A_4LGV_T36,CN-Pseudocob,4.64,69,0,31,#N/A,Pseudocobs
Pseudocobs,230511_Smp_A_4LGV_T48,CN-Pseudocob,4.68,58,0,31,#N/A,Pseudocobs
Pseudocobs,230511_Smp_A_6HV_T0,CN-Pseudocob,4.63,70,0,29,#N/A,Pseudocobs
Pseudocobs,230511_Smp_A_6HV_T12,CN-Pseudocob,4.74,101,0,28,#N/A,Pseudocobs
Pseudocobs,230511_Smp_A_6HV_T24,CN-Pseudocob,4.68,40,0,30,#N/A,Pseudocobs
Pseudocobs,230511_Smp_A_6HV_T36,CN-Pseudocob,4.71,169,0,34,#N/A,Pseudocobs
Pseudocobs,230511_Smp_A_6HV_T48,CN-Pseudocob,4.6,52,0,28,#N/A,Pseudocobs
Pseudocobs,230511_Smp_A_8G_T0,CN-Pseudocob,4.7,28,72,22,#N/A,Pseudocobs
Pseudocobs,230511_Smp_A_8G_T48,CN-Pseudocob,4.72,75,0,47,#N/A,Pseudocobs
Pseudocobs,230511_Smp_A_9V_T0,CN-Pseudocob,4.68,6,0,13,#N/A,Pseudocobs
Pseudocobs,230511_Smp_B_1C_T0,CN-Pseudocob,4.73,115,84,69,#N/A,Pseudocobs
Pseudocobs,230511_Smp_B_1C_T12,CN-Pseudocob,4.75,61,23,65,#N/A,Pseudocobs
Pseudocobs,230511_Smp_B_1C_T18,CN-Pseudocob,4.65,81,0,29,#N/A,Pseudocobs
Pseudocobs,230511_Smp_B_1C_T24,CN-Pseudocob,4.6,96,0,68,#N/A,Pseudocobs
Pseudocobs,230511_Smp_B_1C_T30,CN-Pseudocob,4.7,55,0,55,#N/A,Pseudocobs
Pseudocobs,230511_Smp_B_1C_T36,CN-Pseudocob,4.69,160,0,63,#N/A,Pseudocobs
Pseudocobs,230511_Smp_B_1C_T42,CN-Pseudocob,4.71,127,0,51,#N/A,Pseudocobs
Pseudocobs,230511_Smp_B_1C_T48,CN-Pseudocob,4.63,112,0,53,#N/A,Pseudocobs
Pseudocobs,230511_Smp_B_1C_T6,CN-Pseudocob,4.66,34,0,28,#N/A,Pseudocobs
Pseudocobs,230511_Smp_B_3LV_T0,CN-Pseudocob,4.66,50,0,29,#N/A,Pseudocobs
Pseudocobs,230511_Smp_B_3LV_T12,CN-Pseudocob,4.7,36,0,26,#N/A,Pseudocobs
Pseudocobs,230511_Smp_B_3LV_T24,CN-Pseudocob,4.73,28,0,32,#N/A,Pseudocobs
Pseudocobs,230511_Smp_B_3LV_T36,CN-Pseudocob,4.6,108,0,44,#N/A,Pseudocobs
Pseudocobs,230511_Smp_B_3LV_T48,CN-Pseudocob,4.7,73,0,26,#N/A,Pseudocobs
Pseudocobs,230511_Smp_B_4LGV_T0,CN-Pseudocob,4.6,66,1,50,#N/A,Pseudocobs
Pseudocobs,230511_Smp_B_4LGV_T12,CN-Pseudocob,4.62,7,0,26,#N/A,Pseudocobs
Pseudocobs,230511_Smp_B_4LGV_T24,CN-Pseudocob,4.69,0,0,0,#N/A,Pseudocobs
Pseudocobs,230511_Smp_B_4LGV_T36,CN-Pseudocob,4.69,56,0,33,#N/A,Pseudocobs
Pseudocobs,230511_Smp_B_4LGV_T48,CN-Pseudocob,4.77,98,0,31,#N/A,Pseudocobs
Pseudocobs,230511_Smp_B_6HV_T0,CN-Pseudocob,4.64,17,0,25,#N/A,Pseudocobs
Pseudocobs,230511_Smp_B_6HV_T12,CN-Pseudocob,4.74,95,0,43,#N/A,Pseudocobs
Pseudocobs,230511_Smp_B_6HV_T24,CN-Pseudocob,4.7,90,0,70,#N/A,Pseudocobs
Pseudocobs,230511_Smp_B_6HV_T36,CN-Pseudocob,4.65,53,27,25,#N/A,Pseudocobs
Pseudocobs,230511_Smp_B_6HV_T48,CN-Pseudocob,4.6,50,0,26,#N/A,Pseudocobs
Pseudocobs,230511_Smp_C_1C_T0,CN-Pseudocob,4.7,110,0,46,#N/A,Pseudocobs
Pseudocobs,230511_Smp_C_1C_T12,CN-Pseudocob,4.68,39,0,25,#N/A,Pseudocobs
Pseudocobs,230511_Smp_C_1C_T18,CN-Pseudocob,4.68,18,0,28,#N/A,Pseudocobs
Pseudocobs,230511_Smp_C_1C_T24,CN-Pseudocob,4.73,36,0,26,#N/A,Pseudocobs
Pseudocobs,230511_Smp_C_1C_T30,CN-Pseudocob,4.79,19,130,24,#N/A,Pseudocobs
Pseudocobs,230511_Smp_C_1C_T36,CN-Pseudocob,4.7,65,0,29,#N/A,Pseudocobs
Pseudocobs,230511_Smp_C_1C_T42,CN-Pseudocob,4.64,91,0,34,#N/A,Pseudocobs
Pseudocobs,230511_Smp_C_1C_T48,CN-Pseudocob,4.69,92,0,70,#N/A,Pseudocobs
Pseudocobs,230511_Smp_C_1C_T6,CN-Pseudocob,4.65,18,0,25,#N/A,Pseudocobs
Pseudocobs,230511_Smp_C_3LV_T0,CN-Pseudocob,4.62,56,0,26,#N/A,Pseudocobs
Pseudocobs,230511_Smp_C_3LV_T12,CN-Pseudocob,4.65,86,0,30,#N/A,Pseudocobs
Pseudocobs,230511_Smp_C_3LV_T24,CN-Pseudocob,4.67,137,0,54,#N/A,Pseudocobs
Pseudocobs,230511_Smp_C_3LV_T36,CN-Pseudocob,4.69,70,0,54,#N/A,Pseudocobs
Pseudocobs,230511_Smp_C_3LV_T48,CN-Pseudocob,4.72,112,0,65,#N/A,Pseudocobs
Pseudocobs,230511_Smp_C_4LGV_T0,CN-Pseudocob,4.72,52,16,58,#N/A,Pseudocobs
Pseudocobs,230511_Smp_C_4LGV_T12,CN-Pseudocob,4.64,35,0,29,#N/A,Pseudocobs
Pseudocobs,230511_Smp_C_4LGV_T24,CN-Pseudocob,4.69,101,0,34,#N/A,Pseudocobs
Pseudocobs,230511_Smp_C_4LGV_T36,CN-Pseudocob,4.71,38,111,63,#N/A,Pseudocobs
Pseudocobs,230511_Smp_C_4LGV_T48,CN-Pseudocob,4.65,106,0,60,#N/A,Pseudocobs
Pseudocobs,230511_Smp_C_6HV_T0,CN-Pseudocob,4.73,38,0,28,#N/A,Pseudocobs
Pseudocobs,230511_Smp_C_6HV_T12,CN-Pseudocob,4.63,83,0,28,#N/A,Pseudocobs
Pseudocobs,230511_Smp_C_6HV_T24,CN-Pseudocob,4.72,36,0,27,#N/A,Pseudocobs
Pseudocobs,230511_Smp_C_6HV_T36,CN-Pseudocob,4.73,15,0,35,#N/A,Pseudocobs
Pseudocobs,230511_Smp_C_6HV_T48,CN-Pseudocob,4.77,53,0,26,#N/A,Pseudocobs
Pseudocobs,230511_Smp_E_2LG_T0,CN-Pseudocob,4.74,16,0,25,#N/A,Pseudocobs
Pseudocobs,230511_Smp_E_2LG_T24,CN-Pseudocob,4.69,36,0,51,#N/A,Pseudocobs
Pseudocobs,230511_Smp_E_2LG_T36,CN-Pseudocob,4.71,102,0,48,#N/A,Pseudocobs
Pseudocobs,230511_Smp_E_2LG_T48,CN-Pseudocob,4.68,7,0,14,#N/A,Pseudocobs
Pseudocobs,230511_Smp_E_3LG_T0,CN-Pseudocob,4.7,76,0,34,#N/A,Pseudocobs
Pseudocobs,230511_Smp_E_3LG_T24,CN-Pseudocob,4.61,42,0,53,#N/A,Pseudocobs
Pseudocobs,230511_Smp_E_3LG_T36,CN-Pseudocob,4.72,32,0,36,#N/A,Pseudocobs
Pseudocobs,230511_Smp_E_3LG_T48,CN-Pseudocob,4.66,64,0,48,#N/A,Pseudocobs
Pseudocobs,230511_Smp_E_4LG_T0,CN-Pseudocob,4.7,96,0,55,#N/A,Pseudocobs
Pseudocobs,230511_Smp_E_4LG_T24,CN-Pseudocob,4.68,75,30,23,#N/A,Pseudocobs
Pseudocobs,230511_Smp_E_4LG_T36,CN-Pseudocob,4.7,29,0,27,#N/A,Pseudocobs
Pseudocobs,230511_Smp_E_4LG_T48,CN-Pseudocob,4.73,79,0,34,#N/A,Pseudocobs
Pseudocobs,230511_Smp_E_8G_T48,CN-Pseudocob,4.69,40,0,28,#N/A,Pseudocobs
Pseudocobs,230511_Std_10nM_B12s_1,CN-Pseudocob,4.66,1184,14,1604,#N/A,Pseudocobs
Pseudocobs,230511_Std_10nM_B12s_2,CN-Pseudocob,4.62,69,0,31,#N/A,Pseudocobs
Pseudocobs,230511_Std_1nM_B12s_1,CN-Pseudocob,4.62,68,0,27,#N/A,Pseudocobs
Pseudocobs,230511_Std_1nM_B12s_2,CN-Pseudocob,4.66,6,0,9,#N/A,Pseudocobs
Pseudocobs,230511_Std_20nM_B12s_1,CN-Pseudocob,4.68,116,0,48,#N/A,Pseudocobs
Pseudocobs,230511_Std_20nM_B12s_2,CN-Pseudocob,4.65,100,0,48,#N/A,Pseudocobs
Pseudocobs,230511_Std_5nM_B12s_1,CN-Pseudocob,4.71,198,0,49,#N/A,Pseudocobs
Pseudocobs,230511_Std_5nM_B12s_2,CN-Pseudocob,4.66,24,0,25,#N/A,Pseudocobs
Pseudocobs,230511_Std_OnM_B12s_1,CN-Pseudocob,4.64,96,57,20,#N/A,Pseudocobs
Pseudocobs,230511_Std_OnM_B12s_2,CN-Pseudocob,4.69,35,0,33,#N/A,Pseudocobs
Pseudocobs,230511_Blk_DOM_blk_T0,CN-Pseudocob,4.62,29,0,27,#N/A,Pseudocobs
Pseudocobs,230511_Blk_DOM_blk_T48,CN-Pseudocob,4.75,19,0,30,#N/A,Pseudocobs
Pseudocobs,230511_Blk_Filter_blk_1,CN-Pseudocob,4.71,181,0,247,#N/A,Pseudocobs
Pseudocobs,230511_Blk_Filter_blk_2,CN-Pseudocob,4.69,63,0,80,#N/A,Pseudocobs
Pseudocobs,230511_Blk_Media_blk,CN-Pseudocob,4.67,1538,0,1851,#N/A,Pseudocobs
Pseudocobs,230511_Poo_TruePooMortality_Full1,CN-Pseudocob,4.68,301616,178,99733,#N/A,Pseudocobs
Pseudocobs,230511_Poo_TruePooMortality_Full2,CN-Pseudocob,4.68,272859,2519,91606,#N/A,Pseudocobs
Pseudocobs,230511_Poo_TruePooMortality_Full3,CN-Pseudocob,4.68,234428,13809,79352,#N/A,Pseudocobs
Pseudocobs,230511_Poo_TruePooMortality_Full4,CN-Pseudocob,4.65,3502,0,1786,#N/A,Pseudocobs
Pseudocobs,230511_Smp_A_1C_T0,CN-Pseudocob,4.69,194478,2466,74212,#N/A,Pseudocobs
Pseudocobs,230511_Smp_A_1C_T12,CN-Pseudocob,4.69,310965,50,110208,#N/A,Pseudocobs
Pseudocobs,230511_Smp_A_1C_T18,CN-Pseudocob,4.68,242755,2195,98856,#N/A,Pseudocobs
Pseudocobs,230511_Smp_A_1C_T24,CN-Pseudocob,4.69,1093796,15633,429243,#N/A,Pseudocobs
Pseudocobs,230511_Smp_A_1C_T30,CN-Pseudocob,4.68,87163,0,31965,#N/A,Pseudocobs
Pseudocobs,230511_Smp_A_1C_T36,CN-Pseudocob,4.69,916518,3472,297483,#N/A,Pseudocobs
Pseudocobs,230511_Smp_A_1C_T42,CN-Pseudocob,4.69,761198,8591,275804,#N/A,Pseudocobs
Pseudocobs,230511_Smp_A_1C_T48,CN-Pseudocob,4.69,866581,1431,291549,#N/A,Pseudocobs
Pseudocobs,230511_Smp_A_1C_T6,CN-Pseudocob,4.68,132174,314,54935,#N/A,Pseudocobs
Pseudocobs,230511_Smp_A_3LV_T0,CN-Pseudocob,4.69,206698,2748,85912,#N/A,Pseudocobs
Pseudocobs,230511_Smp_A_3LV_T12,CN-Pseudocob,4.69,146932,115,64371,#N/A,Pseudocobs
Pseudocobs,230511_Smp_A_3LV_T24,CN-Pseudocob,4.68,423422,5400,144557,#N/A,Pseudocobs
Pseudocobs,230511_Smp_A_3LV_T36,CN-Pseudocob,4.68,2159852,36721,735235,#N/A,Pseudocobs
Pseudocobs,230511_Smp_A_3LV_T48,CN-Pseudocob,4.67,39140,0,12908,#N/A,Pseudocobs
Pseudocobs,230511_Smp_A_4LGV_T0,CN-Pseudocob,4.67,263224,0,98256,#N/A,Pseudocobs
Pseudocobs,230511_Smp_A_4LGV_T12,CN-Pseudocob,4.7,36643,0,16354,#N/A,Pseudocobs
Pseudocobs,230511_Smp_A_4LGV_T24,CN-Pseudocob,4.68,126635,386,54350,#N/A,Pseudocobs
Pseudocobs,230511_Smp_A_4LGV_T36,CN-Pseudocob,4.7,63127,1419,20270,#N/A,Pseudocobs
Pseudocobs,230511_Smp_A_4LGV_T48,CN-Pseudocob,4.68,68146,0,19116,#N/A,Pseudocobs
Pseudocobs,230511_Smp_A_6HV_T0,CN-Pseudocob,4.68,175556,243,66365,#N/A,Pseudocobs
Pseudocobs,230511_Smp_A_6HV_T12,CN-Pseudocob,4.69,109972,0,34237,#N/A,Pseudocobs
Pseudocobs,230511_Smp_A_6HV_T24,CN-Pseudocob,4.69,56840,91,23964,#N/A,Pseudocobs
Pseudocobs,230511_Smp_A_6HV_T36,CN-Pseudocob,4.69,159533,0,53616,#N/A,Pseudocobs
Pseudocobs,230511_Smp_A_6HV_T48,CN-Pseudocob,4.7,109980,0,36650,#N/A,Pseudocobs
Pseudocobs,230511_Smp_A_8G_T0,CN-Pseudocob,4.7,9441,0,4364,#N/A,Pseudocobs
Pseudocobs,230511_Smp_A_8G_T48,CN-Pseudocob,4.71,8301,33,4387,#N/A,Pseudocobs
Pseudocobs,230511_Smp_A_9V_T0,CN-Pseudocob,4.68,475,0,903,#N/A,Pseudocobs
Pseudocobs,230511_Smp_B_1C_T0,CN-Pseudocob,4.68,264070,2735,94714,#N/A,Pseudocobs
Pseudocobs,230511_Smp_B_1C_T12,CN-Pseudocob,4.69,314063,88,114021,#N/A,Pseudocobs
Pseudocobs,230511_Smp_B_1C_T18,CN-Pseudocob,4.68,110691,0,28880,#N/A,Pseudocobs
Pseudocobs,230511_Smp_B_1C_T24,CN-Pseudocob,4.69,572070,230,199016,#N/A,Pseudocobs
Pseudocobs,230511_Smp_B_1C_T30,CN-Pseudocob,4.69,447510,815,154804,#N/A,Pseudocobs
Pseudocobs,230511_Smp_B_1C_T36,CN-Pseudocob,4.68,911396,16829,258270,#N/A,Pseudocobs
Pseudocobs,230511_Smp_B_1C_T42,CN-Pseudocob,4.69,79547,0,28394,#N/A,Pseudocobs
Pseudocobs,230511_Smp_B_1C_T48,CN-Pseudocob,4.69,1248962,185,447447,#N/A,Pseudocobs
Pseudocobs,230511_Smp_B_1C_T6,CN-Pseudocob,4.68,76255,68,27823,#N/A,Pseudocobs
Pseudocobs,230511_Smp_B_3LV_T0,CN-Pseudocob,4.69,278982,4251,111470,#N/A,Pseudocobs
Pseudocobs,230511_Smp_B_3LV_T12,CN-Pseudocob,4.69,82291,0,29671,#N/A,Pseudocobs
Pseudocobs,230511_Smp_B_3LV_T24,CN-Pseudocob,4.68,685250,3,228589,#N/A,Pseudocobs
Pseudocobs,230511_Smp_B_3LV_T36,CN-Pseudocob,4.68,1809745,34842,617967,#N/A,Pseudocobs
Pseudocobs,230511_Smp_B_3LV_T48,CN-Pseudocob,4.68,160441,10110,60348,#N/A,Pseudocobs
Pseudocobs,230511_Smp_B_4LGV_T0,CN-Pseudocob,4.69,122573,297,41738,#N/A,Pseudocobs
Pseudocobs,230511_Smp_B_4LGV_T12,CN-Pseudocob,4.69,70441,24,33778,#N/A,Pseudocobs
Pseudocobs,230511_Smp_B_4LGV_T24,CN-Pseudocob,4.71,35,0,28,#N/A,Pseudocobs
Pseudocobs,230511_Smp_B_4LGV_T36,CN-Pseudocob,4.69,87333,1880,23528,#N/A,Pseudocobs
Pseudocobs,230511_Smp_B_4LGV_T48,CN-Pseudocob,4.7,89754,3705,21896,#N/A,Pseudocobs
Pseudocobs,230511_Smp_B_6HV_T0,CN-Pseudocob,4.68,51105,0,21288,#N/A,Pseudocobs
Pseudocobs,230511_Smp_B_6HV_T12,CN-Pseudocob,4.68,144974,0,56466,#N/A,Pseudocobs
Pseudocobs,230511_Smp_B_6HV_T24,CN-Pseudocob,4.69,124399,402,51445,#N/A,Pseudocobs
Pseudocobs,230511_Smp_B_6HV_T36,CN-Pseudocob,4.69,70894,8458,21135,#N/A,Pseudocobs
Pseudocobs,230511_Smp_B_6HV_T48,CN-Pseudocob,4.69,40128,0,16989,#N/A,Pseudocobs
Pseudocobs,230511_Smp_C_1C_T0,CN-Pseudocob,4.69,222825,0,78379,#N/A,Pseudocobs
Pseudocobs,230511_Smp_C_1C_T12,CN-Pseudocob,4.68,257878,272,95492,#N/A,Pseudocobs
Pseudocobs,230511_Smp_C_1C_T18,CN-Pseudocob,4.69,376365,4700,126241,#N/A,Pseudocobs
Pseudocobs,230511_Smp_C_1C_T24,CN-Pseudocob,4.68,964722,5315,327147,#N/A,Pseudocobs
Pseudocobs,230511_Smp_C_1C_T30,CN-Pseudocob,4.7,423802,3040,130180,#N/A,Pseudocobs
Pseudocobs,230511_Smp_C_1C_T36,CN-Pseudocob,4.68,502347,1226,180729,#N/A,Pseudocobs
Pseudocobs,230511_Smp_C_1C_T42,CN-Pseudocob,4.69,169602,1254,48000,#N/A,Pseudocobs
Pseudocobs,230511_Smp_C_1C_T48,CN-Pseudocob,4.69,869310,2357,311223,#N/A,Pseudocobs
Pseudocobs,230511_Smp_C_1C_T6,CN-Pseudocob,4.69,133013,231,48611,#N/A,Pseudocobs
Pseudocobs,230511_Smp_C_3LV_T0,CN-Pseudocob,4.69,305060,143,106973,#N/A,Pseudocobs
Pseudocobs,230511_Smp_C_3LV_T12,CN-Pseudocob,4.68,273276,386,106962,#N/A,Pseudocobs
Pseudocobs,230511_Smp_C_3LV_T24,CN-Pseudocob,4.68,928061,1716,315229,#N/A,Pseudocobs
Pseudocobs,230511_Smp_C_3LV_T36,CN-Pseudocob,4.69,529988,277,169049,#N/A,Pseudocobs
Pseudocobs,230511_Smp_C_3LV_T48,CN-Pseudocob,4.68,179981,4633,55721,#N/A,Pseudocobs
Pseudocobs,230511_Smp_C_4LGV_T0,CN-Pseudocob,4.69,307270,1171,109434,#N/A,Pseudocobs
Pseudocobs,230511_Smp_C_4LGV_T12,CN-Pseudocob,4.7,126824,297,30866,#N/A,Pseudocobs
Pseudocobs,230511_Smp_C_4LGV_T24,CN-Pseudocob,4.7,255171,170,88158,#N/A,Pseudocobs
Pseudocobs,230511_Smp_C_4LGV_T36,CN-Pseudocob,4.69,377622,1334,119940,#N/A,Pseudocobs
Pseudocobs,230511_Smp_C_4LGV_T48,CN-Pseudocob,4.68,151498,100,39106,#N/A,Pseudocobs
Pseudocobs,230511_Smp_C_6HV_T0,CN-Pseudocob,4.69,196000,2810,75688,#N/A,Pseudocobs
Pseudocobs,230511_Smp_C_6HV_T12,CN-Pseudocob,4.69,239071,2092,80436,#N/A,Pseudocobs
Pseudocobs,230511_Smp_C_6HV_T24,CN-Pseudocob,4.68,124699,435,42381,#N/A,Pseudocobs
Pseudocobs,230511_Smp_C_6HV_T36,CN-Pseudocob,4.68,85113,0,31844,#N/A,Pseudocobs
Pseudocobs,230511_Smp_C_6HV_T48,CN-Pseudocob,4.68,78997,77,28947,#N/A,Pseudocobs
Pseudocobs,230511_Smp_E_2LG_T0,CN-Pseudocob,4.69,168591,183,66552,#N/A,Pseudocobs
Pseudocobs,230511_Smp_E_2LG_T24,CN-Pseudocob,4.68,366106,590,131518,#N/A,Pseudocobs
Pseudocobs,230511_Smp_E_2LG_T36,CN-Pseudocob,4.7,358725,0,126800,#N/A,Pseudocobs
Pseudocobs,230511_Smp_E_2LG_T48,CN-Pseudocob,4.7,52684,3859,21914,#N/A,Pseudocobs
Pseudocobs,230511_Smp_E_3LG_T0,CN-Pseudocob,4.68,52839,0,22881,#N/A,Pseudocobs
Pseudocobs,230511_Smp_E_3LG_T24,CN-Pseudocob,4.68,152744,0,54016,#N/A,Pseudocobs
Pseudocobs,230511_Smp_E_3LG_T36,CN-Pseudocob,4.68,253936,234,102953,#N/A,Pseudocobs
Pseudocobs,230511_Smp_E_3LG_T48,CN-Pseudocob,4.69,16400,22825,7922,#N/A,Pseudocobs
Pseudocobs,230511_Smp_E_4LG_T0,CN-Pseudocob,4.68,109270,0,37624,#N/A,Pseudocobs
Pseudocobs,230511_Smp_E_4LG_T24,CN-Pseudocob,4.69,157649,237,47980,#N/A,Pseudocobs
Pseudocobs,230511_Smp_E_4LG_T36,CN-Pseudocob,4.7,233371,745,80950,#N/A,Pseudocobs
Pseudocobs,230511_Smp_E_4LG_T48,CN-Pseudocob,4.68,102989,0,32722,#N/A,Pseudocobs
Pseudocobs,230511_Smp_E_8G_T48,CN-Pseudocob,4.69,8871,0,5030,#N/A,Pseudocobs
Pseudocobs,230511_Std_10nM_B12s_1,CN-Pseudocob,4.68,133874,0,33375,#N/A,Pseudocobs
Pseudocobs,230511_Std_10nM_B12s_2,CN-Pseudocob,4.68,143897,266,36781,#N/A,Pseudocobs
Pseudocobs,230511_Std_1nM_B12s_1,CN-Pseudocob,4.68,115094,0,28726,#N/A,Pseudocobs
Pseudocobs,230511_Std_1nM_B12s_2,CN-Pseudocob,4.68,153538,89,41218,#N/A,Pseudocobs
Pseudocobs,230511_Std_20nM_B12s_1,CN-Pseudocob,4.68,144805,88,49056,#N/A,Pseudocobs
Pseudocobs,230511_Std_20nM_B12s_2,CN-Pseudocob,4.7,155146,888,45210,#N/A,Pseudocobs
Pseudocobs,230511_Std_5nM_B12s_1,CN-Pseudocob,4.68,137311,248,51544,#N/A,Pseudocobs
Pseudocobs,230511_Std_5nM_B12s_2,CN-Pseudocob,4.68,167150,1908,52508,#N/A,Pseudocobs
Pseudocobs,230511_Std_OnM_B12s_1,CN-Pseudocob,4.69,116285,183,33188,#N/A,Pseudocobs
Pseudocobs,230511_Std_OnM_B12s_2,CN-Pseudocob,4.68,141447,219,43444,#N/A,Pseudocobs
Pseudocobs,230511_Blk_DOM_blk_T0,OH-Pseudocob,3.62,52,25,29,#N/A,Pseudocobs
Pseudocobs,230511_Blk_DOM_blk_T48,OH-Pseudocob,3.68,180,0,301,#N/A,Pseudocobs
Pseudocobs,230511_Blk_Filter_blk_1,OH-Pseudocob,3.67,55,0,38,#N/A,Pseudocobs
Pseudocobs,230511_Blk_Filter_blk_2,OH-Pseudocob,3.64,69,0,23,#N/A,Pseudocobs
Pseudocobs,230511_Blk_Media_blk,OH-Pseudocob,3.61,278,3,448,#N/A,Pseudocobs
Pseudocobs,230511_Poo_TruePooMortality_Full1,OH-Pseudocob,3.61,41984,2226,13091,#N/A,Pseudocobs
Pseudocobs,230511_Poo_TruePooMortality_Full2,OH-Pseudocob,3.6,52264,0,19601,#N/A,Pseudocobs
Pseudocobs,230511_Poo_TruePooMortality_Full3,OH-Pseudocob,3.61,41892,644,16309,#N/A,Pseudocobs
Pseudocobs,230511_Poo_TruePooMortality_Full4,OH-Pseudocob,3.54,59,0,59,#N/A,Pseudocobs
Pseudocobs,230511_Smp_A_1C_T0,OH-Pseudocob,3.63,72570,139,25831,#N/A,Pseudocobs
Pseudocobs,230511_Smp_A_1C_T12,OH-Pseudocob,3.63,44802,125,15534,#N/A,Pseudocobs
Pseudocobs,230511_Smp_A_1C_T18,OH-Pseudocob,3.61,52070,0,16423,#N/A,Pseudocobs
Pseudocobs,230511_Smp_A_1C_T24,OH-Pseudocob,3.6,114387,3,39604,#N/A,Pseudocobs
Pseudocobs,230511_Smp_A_1C_T30,OH-Pseudocob,3.62,55205,1955,16140,#N/A,Pseudocobs
Pseudocobs,230511_Smp_A_1C_T36,OH-Pseudocob,3.61,247792,14897,76652,#N/A,Pseudocobs
Pseudocobs,230511_Smp_A_1C_T42,OH-Pseudocob,3.62,80158,0,31280,#N/A,Pseudocobs
Pseudocobs,230511_Smp_A_1C_T48,OH-Pseudocob,3.61,130333,228,40214,#N/A,Pseudocobs
Pseudocobs,230511_Smp_A_1C_T6,OH-Pseudocob,3.6,54775,548,21583,#N/A,Pseudocobs
Pseudocobs,230511_Smp_A_3LV_T0,OH-Pseudocob,3.6,75745,214,27557,#N/A,Pseudocobs
Pseudocobs,230511_Smp_A_3LV_T12,OH-Pseudocob,3.6,29488,237,12839,#N/A,Pseudocobs
Pseudocobs,230511_Smp_A_3LV_T24,OH-Pseudocob,3.6,155582,8787,57850,#N/A,Pseudocobs
Pseudocobs,230511_Smp_A_3LV_T36,OH-Pseudocob,3.62,252192,49807,84311,#N/A,Pseudocobs
Pseudocobs,230511_Smp_A_3LV_T48,OH-Pseudocob,3.61,80493,398,35100,#N/A,Pseudocobs
Pseudocobs,230511_Smp_A_4LGV_T0,OH-Pseudocob,3.62,76628,0,32682,#N/A,Pseudocobs
Pseudocobs,230511_Smp_A_4LGV_T12,OH-Pseudocob,3.59,73032,1691,28138,#N/A,Pseudocobs
Pseudocobs,230511_Smp_A_4LGV_T24,OH-Pseudocob,3.61,20139,2,8076,#N/A,Pseudocobs
Pseudocobs,230511_Smp_A_4LGV_T36,OH-Pseudocob,3.61,25209,0,6921,#N/A,Pseudocobs
Pseudocobs,230511_Smp_A_4LGV_T48,OH-Pseudocob,3.63,6396,0,3532,#N/A,Pseudocobs
Pseudocobs,230511_Smp_A_6HV_T0,OH-Pseudocob,3.59,89018,229,28807,#N/A,Pseudocobs
Pseudocobs,230511_Smp_A_6HV_T12,OH-Pseudocob,3.59,38489,0,11765,#N/A,Pseudocobs
Pseudocobs,230511_Smp_A_6HV_T24,OH-Pseudocob,3.62,55087,0,19647,#N/A,Pseudocobs
Pseudocobs,230511_Smp_A_6HV_T36,OH-Pseudocob,3.61,19977,0,12058,#N/A,Pseudocobs
Pseudocobs,230511_Smp_A_6HV_T48,OH-Pseudocob,3.62,6567,0,2425,#N/A,Pseudocobs
Pseudocobs,230511_Smp_A_8G_T0,OH-Pseudocob,3.64,3949,128,2846,#N/A,Pseudocobs
Pseudocobs,230511_Smp_A_8G_T48,OH-Pseudocob,3.61,5376,0,4609,#N/A,Pseudocobs
Pseudocobs,230511_Smp_A_9V_T0,OH-Pseudocob,3.61,262,0,504,#N/A,Pseudocobs
Pseudocobs,230511_Smp_B_1C_T0,OH-Pseudocob,3.61,33522,0,11510,#N/A,Pseudocobs
Pseudocobs,230511_Smp_B_1C_T12,OH-Pseudocob,3.6,64435,359,23650,#N/A,Pseudocobs
Pseudocobs,230511_Smp_B_1C_T18,OH-Pseudocob,3.59,36328,318,17218,#N/A,Pseudocobs
Pseudocobs,230511_Smp_B_1C_T24,OH-Pseudocob,3.6,176946,7,58848,#N/A,Pseudocobs
Pseudocobs,230511_Smp_B_1C_T30,OH-Pseudocob,3.6,87713,291,23707,#N/A,Pseudocobs
Pseudocobs,230511_Smp_B_1C_T36,OH-Pseudocob,3.6,601908,29138,176698,#N/A,Pseudocobs
Pseudocobs,230511_Smp_B_1C_T42,OH-Pseudocob,3.61,105835,5093,40099,#N/A,Pseudocobs
Pseudocobs,230511_Smp_B_1C_T48,OH-Pseudocob,3.61,252773,9230,77831,#N/A,Pseudocobs
Pseudocobs,230511_Smp_B_1C_T6,OH-Pseudocob,3.63,35405,0,8574,#N/A,Pseudocobs
Pseudocobs,230511_Smp_B_3LV_T0,OH-Pseudocob,3.62,72445,0,26391,#N/A,Pseudocobs
Pseudocobs,230511_Smp_B_3LV_T12,OH-Pseudocob,3.61,122860,0,41777,#N/A,Pseudocobs
Pseudocobs,230511_Smp_B_3LV_T24,OH-Pseudocob,3.61,154828,363,48728,#N/A,Pseudocobs
Pseudocobs,230511_Smp_B_3LV_T36,OH-Pseudocob,3.61,177683,3874,73022,#N/A,Pseudocobs
Pseudocobs,230511_Smp_B_3LV_T48,OH-Pseudocob,3.6,21390,820,10400,#N/A,Pseudocobs
Pseudocobs,230511_Smp_B_4LGV_T0,OH-Pseudocob,3.62,86114,15,29736,#N/A,Pseudocobs
Pseudocobs,230511_Smp_B_4LGV_T12,OH-Pseudocob,3.59,34055,0,14687,#N/A,Pseudocobs
Pseudocobs,230511_Smp_B_4LGV_T24,OH-Pseudocob,3.71,29,0,27,#N/A,Pseudocobs
Pseudocobs,230511_Smp_B_4LGV_T36,OH-Pseudocob,3.62,15078,0,4824,#N/A,Pseudocobs
Pseudocobs,230511_Smp_B_4LGV_T48,OH-Pseudocob,3.63,6803,0,2575,#N/A,Pseudocobs
Pseudocobs,230511_Smp_B_6HV_T0,OH-Pseudocob,3.62,110302,57,44337,#N/A,Pseudocobs
Pseudocobs,230511_Smp_B_6HV_T12,OH-Pseudocob,3.61,59609,169,18898,#N/A,Pseudocobs
Pseudocobs,230511_Smp_B_6HV_T24,OH-Pseudocob,3.61,25523,0,11658,#N/A,Pseudocobs
Pseudocobs,230511_Smp_B_6HV_T36,OH-Pseudocob,3.61,589,0,527,#N/A,Pseudocobs
Pseudocobs,230511_Smp_B_6HV_T48,OH-Pseudocob,3.61,11877,0,5482,#N/A,Pseudocobs
Pseudocobs,230511_Smp_C_1C_T0,OH-Pseudocob,3.6,54582,0,17239,#N/A,Pseudocobs
Pseudocobs,230511_Smp_C_1C_T12,OH-Pseudocob,3.6,79935,941,32305,#N/A,Pseudocobs
Pseudocobs,230511_Smp_C_1C_T18,OH-Pseudocob,3.6,64127,3807,20797,#N/A,Pseudocobs
Pseudocobs,230511_Smp_C_1C_T24,OH-Pseudocob,3.61,184977,5737,53679,#N/A,Pseudocobs
Pseudocobs,230511_Smp_C_1C_T30,OH-Pseudocob,3.6,103033,0,44201,#N/A,Pseudocobs
Pseudocobs,230511_Smp_C_1C_T36,OH-Pseudocob,3.63,116658,6845,36233,#N/A,Pseudocobs
Pseudocobs,230511_Smp_C_1C_T42,OH-Pseudocob,3.61,42253,448,20208,#N/A,Pseudocobs
Pseudocobs,230511_Smp_C_1C_T48,OH-Pseudocob,3.61,221840,20609,73095,#N/A,Pseudocobs
Pseudocobs,230511_Smp_C_1C_T6,OH-Pseudocob,3.6,39567,175,17436,#N/A,Pseudocobs
Pseudocobs,230511_Smp_C_3LV_T0,OH-Pseudocob,3.6,51926,0,18658,#N/A,Pseudocobs
Pseudocobs,230511_Smp_C_3LV_T12,OH-Pseudocob,3.61,109410,257,40424,#N/A,Pseudocobs
Pseudocobs,230511_Smp_C_3LV_T24,OH-Pseudocob,3.6,110171,0,40981,#N/A,Pseudocobs
Pseudocobs,230511_Smp_C_3LV_T36,OH-Pseudocob,3.63,51892,0,18278,#N/A,Pseudocobs
Pseudocobs,230511_Smp_C_3LV_T48,OH-Pseudocob,3.61,10426,387,4237,#N/A,Pseudocobs
Pseudocobs,230511_Smp_C_4LGV_T0,OH-Pseudocob,3.6,32101,0,11239,#N/A,Pseudocobs
Pseudocobs,230511_Smp_C_4LGV_T12,OH-Pseudocob,3.61,49851,0,17699,#N/A,Pseudocobs
Pseudocobs,230511_Smp_C_4LGV_T24,OH-Pseudocob,3.63,10218,225,4188,#N/A,Pseudocobs
Pseudocobs,230511_Smp_C_4LGV_T36,OH-Pseudocob,3.61,36314,633,17708,#N/A,Pseudocobs
Pseudocobs,230511_Smp_C_4LGV_T48,OH-Pseudocob,3.61,8868,6443,3330,#N/A,Pseudocobs
Pseudocobs,230511_Smp_C_6HV_T0,OH-Pseudocob,3.63,28834,388,14025,#N/A,Pseudocobs
Pseudocobs,230511_Smp_C_6HV_T12,OH-Pseudocob,3.6,41092,1731,17272,#N/A,Pseudocobs
Pseudocobs,230511_Smp_C_6HV_T24,OH-Pseudocob,3.62,21323,64,11597,#N/A,Pseudocobs
Pseudocobs,230511_Smp_C_6HV_T36,OH-Pseudocob,3.61,4665,38,3573,#N/A,Pseudocobs
Pseudocobs,230511_Smp_C_6HV_T48,OH-Pseudocob,3.61,6712,71,3625,#N/A,Pseudocobs
Pseudocobs,230511_Smp_E_2LG_T0,OH-Pseudocob,3.63,16628,0,8557,#N/A,Pseudocobs
Pseudocobs,230511_Smp_E_2LG_T24,OH-Pseudocob,3.61,19499,0,9417,#N/A,Pseudocobs
Pseudocobs,230511_Smp_E_2LG_T36,OH-Pseudocob,3.59,6276,0,2384,#N/A,Pseudocobs
Pseudocobs,230511_Smp_E_2LG_T48,OH-Pseudocob,3.63,1571,103,1295,#N/A,Pseudocobs
Pseudocobs,230511_Smp_E_3LG_T0,OH-Pseudocob,3.62,101010,132,30635,#N/A,Pseudocobs
Pseudocobs,230511_Smp_E_3LG_T24,OH-Pseudocob,3.61,37440,37,14697,#N/A,Pseudocobs
Pseudocobs,230511_Smp_E_3LG_T36,OH-Pseudocob,3.62,5223,35,4580,#N/A,Pseudocobs
Pseudocobs,230511_Smp_E_3LG_T48,OH-Pseudocob,3.61,4824,0,3363,#N/A,Pseudocobs
Pseudocobs,230511_Smp_E_4LG_T0,OH-Pseudocob,3.62,56349,171,24562,#N/A,Pseudocobs
Pseudocobs,230511_Smp_E_4LG_T24,OH-Pseudocob,3.59,11647,1625,4321,#N/A,Pseudocobs
Pseudocobs,230511_Smp_E_4LG_T36,OH-Pseudocob,3.62,5329,180,3779,#N/A,Pseudocobs
Pseudocobs,230511_Smp_E_4LG_T48,OH-Pseudocob,3.59,3458,0,1720,#N/A,Pseudocobs
Pseudocobs,230511_Smp_E_8G_T48,OH-Pseudocob,3.76,731,155,293,#N/A,Pseudocobs
Pseudocobs,230511_Std_10nM_B12s_1,OH-Pseudocob,3.61,94247,181,22703,#N/A,Pseudocobs
Pseudocobs,230511_Std_10nM_B12s_2,OH-Pseudocob,3.59,71984,0,21922,#N/A,Pseudocobs
Pseudocobs,230511_Std_1nM_B12s_1,OH-Pseudocob,3.6,85600,3388,29037,#N/A,Pseudocobs
Pseudocobs,230511_Std_1nM_B12s_2,OH-Pseudocob,3.61,60589,2,25643,#N/A,Pseudocobs
Pseudocobs,230511_Std_20nM_B12s_1,OH-Pseudocob,3.59,112516,321,41485,#N/A,Pseudocobs
Pseudocobs,230511_Std_20nM_B12s_2,OH-Pseudocob,3.6,56263,5684,17218,#N/A,Pseudocobs
Pseudocobs,230511_Std_5nM_B12s_1,OH-Pseudocob,3.59,115876,174,45565,#N/A,Pseudocobs
Pseudocobs,230511_Std_5nM_B12s_2,OH-Pseudocob,3.6,63819,0,18969,#N/A,Pseudocobs
Pseudocobs,230511_Std_OnM_B12s_1,OH-Pseudocob,3.58,99157,33,33259,#N/A,Pseudocobs
Pseudocobs,230511_Std_OnM_B12s_2,OH-Pseudocob,3.6,67727,156,22173,#N/A,Pseudocobs
Pseudocobs,230511_Blk_DOM_blk_T0,OH-Pseudocob,3.6,0,0,0,#N/A,Pseudocobs
Pseudocobs,230511_Blk_DOM_blk_T48,OH-Pseudocob,3.67,35,0,31,#N/A,Pseudocobs
Pseudocobs,230511_Blk_Filter_blk_1,OH-Pseudocob,3.63,68,0,26,#N/A,Pseudocobs
Pseudocobs,230511_Blk_Filter_blk_2,OH-Pseudocob,3.67,41,0,37,#N/A,Pseudocobs
Pseudocobs,230511_Blk_Media_blk,OH-Pseudocob,3.61,1129,0,1120,#N/A,Pseudocobs
Pseudocobs,230511_Poo_TruePooMortality_Full1,OH-Pseudocob,3.6,180992,6479,71909,#N/A,Pseudocobs
Pseudocobs,230511_Poo_TruePooMortality_Full2,OH-Pseudocob,3.6,161360,395,51275,#N/A,Pseudocobs
Pseudocobs,230511_Poo_TruePooMortality_Full3,OH-Pseudocob,3.6,134239,20162,46722,#N/A,Pseudocobs
Pseudocobs,230511_Poo_TruePooMortality_Full4,OH-Pseudocob,3.6,2642,0,2421,#N/A,Pseudocobs
Pseudocobs,230511_Smp_A_1C_T0,OH-Pseudocob,3.63,235623,8798,84342,#N/A,Pseudocobs
Pseudocobs,230511_Smp_A_1C_T12,OH-Pseudocob,3.63,151845,311,51329,#N/A,Pseudocobs
Pseudocobs,230511_Smp_A_1C_T18,OH-Pseudocob,3.6,180425,298,64603,#N/A,Pseudocobs
Pseudocobs,230511_Smp_A_1C_T24,OH-Pseudocob,3.6,413731,109,133122,#N/A,Pseudocobs
Pseudocobs,230511_Smp_A_1C_T30,OH-Pseudocob,3.61,205490,406,74819,#N/A,Pseudocobs
Pseudocobs,230511_Smp_A_1C_T36,OH-Pseudocob,3.6,834623,21410,254232,#N/A,Pseudocobs
Pseudocobs,230511_Smp_A_1C_T42,OH-Pseudocob,3.6,268452,293,98925,#N/A,Pseudocobs
Pseudocobs,230511_Smp_A_1C_T48,OH-Pseudocob,3.63,445621,4128,136685,#N/A,Pseudocobs
Pseudocobs,230511_Smp_A_1C_T6,OH-Pseudocob,3.61,166919,291,56623,#N/A,Pseudocobs
Pseudocobs,230511_Smp_A_3LV_T0,OH-Pseudocob,3.61,254219,6,86714,#N/A,Pseudocobs
Pseudocobs,230511_Smp_A_3LV_T12,OH-Pseudocob,3.6,121391,508,41649,#N/A,Pseudocobs
Pseudocobs,230511_Smp_A_3LV_T24,OH-Pseudocob,3.6,503585,26097,174440,#N/A,Pseudocobs
Pseudocobs,230511_Smp_A_3LV_T36,OH-Pseudocob,3.61,970360,81142,335999,#N/A,Pseudocobs
Pseudocobs,230511_Smp_A_3LV_T48,OH-Pseudocob,3.62,294588,3403,92806,#N/A,Pseudocobs
Pseudocobs,230511_Smp_A_4LGV_T0,OH-Pseudocob,3.6,247801,4117,85657,#N/A,Pseudocobs
Pseudocobs,230511_Smp_A_4LGV_T12,OH-Pseudocob,3.61,265248,3269,105234,#N/A,Pseudocobs
Pseudocobs,230511_Smp_A_4LGV_T24,OH-Pseudocob,3.62,74121,201,26282,#N/A,Pseudocobs
Pseudocobs,230511_Smp_A_4LGV_T36,OH-Pseudocob,3.6,67793,19447,29025,#N/A,Pseudocobs
Pseudocobs,230511_Smp_A_4LGV_T48,OH-Pseudocob,3.63,37326,7475,12182,#N/A,Pseudocobs
Pseudocobs,230511_Smp_A_6HV_T0,OH-Pseudocob,3.6,317434,1043,97047,#N/A,Pseudocobs
Pseudocobs,230511_Smp_A_6HV_T12,OH-Pseudocob,3.6,135075,7978,41691,#N/A,Pseudocobs
Pseudocobs,230511_Smp_A_6HV_T24,OH-Pseudocob,3.6,159247,5268,58177,#N/A,Pseudocobs
Pseudocobs,230511_Smp_A_6HV_T36,OH-Pseudocob,3.6,83861,1507,38281,#N/A,Pseudocobs
Pseudocobs,230511_Smp_A_6HV_T48,OH-Pseudocob,3.63,40256,93,13726,#N/A,Pseudocobs
Pseudocobs,230511_Smp_A_8G_T0,OH-Pseudocob,3.61,16357,199,6355,#N/A,Pseudocobs
Pseudocobs,230511_Smp_A_8G_T48,OH-Pseudocob,3.61,10277,2,7335,#N/A,Pseudocobs
Pseudocobs,230511_Smp_A_9V_T0,OH-Pseudocob,3.65,176,0,322,#N/A,Pseudocobs
Pseudocobs,230511_Smp_B_1C_T0,OH-Pseudocob,3.6,130030,462,45324,#N/A,Pseudocobs
Pseudocobs,230511_Smp_B_1C_T12,OH-Pseudocob,3.61,228621,137,66077,#N/A,Pseudocobs
Pseudocobs,230511_Smp_B_1C_T18,OH-Pseudocob,3.6,154807,418,48829,#N/A,Pseudocobs
Pseudocobs,230511_Smp_B_1C_T24,OH-Pseudocob,3.62,664514,101,218005,#N/A,Pseudocobs
Pseudocobs,230511_Smp_B_1C_T30,OH-Pseudocob,3.61,290599,6678,83160,#N/A,Pseudocobs
Pseudocobs,230511_Smp_B_1C_T36,OH-Pseudocob,3.62,2077236,144670,659541,#N/A,Pseudocobs
Pseudocobs,230511_Smp_B_1C_T42,OH-Pseudocob,3.61,311734,32209,101053,#N/A,Pseudocobs
Pseudocobs,230511_Smp_B_1C_T48,OH-Pseudocob,3.61,823870,70329,268098,#N/A,Pseudocobs
Pseudocobs,230511_Smp_B_1C_T6,OH-Pseudocob,3.6,160754,244,51876,#N/A,Pseudocobs
Pseudocobs,230511_Smp_B_3LV_T0,OH-Pseudocob,3.62,239097,27,75189,#N/A,Pseudocobs
Pseudocobs,230511_Smp_B_3LV_T12,OH-Pseudocob,3.62,417776,10088,122450,#N/A,Pseudocobs
Pseudocobs,230511_Smp_B_3LV_T24,OH-Pseudocob,3.61,502976,14628,159940,#N/A,Pseudocobs
Pseudocobs,230511_Smp_B_3LV_T36,OH-Pseudocob,3.61,544641,64912,186628,#N/A,Pseudocobs
Pseudocobs,230511_Smp_B_3LV_T48,OH-Pseudocob,3.6,66331,146,31182,#N/A,Pseudocobs
Pseudocobs,230511_Smp_B_4LGV_T0,OH-Pseudocob,3.6,272353,14426,82436,#N/A,Pseudocobs
Pseudocobs,230511_Smp_B_4LGV_T12,OH-Pseudocob,3.6,137617,779,41767,#N/A,Pseudocobs
Pseudocobs,230511_Smp_B_4LGV_T24,OH-Pseudocob,3.75,39,0,25,#N/A,Pseudocobs
Pseudocobs,230511_Smp_B_4LGV_T36,OH-Pseudocob,3.6,67602,0,22574,#N/A,Pseudocobs
Pseudocobs,230511_Smp_B_4LGV_T48,OH-Pseudocob,3.59,35619,1865,13334,#N/A,Pseudocobs
Pseudocobs,230511_Smp_B_6HV_T0,OH-Pseudocob,3.61,388523,1342,122583,#N/A,Pseudocobs
Pseudocobs,230511_Smp_B_6HV_T12,OH-Pseudocob,3.61,199168,270,69346,#N/A,Pseudocobs
Pseudocobs,230511_Smp_B_6HV_T24,OH-Pseudocob,3.61,112841,211,32936,#N/A,Pseudocobs
Pseudocobs,230511_Smp_B_6HV_T36,OH-Pseudocob,3.61,17882,223,6148,#N/A,Pseudocobs
Pseudocobs,230511_Smp_B_6HV_T48,OH-Pseudocob,3.6,49231,60,14604,#N/A,Pseudocobs
Pseudocobs,230511_Smp_C_1C_T0,OH-Pseudocob,3.61,232099,9767,77884,#N/A,Pseudocobs
Pseudocobs,230511_Smp_C_1C_T12,OH-Pseudocob,3.61,250893,2827,76682,#N/A,Pseudocobs
Pseudocobs,230511_Smp_C_1C_T18,OH-Pseudocob,3.6,227109,4290,70364,#N/A,Pseudocobs
Pseudocobs,230511_Smp_C_1C_T24,OH-Pseudocob,3.6,541270,15267,182030,#N/A,Pseudocobs
Pseudocobs,230511_Smp_C_1C_T30,OH-Pseudocob,3.6,368604,15341,128121,#N/A,Pseudocobs
Pseudocobs,230511_Smp_C_1C_T36,OH-Pseudocob,3.62,449108,20272,152084,#N/A,Pseudocobs
Pseudocobs,230511_Smp_C_1C_T42,OH-Pseudocob,3.62,166065,158,57889,#N/A,Pseudocobs
Pseudocobs,230511_Smp_C_1C_T48,OH-Pseudocob,3.61,765132,54790,281094,#N/A,Pseudocobs
Pseudocobs,230511_Smp_C_1C_T6,OH-Pseudocob,3.61,171541,0,58650,#N/A,Pseudocobs
Pseudocobs,230511_Smp_C_3LV_T0,OH-Pseudocob,3.6,165099,286,55626,#N/A,Pseudocobs
Pseudocobs,230511_Smp_C_3LV_T12,OH-Pseudocob,3.61,348308,510,96475,#N/A,Pseudocobs
Pseudocobs,230511_Smp_C_3LV_T24,OH-Pseudocob,3.6,381490,9366,135520,#N/A,Pseudocobs
Pseudocobs,230511_Smp_C_3LV_T36,OH-Pseudocob,3.6,167095,11761,52353,#N/A,Pseudocobs
Pseudocobs,230511_Smp_C_3LV_T48,OH-Pseudocob,3.6,40923,16929,14802,#N/A,Pseudocobs
Pseudocobs,230511_Smp_C_4LGV_T0,OH-Pseudocob,3.6,127385,313,49544,#N/A,Pseudocobs
Pseudocobs,230511_Smp_C_4LGV_T12,OH-Pseudocob,3.61,179857,277,53473,#N/A,Pseudocobs
Pseudocobs,230511_Smp_C_4LGV_T24,OH-Pseudocob,3.64,34330,9124,10513,#N/A,Pseudocobs
Pseudocobs,230511_Smp_C_4LGV_T36,OH-Pseudocob,3.6,90035,19376,35958,#N/A,Pseudocobs
Pseudocobs,230511_Smp_C_4LGV_T48,OH-Pseudocob,3.63,47029,8329,13275,#N/A,Pseudocobs
Pseudocobs,230511_Smp_C_6HV_T0,OH-Pseudocob,3.6,100818,2313,32895,#N/A,Pseudocobs
Pseudocobs,230511_Smp_C_6HV_T12,OH-Pseudocob,3.61,165017,109,53785,#N/A,Pseudocobs
Pseudocobs,230511_Smp_C_6HV_T24,OH-Pseudocob,3.62,76242,187,25592,#N/A,Pseudocobs
Pseudocobs,230511_Smp_C_6HV_T36,OH-Pseudocob,3.63,18775,35,8823,#N/A,Pseudocobs
Pseudocobs,230511_Smp_C_6HV_T48,OH-Pseudocob,3.62,30082,0,10565,#N/A,Pseudocobs
Pseudocobs,230511_Smp_E_2LG_T0,OH-Pseudocob,3.61,56198,197,22722,#N/A,Pseudocobs
Pseudocobs,230511_Smp_E_2LG_T24,OH-Pseudocob,3.61,96315,696,35258,#N/A,Pseudocobs
Pseudocobs,230511_Smp_E_2LG_T36,OH-Pseudocob,3.6,38047,473,11813,#N/A,Pseudocobs
Pseudocobs,230511_Smp_E_2LG_T48,OH-Pseudocob,3.66,16964,4574,8045,#N/A,Pseudocobs
Pseudocobs,230511_Smp_E_3LG_T0,OH-Pseudocob,3.61,339851,7071,110396,#N/A,Pseudocobs
Pseudocobs,230511_Smp_E_3LG_T24,OH-Pseudocob,3.61,136709,0,44479,#N/A,Pseudocobs
Pseudocobs,230511_Smp_E_3LG_T36,OH-Pseudocob,3.62,28635,2002,10293,#N/A,Pseudocobs
Pseudocobs,230511_Smp_E_3LG_T48,OH-Pseudocob,3.59,9012,14249,4789,#N/A,Pseudocobs
Pseudocobs,230511_Smp_E_4LG_T0,OH-Pseudocob,3.6,189114,13275,66809,#N/A,Pseudocobs
Pseudocobs,230511_Smp_E_4LG_T24,OH-Pseudocob,3.61,45610,380,17627,#N/A,Pseudocobs
Pseudocobs,230511_Smp_E_4LG_T36,OH-Pseudocob,3.59,35462,118,9898,#N/A,Pseudocobs
Pseudocobs,230511_Smp_E_4LG_T48,OH-Pseudocob,3.61,14057,2220,10852,#N/A,Pseudocobs
Pseudocobs,230511_Smp_E_8G_T48,OH-Pseudocob,3.74,7299,1166,3982,#N/A,Pseudocobs
Pseudocobs,230511_Std_10nM_B12s_1,OH-Pseudocob,3.6,337286,6193,103421,#N/A,Pseudocobs
Pseudocobs,230511_Std_10nM_B12s_2,OH-Pseudocob,3.61,254840,1583,83756,#N/A,Pseudocobs
Pseudocobs,230511_Std_1nM_B12s_1,OH-Pseudocob,3.59,346410,10994,122803,#N/A,Pseudocobs
Pseudocobs,230511_Std_1nM_B12s_2,OH-Pseudocob,3.61,207193,6637,73528,#N/A,Pseudocobs
Pseudocobs,230511_Std_20nM_B12s_1,OH-Pseudocob,3.59,348437,17149,124496,#N/A,Pseudocobs
Pseudocobs,230511_Std_20nM_B12s_2,OH-Pseudocob,3.6,239052,14764,83665,#N/A,Pseudocobs
Pseudocobs,230511_Std_5nM_B12s_1,OH-Pseudocob,3.61,314604,9197,98047,#N/A,Pseudocobs
Pseudocobs,230511_Std_5nM_B12s_2,OH-Pseudocob,3.61,249454,1749,90563,#N/A,Pseudocobs
Pseudocobs,230511_Std_OnM_B12s_1,OH-Pseudocob,3.58,360597,884,111349,#N/A,Pseudocobs
Pseudocobs,230511_Std_OnM_B12s_2,OH-Pseudocob,3.6,194976,14229,59973,#N/A,Pseudocobs
Pseudocobs,230511_Blk_DOM_blk_T0,Me-Pseudocob,4.62,22,0,27,#N/A,Pseudocobs
Pseudocobs,230511_Blk_DOM_blk_T48,Me-Pseudocob,4.6,11,0,21,#N/A,Pseudocobs
Pseudocobs,230511_Blk_Filter_blk_1,Me-Pseudocob,4.56,5,0,19,#N/A,Pseudocobs
Pseudocobs,230511_Blk_Filter_blk_2,Me-Pseudocob,5.88,87,0,93,#N/A,Pseudocobs
Pseudocobs,230511_Blk_Media_blk,Me-Pseudocob,4.58,5,0,11,#N/A,Pseudocobs
Pseudocobs,230511_Poo_TruePooMortality_Full1,Me-Pseudocob,4.62,36,0,48,#N/A,Pseudocobs
Pseudocobs,230511_Poo_TruePooMortality_Full2,Me-Pseudocob,4.59,3,5,9,#N/A,Pseudocobs
Pseudocobs,230511_Poo_TruePooMortality_Full3,Me-Pseudocob,4.57,50,0,44,#N/A,Pseudocobs
Pseudocobs,230511_Poo_TruePooMortality_Full4,Me-Pseudocob,4.59,29,0,58,#N/A,Pseudocobs
Pseudocobs,230511_Smp_A_1C_T0,Me-Pseudocob,5.06,17,0,27,#N/A,Pseudocobs
Pseudocobs,230511_Smp_A_1C_T12,Me-Pseudocob,4.97,1,22,4,#N/A,Pseudocobs
Pseudocobs,230511_Smp_A_1C_T18,Me-Pseudocob,4.59,47,3,51,#N/A,Pseudocobs
Pseudocobs,230511_Smp_A_1C_T24,Me-Pseudocob,4.61,31,10,25,#N/A,Pseudocobs
Pseudocobs,230511_Smp_A_1C_T30,Me-Pseudocob,4.59,0,0,0,#N/A,Pseudocobs
Pseudocobs,230511_Smp_A_1C_T36,Me-Pseudocob,4.57,33,36,39,#N/A,Pseudocobs
Pseudocobs,230511_Smp_A_1C_T42,Me-Pseudocob,4.51,17,0,27,#N/A,Pseudocobs
Pseudocobs,230511_Smp_A_1C_T48,Me-Pseudocob,4.6,17,0,22,#N/A,Pseudocobs
Pseudocobs,230511_Smp_A_1C_T6,Me-Pseudocob,4.58,1,0,0,#N/A,Pseudocobs
Pseudocobs,230511_Smp_A_3LV_T0,Me-Pseudocob,4.6,43,0,29,#N/A,Pseudocobs
Pseudocobs,230511_Smp_A_3LV_T12,Me-Pseudocob,4.59,6,0,28,#N/A,Pseudocobs
Pseudocobs,230511_Smp_A_3LV_T24,Me-Pseudocob,4.59,28,0,28,#N/A,Pseudocobs
Pseudocobs,230511_Smp_A_3LV_T36,Me-Pseudocob,4.57,29,0,27,#N/A,Pseudocobs
Pseudocobs,230511_Smp_A_3LV_T48,Me-Pseudocob,4.59,0,0,0,#N/A,Pseudocobs
Pseudocobs,230511_Smp_A_4LGV_T0,Me-Pseudocob,4.58,0,0,0,#N/A,Pseudocobs
Pseudocobs,230511_Smp_A_4LGV_T12,Me-Pseudocob,4.59,0,0,0,#N/A,Pseudocobs
Pseudocobs,230511_Smp_A_4LGV_T24,Me-Pseudocob,4.07,11,10,27,#N/A,Pseudocobs
Pseudocobs,230511_Smp_A_4LGV_T36,Me-Pseudocob,4.49,198,0,216,#N/A,Pseudocobs
Pseudocobs,230511_Smp_A_4LGV_T48,Me-Pseudocob,4.59,16,6,24,#N/A,Pseudocobs
Pseudocobs,230511_Smp_A_6HV_T0,Me-Pseudocob,4.63,18,0,28,#N/A,Pseudocobs
Pseudocobs,230511_Smp_A_6HV_T12,Me-Pseudocob,4.6,26,0,31,#N/A,Pseudocobs
Pseudocobs,230511_Smp_A_6HV_T24,Me-Pseudocob,4.59,38,0,50,#N/A,Pseudocobs
Pseudocobs,230511_Smp_A_6HV_T36,Me-Pseudocob,4.58,14,0,27,#N/A,Pseudocobs
Pseudocobs,230511_Smp_A_6HV_T48,Me-Pseudocob,4.57,6,0,19,#N/A,Pseudocobs
Pseudocobs,230511_Smp_A_8G_T0,Me-Pseudocob,4.18,16,0,30,#N/A,Pseudocobs
Pseudocobs,230511_Smp_A_8G_T48,Me-Pseudocob,4.56,34,0,47,#N/A,Pseudocobs
Pseudocobs,230511_Smp_A_9V_T0,Me-Pseudocob,4.6,16,0,27,#N/A,Pseudocobs
Pseudocobs,230511_Smp_B_1C_T0,Me-Pseudocob,4.6,28,0,25,#N/A,Pseudocobs
Pseudocobs,230511_Smp_B_1C_T12,Me-Pseudocob,4.07,27,0,49,#N/A,Pseudocobs
Pseudocobs,230511_Smp_B_1C_T18,Me-Pseudocob,4.88,37,0,59,#N/A,Pseudocobs
Pseudocobs,230511_Smp_B_1C_T24,Me-Pseudocob,4.58,0,0,0,#N/A,Pseudocobs
Pseudocobs,230511_Smp_B_1C_T30,Me-Pseudocob,4.6,15,0,24,#N/A,Pseudocobs
Pseudocobs,230511_Smp_B_1C_T36,Me-Pseudocob,4.61,47,10,28,#N/A,Pseudocobs
Pseudocobs,230511_Smp_B_1C_T42,Me-Pseudocob,4.37,14,0,24,#N/A,Pseudocobs
Pseudocobs,230511_Smp_B_1C_T48,Me-Pseudocob,4.5,21,0,27,#N/A,Pseudocobs
Pseudocobs,230511_Smp_B_1C_T6,Me-Pseudocob,4.91,80,0,72,#N/A,Pseudocobs
Pseudocobs,230511_Smp_B_3LV_T0,Me-Pseudocob,4.38,16,0,29,#N/A,Pseudocobs
Pseudocobs,230511_Smp_B_3LV_T12,Me-Pseudocob,4.59,28,0,24,#N/A,Pseudocobs
Pseudocobs,230511_Smp_B_3LV_T24,Me-Pseudocob,5.6,46,0,56,#N/A,Pseudocobs
Pseudocobs,230511_Smp_B_3LV_T36,Me-Pseudocob,4.57,15,0,23,#N/A,Pseudocobs
Pseudocobs,230511_Smp_B_3LV_T48,Me-Pseudocob,4.58,0,0,0,#N/A,Pseudocobs
Pseudocobs,230511_Smp_B_4LGV_T0,Me-Pseudocob,4.82,11,0,36,#N/A,Pseudocobs
Pseudocobs,230511_Smp_B_4LGV_T12,Me-Pseudocob,4.73,6,0,24,#N/A,Pseudocobs
Pseudocobs,230511_Smp_B_4LGV_T24,Me-Pseudocob,4.92,76,0,111,#N/A,Pseudocobs
Pseudocobs,230511_Smp_B_4LGV_T36,Me-Pseudocob,5.51,69,11,129,#N/A,Pseudocobs
Pseudocobs,230511_Smp_B_4LGV_T48,Me-Pseudocob,4.63,12,0,11,#N/A,Pseudocobs
Pseudocobs,230511_Smp_B_6HV_T0,Me-Pseudocob,4.61,24,0,26,#N/A,Pseudocobs
Pseudocobs,230511_Smp_B_6HV_T12,Me-Pseudocob,4.61,26,0,28,#N/A,Pseudocobs
Pseudocobs,230511_Smp_B_6HV_T24,Me-Pseudocob,4.58,0,0,0,#N/A,Pseudocobs
Pseudocobs,230511_Smp_B_6HV_T36,Me-Pseudocob,4.61,44,1,50,#N/A,Pseudocobs
Pseudocobs,230511_Smp_B_6HV_T48,Me-Pseudocob,4.63,75,0,35,#N/A,Pseudocobs
Pseudocobs,230511_Smp_C_1C_T0,Me-Pseudocob,4.58,0,0,0,#N/A,Pseudocobs
Pseudocobs,230511_Smp_C_1C_T12,Me-Pseudocob,4.59,0,0,0,#N/A,Pseudocobs
Pseudocobs,230511_Smp_C_1C_T18,Me-Pseudocob,4.61,58,0,35,#N/A,Pseudocobs
Pseudocobs,230511_Smp_C_1C_T24,Me-Pseudocob,4.91,835,0,600,#N/A,Pseudocobs
Pseudocobs,230511_Smp_C_1C_T30,Me-Pseudocob,4.6,19,0,26,#N/A,Pseudocobs
Pseudocobs,230511_Smp_C_1C_T36,Me-Pseudocob,4.6,34,0,24,#N/A,Pseudocobs
Pseudocobs,230511_Smp_C_1C_T42,Me-Pseudocob,4.59,0,0,0,#N/A,Pseudocobs
Pseudocobs,230511_Smp_C_1C_T48,Me-Pseudocob,4.63,71,0,49,#N/A,Pseudocobs
Pseudocobs,230511_Smp_C_1C_T6,Me-Pseudocob,5.6,36,0,51,#N/A,Pseudocobs
Pseudocobs,230511_Smp_C_3LV_T0,Me-Pseudocob,4.59,11,0,22,#N/A,Pseudocobs
Pseudocobs,230511_Smp_C_3LV_T12,Me-Pseudocob,4.57,0,0,0,#N/A,Pseudocobs
Pseudocobs,230511_Smp_C_3LV_T24,Me-Pseudocob,4.6,0,0,0,#N/A,Pseudocobs
Pseudocobs,230511_Smp_C_3LV_T36,Me-Pseudocob,4.59,45,0,50,#N/A,Pseudocobs
Pseudocobs,230511_Smp_C_3LV_T48,Me-Pseudocob,4.57,80,0,53,#N/A,Pseudocobs
Pseudocobs,230511_Smp_C_4LGV_T0,Me-Pseudocob,4.62,26,0,22,#N/A,Pseudocobs
Pseudocobs,230511_Smp_C_4LGV_T12,Me-Pseudocob,4.59,0,0,0,#N/A,Pseudocobs
Pseudocobs,230511_Smp_C_4LGV_T24,Me-Pseudocob,4.62,17,0,29,#N/A,Pseudocobs
Pseudocobs,230511_Smp_C_4LGV_T36,Me-Pseudocob,4.6,156,0,268,#N/A,Pseudocobs
Pseudocobs,230511_Smp_C_4LGV_T48,Me-Pseudocob,4.63,33,0,27,#N/A,Pseudocobs
Pseudocobs,230511_Smp_C_6HV_T0,Me-Pseudocob,4.57,67,0,53,#N/A,Pseudocobs
Pseudocobs,230511_Smp_C_6HV_T12,Me-Pseudocob,4.58,1,0,0,#N/A,Pseudocobs
Pseudocobs,230511_Smp_C_6HV_T24,Me-Pseudocob,4.59,0,0,0,#N/A,Pseudocobs
Pseudocobs,230511_Smp_C_6HV_T36,Me-Pseudocob,4.6,25,0,31,#N/A,Pseudocobs
Pseudocobs,230511_Smp_C_6HV_T48,Me-Pseudocob,4.32,41,0,32,#N/A,Pseudocobs
Pseudocobs,230511_Smp_E_2LG_T0,Me-Pseudocob,4.61,57,0,26,#N/A,Pseudocobs
Pseudocobs,230511_Smp_E_2LG_T24,Me-Pseudocob,4.59,0,0,0,#N/A,Pseudocobs
Pseudocobs,230511_Smp_E_2LG_T36,Me-Pseudocob,4.6,16,0,25,#N/A,Pseudocobs
Pseudocobs,230511_Smp_E_2LG_T48,Me-Pseudocob,4.55,13,0,21,#N/A,Pseudocobs
Pseudocobs,230511_Smp_E_3LG_T0,Me-Pseudocob,4.6,13,0,25,#N/A,Pseudocobs
Pseudocobs,230511_Smp_E_3LG_T24,Me-Pseudocob,4.58,0,0,0,#N/A,Pseudocobs
Pseudocobs,230511_Smp_E_3LG_T36,Me-Pseudocob,4.59,13,0,22,#N/A,Pseudocobs
Pseudocobs,230511_Smp_E_3LG_T48,Me-Pseudocob,4.6,38,0,50,#N/A,Pseudocobs
Pseudocobs,230511_Smp_E_4LG_T0,Me-Pseudocob,4.28,23,0,31,#N/A,Pseudocobs
Pseudocobs,230511_Smp_E_4LG_T24,Me-Pseudocob,4.6,25,0,28,#N/A,Pseudocobs
Pseudocobs,230511_Smp_E_4LG_T36,Me-Pseudocob,5.08,46,0,62,#N/A,Pseudocobs
Pseudocobs,230511_Smp_E_4LG_T48,Me-Pseudocob,4.62,80,0,71,#N/A,Pseudocobs
Pseudocobs,230511_Smp_E_8G_T48,Me-Pseudocob,4.6,6,0,16,#N/A,Pseudocobs
Pseudocobs,230511_Std_10nM_B12s_1,Me-Pseudocob,4.58,24,0,26,#N/A,Pseudocobs
Pseudocobs,230511_Std_10nM_B12s_2,Me-Pseudocob,4.61,25,0,27,#N/A,Pseudocobs
Pseudocobs,230511_Std_1nM_B12s_1,Me-Pseudocob,4.6,19,0,26,#N/A,Pseudocobs
Pseudocobs,230511_Std_1nM_B12s_2,Me-Pseudocob,4.61,20,0,22,#N/A,Pseudocobs
Pseudocobs,230511_Std_20nM_B12s_1,Me-Pseudocob,4.58,43,0,30,#N/A,Pseudocobs
Pseudocobs,230511_Std_20nM_B12s_2,Me-Pseudocob,4.59,142,0,177,#N/A,Pseudocobs
Pseudocobs,230511_Std_5nM_B12s_1,Me-Pseudocob,4.59,10,0,25,#N/A,Pseudocobs
Pseudocobs,230511_Std_5nM_B12s_2,Me-Pseudocob,4.58,0,0,0,#N/A,Pseudocobs
Pseudocobs,230511_Std_OnM_B12s_1,Me-Pseudocob,4.59,32,19,22,#N/A,Pseudocobs
Pseudocobs,230511_Std_OnM_B12s_2,Me-Pseudocob,4.62,29,1,28,#N/A,Pseudocobs
Pseudocobs,230511_Blk_DOM_blk_T0,Me-Pseudocob,4.6,28,0,25,#N/A,Pseudocobs
Pseudocobs,230511_Blk_DOM_blk_T48,Me-Pseudocob,4.59,0,0,0,#N/A,Pseudocobs
Pseudocobs,230511_Blk_Filter_blk_1,Me-Pseudocob,4.59,41,0,29,#N/A,Pseudocobs
Pseudocobs,230511_Blk_Filter_blk_2,Me-Pseudocob,5.87,93,0,86,#N/A,Pseudocobs
Pseudocobs,230511_Blk_Media_blk,Me-Pseudocob,4.59,7,0,12,#N/A,Pseudocobs
Pseudocobs,230511_Poo_TruePooMortality_Full1,Me-Pseudocob,4.62,740,5,1092,#N/A,Pseudocobs
Pseudocobs,230511_Poo_TruePooMortality_Full2,Me-Pseudocob,4.59,32,0,29,#N/A,Pseudocobs
Pseudocobs,230511_Poo_TruePooMortality_Full3,Me-Pseudocob,4.57,504,5,1266,#N/A,Pseudocobs
Pseudocobs,230511_Poo_TruePooMortality_Full4,Me-Pseudocob,4.59,0,0,0,#N/A,Pseudocobs
Pseudocobs,230511_Smp_A_1C_T0,Me-Pseudocob,5.06,353,0,806,#N/A,Pseudocobs
Pseudocobs,230511_Smp_A_1C_T12,Me-Pseudocob,4.97,347,0,629,#N/A,Pseudocobs
Pseudocobs,230511_Smp_A_1C_T18,Me-Pseudocob,4.61,132,0,113,#N/A,Pseudocobs
Pseudocobs,230511_Smp_A_1C_T24,Me-Pseudocob,4.64,129,0,186,#N/A,Pseudocobs
Pseudocobs,230511_Smp_A_1C_T30,Me-Pseudocob,4.59,14,0,27,#N/A,Pseudocobs
Pseudocobs,230511_Smp_A_1C_T36,Me-Pseudocob,4.62,4889,0,2519,#N/A,Pseudocobs
Pseudocobs,230511_Smp_A_1C_T42,Me-Pseudocob,4.5,262,0,371,#N/A,Pseudocobs
Pseudocobs,230511_Smp_A_1C_T48,Me-Pseudocob,4.59,17,10,20,#N/A,Pseudocobs
Pseudocobs,230511_Smp_A_1C_T6,Me-Pseudocob,4.6,32,0,26,#N/A,Pseudocobs
Pseudocobs,230511_Smp_A_3LV_T0,Me-Pseudocob,4.6,0,0,0,#N/A,Pseudocobs
Pseudocobs,230511_Smp_A_3LV_T12,Me-Pseudocob,4.6,17,0,27,#N/A,Pseudocobs
Pseudocobs,230511_Smp_A_3LV_T24,Me-Pseudocob,4.57,18,0,23,#N/A,Pseudocobs
Pseudocobs,230511_Smp_A_3LV_T36,Me-Pseudocob,4.62,983,0,755,#N/A,Pseudocobs
Pseudocobs,230511_Smp_A_3LV_T48,Me-Pseudocob,4.59,16,0,24,#N/A,Pseudocobs
Pseudocobs,230511_Smp_A_4LGV_T0,Me-Pseudocob,4.59,6,0,10,#N/A,Pseudocobs
Pseudocobs,230511_Smp_A_4LGV_T12,Me-Pseudocob,4.62,216,0,403,#N/A,Pseudocobs
Pseudocobs,230511_Smp_A_4LGV_T24,Me-Pseudocob,4.05,800,0,1140,#N/A,Pseudocobs
Pseudocobs,230511_Smp_A_4LGV_T36,Me-Pseudocob,4.56,21623,17079,6254,#N/A,Pseudocobs
Pseudocobs,230511_Smp_A_4LGV_T48,Me-Pseudocob,4.6,1366,0,1461,#N/A,Pseudocobs
Pseudocobs,230511_Smp_A_6HV_T0,Me-Pseudocob,4.6,29,0,24,#N/A,Pseudocobs
Pseudocobs,230511_Smp_A_6HV_T12,Me-Pseudocob,4.59,0,0,0,#N/A,Pseudocobs
Pseudocobs,230511_Smp_A_6HV_T24,Me-Pseudocob,4.59,58,0,44,#N/A,Pseudocobs
Pseudocobs,230511_Smp_A_6HV_T36,Me-Pseudocob,4.57,1143,9,866,#N/A,Pseudocobs
Pseudocobs,230511_Smp_A_6HV_T48,Me-Pseudocob,4.59,957,0,939,#N/A,Pseudocobs
Pseudocobs,230511_Smp_A_8G_T0,Me-Pseudocob,4.17,1031,0,1150,#N/A,Pseudocobs
Pseudocobs,230511_Smp_A_8G_T48,Me-Pseudocob,4.55,548,0,902,#N/A,Pseudocobs
Pseudocobs,230511_Smp_A_9V_T0,Me-Pseudocob,4.59,0,0,0,#N/A,Pseudocobs
Pseudocobs,230511_Smp_B_1C_T0,Me-Pseudocob,4.62,51,0,28,#N/A,Pseudocobs
Pseudocobs,230511_Smp_B_1C_T12,Me-Pseudocob,4.06,1539,11,2686,#N/A,Pseudocobs
Pseudocobs,230511_Smp_B_1C_T18,Me-Pseudocob,4.88,68,0,71,#N/A,Pseudocobs
Pseudocobs,230511_Smp_B_1C_T24,Me-Pseudocob,4.59,22,0,29,#N/A,Pseudocobs
Pseudocobs,230511_Smp_B_1C_T30,Me-Pseudocob,4.6,15,0,26,#N/A,Pseudocobs
Pseudocobs,230511_Smp_B_1C_T36,Me-Pseudocob,4.66,1784,0,1127,#N/A,Pseudocobs
Pseudocobs,230511_Smp_B_1C_T42,Me-Pseudocob,4.37,1458,10,2513,#N/A,Pseudocobs
Pseudocobs,230511_Smp_B_1C_T48,Me-Pseudocob,4.48,3245,0,2381,#N/A,Pseudocobs
Pseudocobs,230511_Smp_B_1C_T6,Me-Pseudocob,4.91,24,0,26,#N/A,Pseudocobs
Pseudocobs,230511_Smp_B_3LV_T0,Me-Pseudocob,4.4,82,0,58,#N/A,Pseudocobs
Pseudocobs,230511_Smp_B_3LV_T12,Me-Pseudocob,4.61,8,0,21,#N/A,Pseudocobs
Pseudocobs,230511_Smp_B_3LV_T24,Me-Pseudocob,5.6,453,10,537,#N/A,Pseudocobs
Pseudocobs,230511_Smp_B_3LV_T36,Me-Pseudocob,4.58,6843,129,5093,#N/A,Pseudocobs
Pseudocobs,230511_Smp_B_3LV_T48,Me-Pseudocob,4.6,4417,13,2657,#N/A,Pseudocobs
Pseudocobs,230511_Smp_B_4LGV_T0,Me-Pseudocob,4.83,373,0,691,#N/A,Pseudocobs
Pseudocobs,230511_Smp_B_4LGV_T12,Me-Pseudocob,4.74,997,0,1962,#N/A,Pseudocobs
Pseudocobs,230511_Smp_B_4LGV_T24,Me-Pseudocob,4.92,0,0,4,#N/A,Pseudocobs
Pseudocobs,230511_Smp_B_4LGV_T36,Me-Pseudocob,5.5,1892,9,2347,#N/A,Pseudocobs
Pseudocobs,230511_Smp_B_4LGV_T48,Me-Pseudocob,4.66,7634,162,3495,#N/A,Pseudocobs
Pseudocobs,230511_Smp_B_6HV_T0,Me-Pseudocob,4.6,0,0,0,#N/A,Pseudocobs
Pseudocobs,230511_Smp_B_6HV_T12,Me-Pseudocob,4.62,15,0,30,#N/A,Pseudocobs
Pseudocobs,230511_Smp_B_6HV_T24,Me-Pseudocob,4.59,47,0,25,#N/A,Pseudocobs
Pseudocobs,230511_Smp_B_6HV_T36,Me-Pseudocob,4.61,4966,3080,4082,#N/A,Pseudocobs
Pseudocobs,230511_Smp_B_6HV_T48,Me-Pseudocob,4.6,0,0,0,#N/A,Pseudocobs
Pseudocobs,230511_Smp_C_1C_T0,Me-Pseudocob,4.6,67,0,78,#N/A,Pseudocobs
Pseudocobs,230511_Smp_C_1C_T12,Me-Pseudocob,4.6,26,0,26,#N/A,Pseudocobs
Pseudocobs,230511_Smp_C_1C_T18,Me-Pseudocob,4.59,0,0,0,#N/A,Pseudocobs
Pseudocobs,230511_Smp_C_1C_T24,Me-Pseudocob,4.9,2041,0,2074,#N/A,Pseudocobs
Pseudocobs,230511_Smp_C_1C_T30,Me-Pseudocob,4.62,45,0,49,#N/A,Pseudocobs
Pseudocobs,230511_Smp_C_1C_T36,Me-Pseudocob,4.62,1428,15,2074,#N/A,Pseudocobs
Pseudocobs,230511_Smp_C_1C_T42,Me-Pseudocob,4.59,177,0,329,#N/A,Pseudocobs
Pseudocobs,230511_Smp_C_1C_T48,Me-Pseudocob,4.61,2403,0,2191,#N/A,Pseudocobs
Pseudocobs,230511_Smp_C_1C_T6,Me-Pseudocob,5.59,47,0,50,#N/A,Pseudocobs
Pseudocobs,230511_Smp_C_3LV_T0,Me-Pseudocob,4.61,52,0,44,#N/A,Pseudocobs
Pseudocobs,230511_Smp_C_3LV_T12,Me-Pseudocob,4.59,32,0,26,#N/A,Pseudocobs
Pseudocobs,230511_Smp_C_3LV_T24,Me-Pseudocob,4.6,427,0,599,#N/A,Pseudocobs
Pseudocobs,230511_Smp_C_3LV_T36,Me-Pseudocob,4.58,929,14,1174,#N/A,Pseudocobs
Pseudocobs,230511_Smp_C_3LV_T48,Me-Pseudocob,4.55,12765,0,5416,#N/A,Pseudocobs
Pseudocobs,230511_Smp_C_4LGV_T0,Me-Pseudocob,4.63,90,0,45,#N/A,Pseudocobs
Pseudocobs,230511_Smp_C_4LGV_T12,Me-Pseudocob,4.59,24,0,47,#N/A,Pseudocobs
Pseudocobs,230511_Smp_C_4LGV_T24,Me-Pseudocob,4.6,3542,16,2812,#N/A,Pseudocobs
Pseudocobs,230511_Smp_C_4LGV_T36,Me-Pseudocob,4.59,11426,1394,5864,#N/A,Pseudocobs
Pseudocobs,230511_Smp_C_4LGV_T48,Me-Pseudocob,4.63,3673,204,3139,#N/A,Pseudocobs
Pseudocobs,230511_Smp_C_6HV_T0,Me-Pseudocob,4.56,0,0,0,#N/A,Pseudocobs
Pseudocobs,230511_Smp_C_6HV_T12,Me-Pseudocob,4.59,68,0,85,#N/A,Pseudocobs
Pseudocobs,230511_Smp_C_6HV_T24,Me-Pseudocob,4.6,23,0,41,#N/A,Pseudocobs
Pseudocobs,230511_Smp_C_6HV_T36,Me-Pseudocob,4.59,137,0,240,#N/A,Pseudocobs
Pseudocobs,230511_Smp_C_6HV_T48,Me-Pseudocob,4.31,1508,0,1101,#N/A,Pseudocobs
Pseudocobs,230511_Smp_E_2LG_T0,Me-Pseudocob,4.57,2,14,5,#N/A,Pseudocobs
Pseudocobs,230511_Smp_E_2LG_T24,Me-Pseudocob,4.6,11,0,20,#N/A,Pseudocobs
Pseudocobs,230511_Smp_E_2LG_T36,Me-Pseudocob,4.59,779,30,1489,#N/A,Pseudocobs
Pseudocobs,230511_Smp_E_2LG_T48,Me-Pseudocob,4.61,1009,552,511,#N/A,Pseudocobs
Pseudocobs,230511_Smp_E_3LG_T0,Me-Pseudocob,4.61,14,0,26,#N/A,Pseudocobs
Pseudocobs,230511_Smp_E_3LG_T24,Me-Pseudocob,4.59,83,0,119,#N/A,Pseudocobs
Pseudocobs,230511_Smp_E_3LG_T36,Me-Pseudocob,4.58,3690,0,1972,#N/A,Pseudocobs
Pseudocobs,230511_Smp_E_3LG_T48,Me-Pseudocob,4.61,2534,62,2584,#N/A,Pseudocobs
Pseudocobs,230511_Smp_E_4LG_T0,Me-Pseudocob,4.28,641,0,1324,#N/A,Pseudocobs
Pseudocobs,230511_Smp_E_4LG_T24,Me-Pseudocob,4.6,65,0,29,#N/A,Pseudocobs
Pseudocobs,230511_Smp_E_4LG_T36,Me-Pseudocob,5.07,3438,0,3044,#N/A,Pseudocobs
Pseudocobs,230511_Smp_E_4LG_T48,Me-Pseudocob,4.61,114,0,173,#N/A,Pseudocobs
Pseudocobs,230511_Smp_E_8G_T48,Me-Pseudocob,4.59,633,0,1755,#N/A,Pseudocobs
Pseudocobs,230511_Std_10nM_B12s_1,Me-Pseudocob,4.58,12,0,23,#N/A,Pseudocobs
Pseudocobs,230511_Std_10nM_B12s_2,Me-Pseudocob,4.59,10,0,38,#N/A,Pseudocobs
Pseudocobs,230511_Std_1nM_B12s_1,Me-Pseudocob,4.61,1754,46,1810,#N/A,Pseudocobs
Pseudocobs,230511_Std_1nM_B12s_2,Me-Pseudocob,4.6,32,0,27,#N/A,Pseudocobs
Pseudocobs,230511_Std_20nM_B12s_1,Me-Pseudocob,4.54,340,23,350,#N/A,Pseudocobs
Pseudocobs,230511_Std_20nM_B12s_2,Me-Pseudocob,4.62,35,20,67,#N/A,Pseudocobs
Pseudocobs,230511_Std_5nM_B12s_1,Me-Pseudocob,4.6,83,0,52,#N/A,Pseudocobs
Pseudocobs,230511_Std_5nM_B12s_2,Me-Pseudocob,4.59,580,0,1074,#N/A,Pseudocobs
Pseudocobs,230511_Std_OnM_B12s_1,Me-Pseudocob,4.61,1728,0,1355,#N/A,Pseudocobs
Pseudocobs,230511_Std_OnM_B12s_2,Me-Pseudocob,4.61,431,0,799,#N/A,Pseudocobs
Pseudocobs,230511_Blk_DOM_blk_T0,Ado-Pseudocob,5.46,198,0,438,#N/A,Pseudocobs
Pseudocobs,230511_Blk_DOM_blk_T48,Ado-Pseudocob,5.62,353,0,573,#N/A,Pseudocobs
Pseudocobs,230511_Blk_Filter_blk_1,Ado-Pseudocob,5.55,41,0,23,#N/A,Pseudocobs
Pseudocobs,230511_Blk_Filter_blk_2,Ado-Pseudocob,5.52,20,0,24,#N/A,Pseudocobs
Pseudocobs,230511_Blk_Media_blk,Ado-Pseudocob,5.51,108,0,72,#N/A,Pseudocobs
Pseudocobs,230511_Poo_TruePooMortality_Full1,Ado-Pseudocob,5.51,2387,0,1600,#N/A,Pseudocobs
Pseudocobs,230511_Poo_TruePooMortality_Full2,Ado-Pseudocob,5.52,6556,0,6048,#N/A,Pseudocobs
Pseudocobs,230511_Poo_TruePooMortality_Full3,Ado-Pseudocob,5.54,7072,0,3666,#N/A,Pseudocobs
Pseudocobs,230511_Poo_TruePooMortality_Full4,Ado-Pseudocob,5.47,66,0,41,#N/A,Pseudocobs
Pseudocobs,230511_Smp_A_1C_T0,Ado-Pseudocob,5.46,8,1,23,#N/A,Pseudocobs
Pseudocobs,230511_Smp_A_1C_T12,Ado-Pseudocob,5.5,19,0,27,#N/A,Pseudocobs
Pseudocobs,230511_Smp_A_1C_T18,Ado-Pseudocob,5.69,962,0,1231,#N/A,Pseudocobs
Pseudocobs,230511_Smp_A_1C_T24,Ado-Pseudocob,5.52,4498,0,2767,#N/A,Pseudocobs
Pseudocobs,230511_Smp_A_1C_T30,Ado-Pseudocob,5.56,6,0,11,#N/A,Pseudocobs
Pseudocobs,230511_Smp_A_1C_T36,Ado-Pseudocob,5.52,84993,64,31442,#N/A,Pseudocobs
Pseudocobs,230511_Smp_A_1C_T42,Ado-Pseudocob,5.52,224,6,281,#N/A,Pseudocobs
Pseudocobs,230511_Smp_A_1C_T48,Ado-Pseudocob,5.51,680,0,1142,#N/A,Pseudocobs
Pseudocobs,230511_Smp_A_1C_T6,Ado-Pseudocob,5.57,347,0,261,#N/A,Pseudocobs
Pseudocobs,230511_Smp_A_3LV_T0,Ado-Pseudocob,5.43,60,0,36,#N/A,Pseudocobs
Pseudocobs,230511_Smp_A_3LV_T12,Ado-Pseudocob,5.54,37,0,25,#N/A,Pseudocobs
Pseudocobs,230511_Smp_A_3LV_T24,Ado-Pseudocob,5.54,7441,0,4744,#N/A,Pseudocobs
Pseudocobs,230511_Smp_A_3LV_T36,Ado-Pseudocob,5.52,42621,0,29956,#N/A,Pseudocobs
Pseudocobs,230511_Smp_A_3LV_T48,Ado-Pseudocob,5.47,8,32,26,#N/A,Pseudocobs
Pseudocobs,230511_Smp_A_4LGV_T0,Ado-Pseudocob,5.42,119,38,221,#N/A,Pseudocobs
Pseudocobs,230511_Smp_A_4LGV_T12,Ado-Pseudocob,5.5,660,15,1023,#N/A,Pseudocobs
Pseudocobs,230511_Smp_A_4LGV_T24,Ado-Pseudocob,5.54,2042,0,3068,#N/A,Pseudocobs
Pseudocobs,230511_Smp_A_4LGV_T36,Ado-Pseudocob,5.53,1335,0,1908,#N/A,Pseudocobs
Pseudocobs,230511_Smp_A_4LGV_T48,Ado-Pseudocob,5.53,990,0,1880,#N/A,Pseudocobs
Pseudocobs,230511_Smp_A_6HV_T0,Ado-Pseudocob,5.53,71,0,44,#N/A,Pseudocobs
Pseudocobs,230511_Smp_A_6HV_T12,Ado-Pseudocob,5.52,70,0,28,#N/A,Pseudocobs
Pseudocobs,230511_Smp_A_6HV_T24,Ado-Pseudocob,5.54,1283,0,1198,#N/A,Pseudocobs
Pseudocobs,230511_Smp_A_6HV_T36,Ado-Pseudocob,5.54,3414,0,3446,#N/A,Pseudocobs
Pseudocobs,230511_Smp_A_6HV_T48,Ado-Pseudocob,5.54,1326,0,1154,#N/A,Pseudocobs
Pseudocobs,230511_Smp_A_8G_T0,Ado-Pseudocob,5.49,199,0,358,#N/A,Pseudocobs
Pseudocobs,230511_Smp_A_8G_T48,Ado-Pseudocob,5.49,84,0,47,#N/A,Pseudocobs
Pseudocobs,230511_Smp_A_9V_T0,Ado-Pseudocob,5.56,419,0,628,#N/A,Pseudocobs
Pseudocobs,230511_Smp_B_1C_T0,Ado-Pseudocob,5.53,90,0,68,#N/A,Pseudocobs
Pseudocobs,230511_Smp_B_1C_T12,Ado-Pseudocob,5.53,43,3,24,#N/A,Pseudocobs
Pseudocobs,230511_Smp_B_1C_T18,Ado-Pseudocob,5.51,22,47,25,#N/A,Pseudocobs
Pseudocobs,230511_Smp_B_1C_T24,Ado-Pseudocob,5.5,2669,0,2074,#N/A,Pseudocobs
Pseudocobs,230511_Smp_B_1C_T30,Ado-Pseudocob,5.49,2330,0,2693,#N/A,Pseudocobs
Pseudocobs,230511_Smp_B_1C_T36,Ado-Pseudocob,5.51,96686,0,39523,#N/A,Pseudocobs
Pseudocobs,230511_Smp_B_1C_T42,Ado-Pseudocob,5.54,764,0,1379,#N/A,Pseudocobs
Pseudocobs,230511_Smp_B_1C_T48,Ado-Pseudocob,5.53,6686,0,4575,#N/A,Pseudocobs
Pseudocobs,230511_Smp_B_1C_T6,Ado-Pseudocob,5.5,125,0,81,#N/A,Pseudocobs
Pseudocobs,230511_Smp_B_3LV_T0,Ado-Pseudocob,5.51,51,0,45,#N/A,Pseudocobs
Pseudocobs,230511_Smp_B_3LV_T12,Ado-Pseudocob,5.55,74,0,35,#N/A,Pseudocobs
Pseudocobs,230511_Smp_B_3LV_T24,Ado-Pseudocob,5.51,3719,0,1917,#N/A,Pseudocobs
Pseudocobs,230511_Smp_B_3LV_T36,Ado-Pseudocob,5.52,48463,0,16362,#N/A,Pseudocobs
Pseudocobs,230511_Smp_B_3LV_T48,Ado-Pseudocob,5.52,5375,0,3426,#N/A,Pseudocobs
Pseudocobs,230511_Smp_B_4LGV_T0,Ado-Pseudocob,5.52,74,0,43,#N/A,Pseudocobs
Pseudocobs,230511_Smp_B_4LGV_T12,Ado-Pseudocob,5.56,669,0,744,#N/A,Pseudocobs
Pseudocobs,230511_Smp_B_4LGV_T24,Ado-Pseudocob,5.55,50,0,28,#N/A,Pseudocobs
Pseudocobs,230511_Smp_B_4LGV_T36,Ado-Pseudocob,5.5,51,0,34,#N/A,Pseudocobs
Pseudocobs,230511_Smp_B_4LGV_T48,Ado-Pseudocob,5.52,29,0,21,#N/A,Pseudocobs
Pseudocobs,230511_Smp_B_6HV_T0,Ado-Pseudocob,5.47,27,0,20,#N/A,Pseudocobs
Pseudocobs,230511_Smp_B_6HV_T12,Ado-Pseudocob,5.49,1140,50,1278,#N/A,Pseudocobs
Pseudocobs,230511_Smp_B_6HV_T24,Ado-Pseudocob,5.44,353,0,628,#N/A,Pseudocobs
Pseudocobs,230511_Smp_B_6HV_T36,Ado-Pseudocob,5.43,86,0,78,#N/A,Pseudocobs
Pseudocobs,230511_Smp_B_6HV_T48,Ado-Pseudocob,5.46,38,0,24,#N/A,Pseudocobs
Pseudocobs,230511_Smp_C_1C_T0,Ado-Pseudocob,5.49,39,0,27,#N/A,Pseudocobs
Pseudocobs,230511_Smp_C_1C_T12,Ado-Pseudocob,5.5,68,0,41,#N/A,Pseudocobs
Pseudocobs,230511_Smp_C_1C_T18,Ado-Pseudocob,5.45,116,0,202,#N/A,Pseudocobs
Pseudocobs,230511_Smp_C_1C_T24,Ado-Pseudocob,5.51,3840,77,4027,#N/A,Pseudocobs
Pseudocobs,230511_Smp_C_1C_T30,Ado-Pseudocob,5.52,9908,66,8131,#N/A,Pseudocobs
Pseudocobs,230511_Smp_C_1C_T36,Ado-Pseudocob,5.54,15619,0,8921,#N/A,Pseudocobs
Pseudocobs,230511_Smp_C_1C_T42,Ado-Pseudocob,5.49,347,0,423,#N/A,Pseudocobs
Pseudocobs,230511_Smp_C_1C_T48,Ado-Pseudocob,5.53,4365,0,3451,#N/A,Pseudocobs
Pseudocobs,230511_Smp_C_1C_T6,Ado-Pseudocob,5.53,3195,0,1847,#N/A,Pseudocobs
Pseudocobs,230511_Smp_C_3LV_T0,Ado-Pseudocob,5.47,65,0,80,#N/A,Pseudocobs
Pseudocobs,230511_Smp_C_3LV_T12,Ado-Pseudocob,5.52,31,0,29,#N/A,Pseudocobs
Pseudocobs,230511_Smp_C_3LV_T24,Ado-Pseudocob,5.53,3978,0,2324,#N/A,Pseudocobs
Pseudocobs,230511_Smp_C_3LV_T36,Ado-Pseudocob,5.54,19219,0,8825,#N/A,Pseudocobs
Pseudocobs,230511_Smp_C_3LV_T48,Ado-Pseudocob,5.47,1073,41,1084,#N/A,Pseudocobs
Pseudocobs,230511_Smp_C_4LGV_T0,Ado-Pseudocob,5.47,32,5,24,#N/A,Pseudocobs
Pseudocobs,230511_Smp_C_4LGV_T12,Ado-Pseudocob,5.47,79,0,47,#N/A,Pseudocobs
Pseudocobs,230511_Smp_C_4LGV_T24,Ado-Pseudocob,5.53,1053,101,1047,#N/A,Pseudocobs
Pseudocobs,230511_Smp_C_4LGV_T36,Ado-Pseudocob,5.51,783,0,986,#N/A,Pseudocobs
Pseudocobs,230511_Smp_C_4LGV_T48,Ado-Pseudocob,5.54,1480,0,1303,#N/A,Pseudocobs
Pseudocobs,230511_Smp_C_6HV_T0,Ado-Pseudocob,5.49,60,0,40,#N/A,Pseudocobs
Pseudocobs,230511_Smp_C_6HV_T12,Ado-Pseudocob,5.51,1883,0,2222,#N/A,Pseudocobs
Pseudocobs,230511_Smp_C_6HV_T24,Ado-Pseudocob,5.49,229,0,393,#N/A,Pseudocobs
Pseudocobs,230511_Smp_C_6HV_T36,Ado-Pseudocob,5.44,29,0,34,#N/A,Pseudocobs
Pseudocobs,230511_Smp_C_6HV_T48,Ado-Pseudocob,5.51,20,0,24,#N/A,Pseudocobs
Pseudocobs,230511_Smp_E_2LG_T0,Ado-Pseudocob,5.52,94,0,81,#N/A,Pseudocobs
Pseudocobs,230511_Smp_E_2LG_T24,Ado-Pseudocob,5.54,89,32,237,#N/A,Pseudocobs
Pseudocobs,230511_Smp_E_2LG_T36,Ado-Pseudocob,5.52,2438,0,2378,#N/A,Pseudocobs
Pseudocobs,230511_Smp_E_2LG_T48,Ado-Pseudocob,5.5,54,0,32,#N/A,Pseudocobs
Pseudocobs,230511_Smp_E_3LG_T0,Ado-Pseudocob,5.47,231,0,451,#N/A,Pseudocobs
Pseudocobs,230511_Smp_E_3LG_T24,Ado-Pseudocob,5.47,49,54,227,#N/A,Pseudocobs
Pseudocobs,230511_Smp_E_3LG_T36,Ado-Pseudocob,5.51,470,42,424,#N/A,Pseudocobs
Pseudocobs,230511_Smp_E_3LG_T48,Ado-Pseudocob,5.57,77,0,55,#N/A,Pseudocobs
Pseudocobs,230511_Smp_E_4LG_T0,Ado-Pseudocob,5.54,77,0,26,#N/A,Pseudocobs
Pseudocobs,230511_Smp_E_4LG_T24,Ado-Pseudocob,5.49,61,4,61,#N/A,Pseudocobs
Pseudocobs,230511_Smp_E_4LG_T36,Ado-Pseudocob,5.52,1184,0,1452,#N/A,Pseudocobs
Pseudocobs,230511_Smp_E_4LG_T48,Ado-Pseudocob,5.5,45,24,31,#N/A,Pseudocobs
Pseudocobs,230511_Smp_E_8G_T48,Ado-Pseudocob,5.52,201,75,389,#N/A,Pseudocobs
Pseudocobs,230511_Std_10nM_B12s_1,Ado-Pseudocob,5.51,1816,0,1778,#N/A,Pseudocobs
Pseudocobs,230511_Std_10nM_B12s_2,Ado-Pseudocob,5.51,5039,0,3452,#N/A,Pseudocobs
Pseudocobs,230511_Std_1nM_B12s_1,Ado-Pseudocob,5.52,477,0,702,#N/A,Pseudocobs
Pseudocobs,230511_Std_1nM_B12s_2,Ado-Pseudocob,5.53,3600,0,2208,#N/A,Pseudocobs
Pseudocobs,230511_Std_20nM_B12s_1,Ado-Pseudocob,5.5,1245,96,1311,#N/A,Pseudocobs
Pseudocobs,230511_Std_20nM_B12s_2,Ado-Pseudocob,5.51,3004,0,3943,#N/A,Pseudocobs
Pseudocobs,230511_Std_5nM_B12s_1,Ado-Pseudocob,5.48,5949,0,2036,#N/A,Pseudocobs
Pseudocobs,230511_Std_5nM_B12s_2,Ado-Pseudocob,5.51,2181,0,1235,#N/A,Pseudocobs
Pseudocobs,230511_Std_OnM_B12s_1,Ado-Pseudocob,5.53,2067,0,1312,#N/A,Pseudocobs
Pseudocobs,230511_Std_OnM_B12s_2,Ado-Pseudocob,5.54,2169,0,1590,#N/A,Pseudocobs
Pseudocobs,230511_Blk_DOM_blk_T0,Ado-Pseudocob,5.5,15,0,26,#N/A,Pseudocobs
Pseudocobs,230511_Blk_DOM_blk_T48,Ado-Pseudocob,5.54,6,0,9,#N/A,Pseudocobs
Pseudocobs,230511_Blk_Filter_blk_1,Ado-Pseudocob,5.56,37,0,33,#N/A,Pseudocobs
Pseudocobs,230511_Blk_Filter_blk_2,Ado-Pseudocob,5.49,26,0,26,#N/A,Pseudocobs
Pseudocobs,230511_Blk_Media_blk,Ado-Pseudocob,5.53,61,0,26,#N/A,Pseudocobs
Pseudocobs,230511_Poo_TruePooMortality_Full1,Ado-Pseudocob,5.52,6574,0,2910,#N/A,Pseudocobs
Pseudocobs,230511_Poo_TruePooMortality_Full2,Ado-Pseudocob,5.55,3185,0,2790,#N/A,Pseudocobs
Pseudocobs,230511_Poo_TruePooMortality_Full3,Ado-Pseudocob,5.52,8297,2222,5868,#N/A,Pseudocobs
Pseudocobs,230511_Poo_TruePooMortality_Full4,Ado-Pseudocob,5.5,74,0,48,#N/A,Pseudocobs
Pseudocobs,230511_Smp_A_1C_T0,Ado-Pseudocob,5.46,4,0,19,#N/A,Pseudocobs
Pseudocobs,230511_Smp_A_1C_T12,Ado-Pseudocob,5.54,1066,0,1114,#N/A,Pseudocobs
Pseudocobs,230511_Smp_A_1C_T18,Ado-Pseudocob,5.67,18,0,25,#N/A,Pseudocobs
Pseudocobs,230511_Smp_A_1C_T24,Ado-Pseudocob,5.52,21020,118,10272,#N/A,Pseudocobs
Pseudocobs,230511_Smp_A_1C_T30,Ado-Pseudocob,5.5,0,0,0,#N/A,Pseudocobs
Pseudocobs,230511_Smp_A_1C_T36,Ado-Pseudocob,5.51,146205,4303,66154,#N/A,Pseudocobs
Pseudocobs,230511_Smp_A_1C_T42,Ado-Pseudocob,5.47,24,34,22,#N/A,Pseudocobs
Pseudocobs,230511_Smp_A_1C_T48,Ado-Pseudocob,5.55,4875,0,3520,#N/A,Pseudocobs
Pseudocobs,230511_Smp_A_1C_T6,Ado-Pseudocob,5.52,5488,0,3359,#N/A,Pseudocobs
Pseudocobs,230511_Smp_A_3LV_T0,Ado-Pseudocob,5.46,98,0,136,#N/A,Pseudocobs
Pseudocobs,230511_Smp_A_3LV_T12,Ado-Pseudocob,5.52,19,0,24,#N/A,Pseudocobs
Pseudocobs,230511_Smp_A_3LV_T24,Ado-Pseudocob,5.52,11194,0,4549,#N/A,Pseudocobs
Pseudocobs,230511_Smp_A_3LV_T36,Ado-Pseudocob,5.52,70372,0,34464,#N/A,Pseudocobs
Pseudocobs,230511_Smp_A_3LV_T48,Ado-Pseudocob,5.5,72,0,27,#N/A,Pseudocobs
Pseudocobs,230511_Smp_A_4LGV_T0,Ado-Pseudocob,5.45,42,0,86,#N/A,Pseudocobs
Pseudocobs,230511_Smp_A_4LGV_T12,Ado-Pseudocob,5.5,2502,0,1662,#N/A,Pseudocobs
Pseudocobs,230511_Smp_A_4LGV_T24,Ado-Pseudocob,5.53,1086,16,1840,#N/A,Pseudocobs
Pseudocobs,230511_Smp_A_4LGV_T36,Ado-Pseudocob,5.53,15058,0,7444,#N/A,Pseudocobs
Pseudocobs,230511_Smp_A_4LGV_T48,Ado-Pseudocob,5.49,9858,0,7685,#N/A,Pseudocobs
Pseudocobs,230511_Smp_A_6HV_T0,Ado-Pseudocob,5.55,18,0,26,#N/A,Pseudocobs
Pseudocobs,230511_Smp_A_6HV_T12,Ado-Pseudocob,5.47,0,0,0,#N/A,Pseudocobs
Pseudocobs,230511_Smp_A_6HV_T24,Ado-Pseudocob,5.52,3986,0,3440,#N/A,Pseudocobs
Pseudocobs,230511_Smp_A_6HV_T36,Ado-Pseudocob,5.52,8968,0,7524,#N/A,Pseudocobs
Pseudocobs,230511_Smp_A_6HV_T48,Ado-Pseudocob,5.52,2984,418,1374,#N/A,Pseudocobs
Pseudocobs,230511_Smp_A_8G_T0,Ado-Pseudocob,5.53,37,0,25,#N/A,Pseudocobs
Pseudocobs,230511_Smp_A_8G_T48,Ado-Pseudocob,5.49,1812,0,1273,#N/A,Pseudocobs
Pseudocobs,230511_Smp_A_9V_T0,Ado-Pseudocob,5.52,1,0,0,#N/A,Pseudocobs
Pseudocobs,230511_Smp_B_1C_T0,Ado-Pseudocob,5.51,0,0,0,#N/A,Pseudocobs
Pseudocobs,230511_Smp_B_1C_T12,Ado-Pseudocob,5.48,29,0,54,#N/A,Pseudocobs
Pseudocobs,230511_Smp_B_1C_T18,Ado-Pseudocob,5.56,14,0,13,#N/A,Pseudocobs
Pseudocobs,230511_Smp_B_1C_T24,Ado-Pseudocob,5.55,2745,0,3147,#N/A,Pseudocobs
Pseudocobs,230511_Smp_B_1C_T30,Ado-Pseudocob,5.5,7414,0,3051,#N/A,Pseudocobs
Pseudocobs,230511_Smp_B_1C_T36,Ado-Pseudocob,5.51,173099,5576,72736,#N/A,Pseudocobs
Pseudocobs,230511_Smp_B_1C_T42,Ado-Pseudocob,5.49,78,0,50,#N/A,Pseudocobs
Pseudocobs,230511_Smp_B_1C_T48,Ado-Pseudocob,5.55,11244,0,5552,#N/A,Pseudocobs
Pseudocobs,230511_Smp_B_1C_T6,Ado-Pseudocob,5.53,57,0,43,#N/A,Pseudocobs
Pseudocobs,230511_Smp_B_3LV_T0,Ado-Pseudocob,5.47,283,0,501,#N/A,Pseudocobs
Pseudocobs,230511_Smp_B_3LV_T12,Ado-Pseudocob,5.52,2031,0,1447,#N/A,Pseudocobs
Pseudocobs,230511_Smp_B_3LV_T24,Ado-Pseudocob,5.52,11524,0,6987,#N/A,Pseudocobs
Pseudocobs,230511_Smp_B_3LV_T36,Ado-Pseudocob,5.54,100343,4329,30969,#N/A,Pseudocobs
Pseudocobs,230511_Smp_B_3LV_T48,Ado-Pseudocob,5.52,13774,0,5079,#N/A,Pseudocobs
Pseudocobs,230511_Smp_B_4LGV_T0,Ado-Pseudocob,5.5,575,0,902,#N/A,Pseudocobs
Pseudocobs,230511_Smp_B_4LGV_T12,Ado-Pseudocob,5.58,69,0,44,#N/A,Pseudocobs
Pseudocobs,230511_Smp_B_4LGV_T24,Ado-Pseudocob,5.44,0,0,0,#N/A,Pseudocobs
Pseudocobs,230511_Smp_B_4LGV_T36,Ado-Pseudocob,5.52,73,0,46,#N/A,Pseudocobs
Pseudocobs,230511_Smp_B_4LGV_T48,Ado-Pseudocob,5.55,5164,2983,2229,#N/A,Pseudocobs
Pseudocobs,230511_Smp_B_6HV_T0,Ado-Pseudocob,5.45,31,0,31,#N/A,Pseudocobs
Pseudocobs,230511_Smp_B_6HV_T12,Ado-Pseudocob,5.47,33,0,29,#N/A,Pseudocobs
Pseudocobs,230511_Smp_B_6HV_T24,Ado-Pseudocob,5.58,75,0,27,#N/A,Pseudocobs
Pseudocobs,230511_Smp_B_6HV_T36,Ado-Pseudocob,5.48,9902,402,2322,#N/A,Pseudocobs
Pseudocobs,230511_Smp_B_6HV_T48,Ado-Pseudocob,5.49,24,0,25,#N/A,Pseudocobs
Pseudocobs,230511_Smp_C_1C_T0,Ado-Pseudocob,5.47,0,0,0,#N/A,Pseudocobs
Pseudocobs,230511_Smp_C_1C_T12,Ado-Pseudocob,5.53,448,0,483,#N/A,Pseudocobs
Pseudocobs,230511_Smp_C_1C_T18,Ado-Pseudocob,5.48,29,0,34,#N/A,Pseudocobs
Pseudocobs,230511_Smp_C_1C_T24,Ado-Pseudocob,5.52,5897,4,3438,#N/A,Pseudocobs
Pseudocobs,230511_Smp_C_1C_T30,Ado-Pseudocob,5.52,8546,0,3014,#N/A,Pseudocobs
Pseudocobs,230511_Smp_C_1C_T36,Ado-Pseudocob,5.53,34580,267,20899,#N/A,Pseudocobs
Pseudocobs,230511_Smp_C_1C_T42,Ado-Pseudocob,5.54,3854,0,2520,#N/A,Pseudocobs
Pseudocobs,230511_Smp_C_1C_T48,Ado-Pseudocob,5.52,14302,665,6176,#N/A,Pseudocobs
Pseudocobs,230511_Smp_C_1C_T6,Ado-Pseudocob,5.52,1246,0,1014,#N/A,Pseudocobs
Pseudocobs,230511_Smp_C_3LV_T0,Ado-Pseudocob,5.47,52,0,37,#N/A,Pseudocobs
Pseudocobs,230511_Smp_C_3LV_T12,Ado-Pseudocob,5.44,225,0,282,#N/A,Pseudocobs
Pseudocobs,230511_Smp_C_3LV_T24,Ado-Pseudocob,5.52,10080,0,6957,#N/A,Pseudocobs
Pseudocobs,230511_Smp_C_3LV_T36,Ado-Pseudocob,5.53,28980,0,11282,#N/A,Pseudocobs
Pseudocobs,230511_Smp_C_3LV_T48,Ado-Pseudocob,5.53,7888,153,2559,#N/A,Pseudocobs
Pseudocobs,230511_Smp_C_4LGV_T0,Ado-Pseudocob,5.52,46,0,26,#N/A,Pseudocobs
Pseudocobs,230511_Smp_C_4LGV_T12,Ado-Pseudocob,5.51,273,0,323,#N/A,Pseudocobs
Pseudocobs,230511_Smp_C_4LGV_T24,Ado-Pseudocob,5.56,6109,149,2717,#N/A,Pseudocobs
Pseudocobs,230511_Smp_C_4LGV_T36,Ado-Pseudocob,5.5,28509,4641,7454,#N/A,Pseudocobs
Pseudocobs,230511_Smp_C_4LGV_T48,Ado-Pseudocob,5.52,13210,0,5469,#N/A,Pseudocobs
Pseudocobs,230511_Smp_C_6HV_T0,Ado-Pseudocob,5.47,206,0,313,#N/A,Pseudocobs
Pseudocobs,230511_Smp_C_6HV_T12,Ado-Pseudocob,5.53,3400,0,2187,#N/A,Pseudocobs
Pseudocobs,230511_Smp_C_6HV_T24,Ado-Pseudocob,5.51,1100,0,1243,#N/A,Pseudocobs
Pseudocobs,230511_Smp_C_6HV_T36,Ado-Pseudocob,5.5,410,0,438,#N/A,Pseudocobs
Pseudocobs,230511_Smp_C_6HV_T48,Ado-Pseudocob,5.52,1778,0,1030,#N/A,Pseudocobs
Pseudocobs,230511_Smp_E_2LG_T0,Ado-Pseudocob,5.53,68,0,47,#N/A,Pseudocobs
Pseudocobs,230511_Smp_E_2LG_T24,Ado-Pseudocob,5.51,107,0,225,#N/A,Pseudocobs
Pseudocobs,230511_Smp_E_2LG_T36,Ado-Pseudocob,5.54,10653,2368,7193,#N/A,Pseudocobs
Pseudocobs,230511_Smp_E_2LG_T48,Ado-Pseudocob,5.52,4179,177,1694,#N/A,Pseudocobs
Pseudocobs,230511_Smp_E_3LG_T0,Ado-Pseudocob,5.5,27,0,27,#N/A,Pseudocobs
Pseudocobs,230511_Smp_E_3LG_T24,Ado-Pseudocob,5.51,35,0,49,#N/A,Pseudocobs
Pseudocobs,230511_Smp_E_3LG_T36,Ado-Pseudocob,5.51,8435,0,2480,#N/A,Pseudocobs
Pseudocobs,230511_Smp_E_3LG_T48,Ado-Pseudocob,5.52,13473,0,6634,#N/A,Pseudocobs
Pseudocobs,230511_Smp_E_4LG_T0,Ado-Pseudocob,5.49,15,0,23,#N/A,Pseudocobs
Pseudocobs,230511_Smp_E_4LG_T24,Ado-Pseudocob,5.47,9,0,19,#N/A,Pseudocobs
Pseudocobs,230511_Smp_E_4LG_T36,Ado-Pseudocob,5.52,3455,0,2902,#N/A,Pseudocobs
Pseudocobs,230511_Smp_E_4LG_T48,Ado-Pseudocob,5.53,5359,0,2608,#N/A,Pseudocobs
Pseudocobs,230511_Smp_E_8G_T48,Ado-Pseudocob,5.53,1325,0,1154,#N/A,Pseudocobs
Pseudocobs,230511_Std_10nM_B12s_1,Ado-Pseudocob,5.52,13077,117,9424,#N/A,Pseudocobs
Pseudocobs,230511_Std_10nM_B12s_2,Ado-Pseudocob,5.53,8943,0,4927,#N/A,Pseudocobs
Pseudocobs,230511_Std_1nM_B12s_1,Ado-Pseudocob,5.53,6817,0,3184,#N/A,Pseudocobs
Pseudocobs,230511_Std_1nM_B12s_2,Ado-Pseudocob,5.53,10264,113,4328,#N/A,Pseudocobs
Pseudocobs,230511_Std_20nM_B12s_1,Ado-Pseudocob,5.51,13649,33,7361,#N/A,Pseudocobs
Pseudocobs,230511_Std_20nM_B12s_2,Ado-Pseudocob,5.51,5063,126,2780,#N/A,Pseudocobs
Pseudocobs,230511_Std_5nM_B12s_1,Ado-Pseudocob,5.5,13404,0,6449,#N/A,Pseudocobs
Pseudocobs,230511_Std_5nM_B12s_2,Ado-Pseudocob,5.52,7449,12,3935,#N/A,Pseudocobs
Pseudocobs,230511_Std_OnM_B12s_1,Ado-Pseudocob,5.5,9407,46,4683,#N/A,Pseudocobs
Pseudocobs,230511_Std_OnM_B12s_2,Ado-Pseudocob,5.52,10352,0,5616,#N/A,Pseudocobs
Internal_Std,230511_Blk_DOM_blk_T0,B1_IS,0.66,63092072,115736,43462980,#N/A,Internal_Std
Internal_Std,230511_Blk_DOM_blk_T48,B1_IS,0.66,147301360,40784,104965496,#N/A,Internal_Std
Internal_Std,230511_Blk_Filter_blk_1,B1_IS,0.66,91020440,183308,46909624,#N/A,Internal_Std
Internal_Std,230511_Blk_Filter_blk_2,B1_IS,0.66,75736048,16919,35288436,#N/A,Internal_Std
Internal_Std,230511_Blk_Media_blk,B1_IS,0.66,12246503,21203,8675892,#N/A,Internal_Std
Internal_Std,230511_Poo_TruePooMortality_Full1,B1_IS,0.65,59033852,712869,45920288,#N/A,Internal_Std
Internal_Std,230511_Poo_TruePooMortality_Full2,B1_IS,0.66,61361632,81353,44485392,#N/A,Internal_Std
Internal_Std,230511_Poo_TruePooMortality_Full3,B1_IS,0.66,71592072,79336,49515616,#N/A,Internal_Std
Internal_Std,230511_Poo_TruePooMortality_Full4,B1_IS,0.58,13195779,1168,11652927,#N/A,Internal_Std
Internal_Std,230511_Smp_A_1C_T0,B1_IS,0.66,160838864,32514,112110728,#N/A,Internal_Std
Internal_Std,230511_Smp_A_1C_T12,B1_IS,0.66,177103584,57814,121890808,#N/A,Internal_Std
Internal_Std,230511_Smp_A_1C_T18,B1_IS,0.66,146676720,48813,106555088,#N/A,Internal_Std
Internal_Std,230511_Smp_A_1C_T24,B1_IS,0.66,112331568,445121,75325936,#N/A,Internal_Std
Internal_Std,230511_Smp_A_1C_T30,B1_IS,0.66,175016224,378526,119359920,#N/A,Internal_Std
Internal_Std,230511_Smp_A_1C_T36,B1_IS,0.66,27495062,420410,20231264,#N/A,Internal_Std
Internal_Std,230511_Smp_A_1C_T42,B1_IS,0.66,104389624,1011579,79670720,#N/A,Internal_Std
Internal_Std,230511_Smp_A_1C_T48,B1_IS,0.66,225026112,743221,132623904,#N/A,Internal_Std
Internal_Std,230511_Smp_A_1C_T6,B1_IS,0.66,252514800,2731325,133938624,#N/A,Internal_Std
Internal_Std,230511_Smp_A_3LV_T0,B1_IS,0.66,139120688,100490,95637376,#N/A,Internal_Std
Internal_Std,230511_Smp_A_3LV_T12,B1_IS,0.66,112768192,213081,79036528,#N/A,Internal_Std
Internal_Std,230511_Smp_A_3LV_T24,B1_IS,0.66,67786032,32078,47787008,#N/A,Internal_Std
Internal_Std,230511_Smp_A_3LV_T36,B1_IS,0.66,55681748,33875,39037428,#N/A,Internal_Std
Internal_Std,230511_Smp_A_3LV_T48,B1_IS,0.66,211467312,68372,128410712,#N/A,Internal_Std
Internal_Std,230511_Smp_A_4LGV_T0,B1_IS,0.66,240090880,1653802,133844752,#N/A,Internal_Std
Internal_Std,230511_Smp_A_4LGV_T12,B1_IS,0.66,7573177,159013,5544620,#N/A,Internal_Std
Internal_Std,230511_Smp_A_4LGV_T24,B1_IS,0.66,143152128,645769,98589472,#N/A,Internal_Std
Internal_Std,230511_Smp_A_4LGV_T36,B1_IS,0.66,14068373,41636,10583860,#N/A,Internal_Std
Internal_Std,230511_Smp_A_4LGV_T48,B1_IS,0.66,15147919,65619,10678588,#N/A,Internal_Std
Internal_Std,230511_Smp_A_6HV_T0,B1_IS,0.66,101697504,98044,70485904,#N/A,Internal_Std
Internal_Std,230511_Smp_A_6HV_T12,B1_IS,0.66,267580912,60630,134163928,#N/A,Internal_Std
Internal_Std,230511_Smp_A_6HV_T24,B1_IS,0.66,34703088,762038,26625472,#N/A,Internal_Std
Internal_Std,230511_Smp_A_6HV_T36,B1_IS,0.66,58932556,44539,44474432,#N/A,Internal_Std
Internal_Std,230511_Smp_A_6HV_T48,B1_IS,0.66,130040472,76905,88398856,#N/A,Internal_Std
Internal_Std,230511_Smp_A_8G_T0,B1_IS,0.66,229986064,556662,132946272,#N/A,Internal_Std
Internal_Std,230511_Smp_A_8G_T48,B1_IS,0.66,71623360,32247,54831632,#N/A,Internal_Std
Internal_Std,230511_Smp_A_9V_T0,B1_IS,0.66,29758878,146000,21116812,#N/A,Internal_Std
Internal_Std,230511_Smp_B_1C_T0,B1_IS,0.66,177231952,1580067,121543936,#N/A,Internal_Std
Internal_Std,230511_Smp_B_1C_T12,B1_IS,0.66,157512752,175348,105409368,#N/A,Internal_Std
Internal_Std,230511_Smp_B_1C_T18,B1_IS,0.65,252703968,1610393,134042656,#N/A,Internal_Std
Internal_Std,230511_Smp_B_1C_T24,B1_IS,0.66,43786772,19494,33002172,#N/A,Internal_Std
Internal_Std,230511_Smp_B_1C_T30,B1_IS,0.66,104743576,57461,77617824,#N/A,Internal_Std
Internal_Std,230511_Smp_B_1C_T36,B1_IS,0.66,213408624,129891,132598272,#N/A,Internal_Std
Internal_Std,230511_Smp_B_1C_T42,B1_IS,0.65,256790448,914170,134051824,#N/A,Internal_Std
Internal_Std,230511_Smp_B_1C_T48,B1_IS,0.66,75835480,1207517,59387456,#N/A,Internal_Std
Internal_Std,230511_Smp_B_1C_T6,B1_IS,0.66,280891904,1984411,133983744,#N/A,Internal_Std
Internal_Std,230511_Smp_B_3LV_T0,B1_IS,0.66,152138528,134069,101762304,#N/A,Internal_Std
Internal_Std,230511_Smp_B_3LV_T12,B1_IS,0.66,30987562,607910,23408320,#N/A,Internal_Std
Internal_Std,230511_Smp_B_3LV_T24,B1_IS,0.66,71647824,68621,51449624,#N/A,Internal_Std
Internal_Std,230511_Smp_B_3LV_T36,B1_IS,0.66,81020664,177113,55610560,#N/A,Internal_Std
Internal_Std,230511_Smp_B_3LV_T48,B1_IS,0.66,77300200,33933,59762640,#N/A,Internal_Std
Internal_Std,230511_Smp_B_4LGV_T0,B1_IS,0.66,172805120,1379285,119873216,#N/A,Internal_Std
Internal_Std,230511_Smp_B_4LGV_T12,B1_IS,0.66,106591776,60630,79993776,#N/A,Internal_Std
Internal_Std,230511_Smp_B_4LGV_T24,B1_IS,0.67,60,0,72,#N/A,Internal_Std
Internal_Std,230511_Smp_B_4LGV_T36,B1_IS,0.66,84090400,39468,61892680,#N/A,Internal_Std
Internal_Std,230511_Smp_B_4LGV_T48,B1_IS,0.66,18325586,336085,14308480,#N/A,Internal_Std
Internal_Std,230511_Smp_B_6HV_T0,B1_IS,0.66,140556768,975532,101671744,#N/A,Internal_Std
Internal_Std,230511_Smp_B_6HV_T12,B1_IS,0.66,141408592,539381,94980960,#N/A,Internal_Std
Internal_Std,230511_Smp_B_6HV_T24,B1_IS,0.66,170168576,304665,121671840,#N/A,Internal_Std
Internal_Std,230511_Smp_B_6HV_T36,B1_IS,0.66,212155760,251353,132962896,#N/A,Internal_Std
Internal_Std,230511_Smp_B_6HV_T48,B1_IS,0.66,35571724,741391,28002304,#N/A,Internal_Std
Internal_Std,230511_Smp_C_1C_T0,B1_IS,0.66,146132560,90200,108203024,#N/A,Internal_Std
Internal_Std,230511_Smp_C_1C_T12,B1_IS,0.65,46577400,81064,32954532,#N/A,Internal_Std
Internal_Std,230511_Smp_C_1C_T18,B1_IS,0.66,109868256,30555,82766880,#N/A,Internal_Std
Internal_Std,230511_Smp_C_1C_T24,B1_IS,0.66,51355120,248953,37527040,#N/A,Internal_Std
Internal_Std,230511_Smp_C_1C_T30,B1_IS,0.66,106774064,147893,77346360,#N/A,Internal_Std
Internal_Std,230511_Smp_C_1C_T36,B1_IS,0.66,83136112,209466,61734240,#N/A,Internal_Std
Internal_Std,230511_Smp_C_1C_T42,B1_IS,0.66,302662208,66233,134163792,#N/A,Internal_Std
Internal_Std,230511_Smp_C_1C_T48,B1_IS,0.66,31548574,466293,24388368,#N/A,Internal_Std
Internal_Std,230511_Smp_C_1C_T6,B1_IS,0.66,240702288,220431,134053712,#N/A,Internal_Std
Internal_Std,230511_Smp_C_3LV_T0,B1_IS,0.66,190590192,1181142,130675392,#N/A,Internal_Std
Internal_Std,230511_Smp_C_3LV_T12,B1_IS,0.66,41553812,720361,30841664,#N/A,Internal_Std
Internal_Std,230511_Smp_C_3LV_T24,B1_IS,0.66,73452520,157537,54384920,#N/A,Internal_Std
Internal_Std,230511_Smp_C_3LV_T36,B1_IS,0.66,97840648,775768,76689472,#N/A,Internal_Std
Internal_Std,230511_Smp_C_3LV_T48,B1_IS,0.66,13938892,336884,10929872,#N/A,Internal_Std
Internal_Std,230511_Smp_C_4LGV_T0,B1_IS,0.66,219369616,774808,131832992,#N/A,Internal_Std
Internal_Std,230511_Smp_C_4LGV_T12,B1_IS,0.65,121918456,261522,95167344,#N/A,Internal_Std
Internal_Std,230511_Smp_C_4LGV_T24,B1_IS,0.66,140717040,121501,97710320,#N/A,Internal_Std
Internal_Std,230511_Smp_C_4LGV_T36,B1_IS,0.66,25693796,84065,19529160,#N/A,Internal_Std
Internal_Std,230511_Smp_C_4LGV_T48,B1_IS,0.66,68274376,121622,49951784,#N/A,Internal_Std
Internal_Std,230511_Smp_C_6HV_T0,B1_IS,0.66,184514528,147007,126680400,#N/A,Internal_Std
Internal_Std,230511_Smp_C_6HV_T12,B1_IS,0.66,112101384,24240,84488576,#N/A,Internal_Std
Internal_Std,230511_Smp_C_6HV_T24,B1_IS,0.66,95436288,1451156,73064704,#N/A,Internal_Std
Internal_Std,230511_Smp_C_6HV_T36,B1_IS,0.66,91968280,74490,68670312,#N/A,Internal_Std
Internal_Std,230511_Smp_C_6HV_T48,B1_IS,0.66,125498512,71344,92608624,#N/A,Internal_Std
Internal_Std,230511_Smp_E_2LG_T0,B1_IS,0.66,175494064,241807,121863872,#N/A,Internal_Std
Internal_Std,230511_Smp_E_2LG_T24,B1_IS,0.66,181816640,75253,124772536,#N/A,Internal_Std
Internal_Std,230511_Smp_E_2LG_T36,B1_IS,0.66,152917696,50343,107375224,#N/A,Internal_Std
Internal_Std,230511_Smp_E_2LG_T48,B1_IS,0.66,55497608,56180,40180168,#N/A,Internal_Std
Internal_Std,230511_Smp_E_3LG_T0,B1_IS,0.66,14796879,150900,11001620,#N/A,Internal_Std
Internal_Std,230511_Smp_E_3LG_T24,B1_IS,0.66,191762608,1805906,131259392,#N/A,Internal_Std
Internal_Std,230511_Smp_E_3LG_T36,B1_IS,0.66,194407664,389949,131109808,#N/A,Internal_Std
Internal_Std,230511_Smp_E_3LG_T48,B1_IS,0.65,74716808,106375,58537008,#N/A,Internal_Std
Internal_Std,230511_Smp_E_4LG_T0,B1_IS,0.66,147611440,156078,110421544,#N/A,Internal_Std
Internal_Std,230511_Smp_E_4LG_T24,B1_IS,0.65,236223168,45871,134017608,#N/A,Internal_Std
Internal_Std,230511_Smp_E_4LG_T36,B1_IS,0.66,179430704,110819,124636984,#N/A,Internal_Std
Internal_Std,230511_Smp_E_4LG_T48,B1_IS,0.66,126629512,763967,92638944,#N/A,Internal_Std
Internal_Std,230511_Smp_E_8G_T48,B1_IS,0.66,51733200,71959,39849740,#N/A,Internal_Std
Internal_Std,230511_Std_10nM_B12s_1,B1_IS,0.65,80429200,558399,64521248,#N/A,Internal_Std
Internal_Std,230511_Std_10nM_B12s_2,B1_IS,0.66,91156496,821287,64944320,#N/A,Internal_Std
Internal_Std,230511_Std_1nM_B12s_1,B1_IS,0.65,84922112,487591,69706880,#N/A,Internal_Std
Internal_Std,230511_Std_1nM_B12s_2,B1_IS,0.66,96845632,820510,69838768,#N/A,Internal_Std
Internal_Std,230511_Std_20nM_B12s_1,B1_IS,0.65,81601168,397806,67301728,#N/A,Internal_Std
Internal_Std,230511_Std_20nM_B12s_2,B1_IS,0.66,82968416,1104060,59795584,#N/A,Internal_Std
Internal_Std,230511_Std_5nM_B12s_1,B1_IS,0.65,80416832,729281,63410144,#N/A,Internal_Std
Internal_Std,230511_Std_5nM_B12s_2,B1_IS,0.66,99287288,798849,69223728,#N/A,Internal_Std
Internal_Std,230511_Std_OnM_B12s_1,B1_IS,0.65,87117240,816025,66104576,#N/A,Internal_Std
Internal_Std,230511_Std_OnM_B12s_2,B1_IS,0.66,95805736,28603,67088700,#N/A,Internal_Std
Internal_Std,230511_Blk_DOM_blk_T0,B1_IS,0.66,228537536,354075,133254944,#N/A,Internal_Std
Internal_Std,230511_Blk_DOM_blk_T48,B1_IS,0.65,332812032,158287,134142208,#N/A,Internal_Std
Internal_Std,230511_Blk_Filter_blk_1,B1_IS,0.66,333017856,493399,133758704,#N/A,Internal_Std
Internal_Std,230511_Blk_Filter_blk_2,B1_IS,0.66,292352800,48089,128688640,#N/A,Internal_Std
Internal_Std,230511_Blk_Media_blk,B1_IS,0.66,48155480,10319,33995080,#N/A,Internal_Std
Internal_Std,230511_Poo_TruePooMortality_Full1,B1_IS,0.65,211899696,1363500,133548224,#N/A,Internal_Std
Internal_Std,230511_Poo_TruePooMortality_Full2,B1_IS,0.66,221050752,177065,133467336,#N/A,Internal_Std
Internal_Std,230511_Poo_TruePooMortality_Full3,B1_IS,0.66,243415632,366328,133960096,#N/A,Internal_Std
Internal_Std,230511_Poo_TruePooMortality_Full4,B1_IS,0.59,51858248,69,44711924,#N/A,Internal_Std
Internal_Std,230511_Smp_A_1C_T0,B1_IS,0.66,351339456,40605,134162352,#N/A,Internal_Std
Internal_Std,230511_Smp_A_1C_T12,B1_IS,0.66,385974816,124854,134155288,#N/A,Internal_Std
Internal_Std,230511_Smp_A_1C_T18,B1_IS,0.65,341631520,179204,134144896,#N/A,Internal_Std
Internal_Std,230511_Smp_A_1C_T24,B1_IS,0.66,313379072,1153580,134004864,#N/A,Internal_Std
Internal_Std,230511_Smp_A_1C_T30,B1_IS,0.65,377071456,1016189,133999296,#N/A,Internal_Std
Internal_Std,230511_Smp_A_1C_T36,B1_IS,0.66,108779760,992356,82984128,#N/A,Internal_Std
Internal_Std,230511_Smp_A_1C_T42,B1_IS,0.65,286416000,2948294,133661056,#N/A,Internal_Std
Internal_Std,230511_Smp_A_1C_T48,B1_IS,0.65,475461824,2099078,134016832,#N/A,Internal_Std
Internal_Std,230511_Smp_A_1C_T6,B1_IS,0.65,508479712,6878651,133630720,#N/A,Internal_Std
Internal_Std,230511_Smp_A_3LV_T0,B1_IS,0.66,348333120,241857,134138688,#N/A,Internal_Std
Internal_Std,230511_Smp_A_3LV_T12,B1_IS,0.66,299397536,344521,134115776,#N/A,Internal_Std
Internal_Std,230511_Smp_A_3LV_T24,B1_IS,0.66,234595392,33525,133933848,#N/A,Internal_Std
Internal_Std,230511_Smp_A_3LV_T36,B1_IS,0.66,210917616,60750,132634744,#N/A,Internal_Std
Internal_Std,230511_Smp_A_3LV_T48,B1_IS,0.65,462490880,598889,134106560,#N/A,Internal_Std
Internal_Std,230511_Smp_A_4LGV_T0,B1_IS,0.65,480678144,4788975,133800192,#N/A,Internal_Std
Internal_Std,230511_Smp_A_4LGV_T12,B1_IS,0.66,29911468,459697,22407264,#N/A,Internal_Std
Internal_Std,230511_Smp_A_4LGV_T24,B1_IS,0.66,344549696,1180741,134031488,#N/A,Internal_Std
Internal_Std,230511_Smp_A_4LGV_T36,B1_IS,0.66,56376456,159541,42779220,#N/A,Internal_Std
Internal_Std,230511_Smp_A_4LGV_T48,B1_IS,0.66,59906128,191090,43284432,#N/A,Internal_Std
Internal_Std,230511_Smp_A_6HV_T0,B1_IS,0.66,291797120,130970,134132896,#N/A,Internal_Std
Internal_Std,230511_Smp_A_6HV_T12,B1_IS,0.65,534655488,145795,134157408,#N/A,Internal_Std
Internal_Std,230511_Smp_A_6HV_T24,B1_IS,0.66,136883760,2288452,105254784,#N/A,Internal_Std
Internal_Std,230511_Smp_A_6HV_T36,B1_IS,0.66,210675216,52662,133503608,#N/A,Internal_Std
Internal_Std,230511_Smp_A_6HV_T48,B1_IS,0.66,336510208,87629,134158080,#N/A,Internal_Std
Internal_Std,230511_Smp_A_8G_T0,B1_IS,0.65,481298432,1315024,134067808,#N/A,Internal_Std
Internal_Std,230511_Smp_A_8G_T48,B1_IS,0.66,234779872,52183,134044800,#N/A,Internal_Std
Internal_Std,230511_Smp_A_9V_T0,B1_IS,0.66,116123648,229057,79010848,#N/A,Internal_Std
Internal_Std,230511_Smp_B_1C_T0,B1_IS,0.65,379600512,4177877,133668352,#N/A,Internal_Std
Internal_Std,230511_Smp_B_1C_T12,B1_IS,0.66,375217408,216936,134141760,#N/A,Internal_Std
Internal_Std,230511_Smp_B_1C_T18,B1_IS,0.65,517867072,5208098,133761344,#N/A,Internal_Std
Internal_Std,230511_Smp_B_1C_T24,B1_IS,0.66,169474176,33080,122153344,#N/A,Internal_Std
Internal_Std,230511_Smp_B_1C_T30,B1_IS,0.66,286925856,69107,134157064,#N/A,Internal_Std
Internal_Std,230511_Smp_B_1C_T36,B1_IS,0.65,428954528,252377,134141712,#N/A,Internal_Std
Internal_Std,230511_Smp_B_1C_T42,B1_IS,0.65,500349280,2762679,133815744,#N/A,Internal_Std
Internal_Std,230511_Smp_B_1C_T48,B1_IS,0.66,239936224,3540719,133480448,#N/A,Internal_Std
Internal_Std,230511_Smp_B_1C_T6,B1_IS,0.65,613463168,5191540,133770752,#N/A,Internal_Std
Internal_Std,230511_Smp_B_3LV_T0,B1_IS,0.66,362644832,399260,134123584,#N/A,Internal_Std
Internal_Std,230511_Smp_B_3LV_T12,B1_IS,0.66,119799136,1725509,88650304,#N/A,Internal_Std
Internal_Std,230511_Smp_B_3LV_T24,B1_IS,0.66,239807360,52025,134060784,#N/A,Internal_Std
Internal_Std,230511_Smp_B_3LV_T36,B1_IS,0.66,261446560,582244,133940512,#N/A,Internal_Std
Internal_Std,230511_Smp_B_3LV_T48,B1_IS,0.65,239707392,86425,134070888,#N/A,Internal_Std
Internal_Std,230511_Smp_B_4LGV_T0,B1_IS,0.65,373769728,3585018,133678016,#N/A,Internal_Std
Internal_Std,230511_Smp_B_4LGV_T12,B1_IS,0.66,287829536,38856,134162624,#N/A,Internal_Std
Internal_Std,230511_Smp_B_4LGV_T24,B1_IS,0.68,32,0,28,#N/A,Internal_Std
Internal_Std,230511_Smp_B_4LGV_T36,B1_IS,0.66,254618128,88790,134105760,#N/A,Internal_Std
Internal_Std,230511_Smp_B_4LGV_T48,B1_IS,0.66,72489152,1320286,54338560,#N/A,Internal_Std
Internal_Std,230511_Smp_B_6HV_T0,B1_IS,0.66,339028224,2572103,133803584,#N/A,Internal_Std
Internal_Std,230511_Smp_B_6HV_T12,B1_IS,0.66,360638624,1574321,133985792,#N/A,Internal_Std
Internal_Std,230511_Smp_B_6HV_T24,B1_IS,0.66,362015168,856557,134042352,#N/A,Internal_Std
Internal_Std,230511_Smp_B_6HV_T36,B1_IS,0.65,423229952,431089,134123936,#N/A,Internal_Std
Internal_Std,230511_Smp_B_6HV_T48,B1_IS,0.66,139173792,2676119,107398144,#N/A,Internal_Std
Internal_Std,230511_Smp_C_1C_T0,B1_IS,0.65,322696640,91584,134155080,#N/A,Internal_Std
Internal_Std,230511_Smp_C_1C_T12,B1_IS,0.66,181180704,135403,124543880,#N/A,Internal_Std
Internal_Std,230511_Smp_C_1C_T18,B1_IS,0.66,288985568,39836,134161936,#N/A,Internal_Std
Internal_Std,230511_Smp_C_1C_T24,B1_IS,0.66,194834656,691633,130694640,#N/A,Internal_Std
Internal_Std,230511_Smp_C_1C_T30,B1_IS,0.65,294834112,77016,134158736,#N/A,Internal_Std
Internal_Std,230511_Smp_C_1C_T36,B1_IS,0.66,255947424,619076,134020592,#N/A,Internal_Std
Internal_Std,230511_Smp_C_1C_T42,B1_IS,0.65,655149184,280589,134148288,#N/A,Internal_Std
Internal_Std,230511_Smp_C_1C_T48,B1_IS,0.66,124816392,1169616,97752256,#N/A,Internal_Std
Internal_Std,230511_Smp_C_1C_T6,B1_IS,0.65,479714048,405454,134138112,#N/A,Internal_Std
Internal_Std,230511_Smp_C_3LV_T0,B1_IS,0.65,382005376,3805010,133682624,#N/A,Internal_Std
Internal_Std,230511_Smp_C_3LV_T12,B1_IS,0.66,161336352,1959766,115328192,#N/A,Internal_Std
Internal_Std,230511_Smp_C_3LV_T24,B1_IS,0.66,237350240,121083,134099176,#N/A,Internal_Std
Internal_Std,230511_Smp_C_3LV_T36,B1_IS,0.66,274050016,2111222,133800896,#N/A,Internal_Std
Internal_Std,230511_Smp_C_3LV_T48,B1_IS,0.66,55090276,974035,43635456,#N/A,Internal_Std
Internal_Std,230511_Smp_C_4LGV_T0,B1_IS,0.65,461713184,1899749,134025856,#N/A,Internal_Std
Internal_Std,230511_Smp_C_4LGV_T12,B1_IS,0.65,298961376,616692,134074064,#N/A,Internal_Std
Internal_Std,230511_Smp_C_4LGV_T24,B1_IS,0.66,327059552,576385,134072560,#N/A,Internal_Std
Internal_Std,230511_Smp_C_4LGV_T36,B1_IS,0.66,102697968,289368,74308624,#N/A,Internal_Std
Internal_Std,230511_Smp_C_4LGV_T48,B1_IS,0.66,233205360,341664,134015728,#N/A,Internal_Std
Internal_Std,230511_Smp_C_6HV_T0,B1_IS,0.65,384455808,124751,134154096,#N/A,Internal_Std
Internal_Std,230511_Smp_C_6HV_T12,B1_IS,0.66,295894880,61413,134159168,#N/A,Internal_Std
Internal_Std,230511_Smp_C_6HV_T24,B1_IS,0.65,270385088,3488045,133558784,#N/A,Internal_Std
Internal_Std,230511_Smp_C_6HV_T36,B1_IS,0.66,272679968,81145,134123376,#N/A,Internal_Std
Internal_Std,230511_Smp_C_6HV_T48,B1_IS,0.66,313237152,38519,134163112,#N/A,Internal_Std
Internal_Std,230511_Smp_E_2LG_T0,B1_IS,0.65,368333984,650588,134079552,#N/A,Internal_Std
Internal_Std,230511_Smp_E_2LG_T24,B1_IS,0.65,389864736,48502,134163416,#N/A,Internal_Std
Internal_Std,230511_Smp_E_2LG_T36,B1_IS,0.65,354192960,138889,134153376,#N/A,Internal_Std
Internal_Std,230511_Smp_E_2LG_T48,B1_IS,0.66,204180080,241440,133274560,#N/A,Internal_Std
Internal_Std,230511_Smp_E_3LG_T0,B1_IS,0.66,58724748,315706,44045248,#N/A,Internal_Std
Internal_Std,230511_Smp_E_3LG_T24,B1_IS,0.65,375263040,4834479,133529856,#N/A,Internal_Std
Internal_Std,230511_Smp_E_3LG_T36,B1_IS,0.65,391619680,1257114,134026368,#N/A,Internal_Std
Internal_Std,230511_Smp_E_3LG_T48,B1_IS,0.65,230110480,174910,134071128,#N/A,Internal_Std
Internal_Std,230511_Smp_E_4LG_T0,B1_IS,0.66,326635072,248097,134132016,#N/A,Internal_Std
Internal_Std,230511_Smp_E_4LG_T24,B1_IS,0.65,462828448,124967,134159000,#N/A,Internal_Std
Internal_Std,230511_Smp_E_4LG_T36,B1_IS,0.65,370279264,646170,134095760,#N/A,Internal_Std
Internal_Std,230511_Smp_E_4LG_T48,B1_IS,0.65,302542624,2241764,133795136,#N/A,Internal_Std
Internal_Std,230511_Smp_E_8G_T48,B1_IS,0.65,192854192,71660,131895104,#N/A,Internal_Std
Internal_Std,230511_Std_10nM_B12s_1,B1_IS,0.65,242379312,1390209,133860928,#N/A,Internal_Std
Internal_Std,230511_Std_10nM_B12s_2,B1_IS,0.66,277951040,2316832,133807040,#N/A,Internal_Std
Internal_Std,230511_Std_1nM_B12s_1,B1_IS,0.65,246023088,1488379,133864256,#N/A,Internal_Std
Internal_Std,230511_Std_1nM_B12s_2,B1_IS,0.66,283415680,2453387,133790656,#N/A,Internal_Std
Internal_Std,230511_Std_20nM_B12s_1,B1_IS,0.65,242385264,874623,133950720,#N/A,Internal_Std
Internal_Std,230511_Std_20nM_B12s_2,B1_IS,0.66,262546144,3614195,133563392,#N/A,Internal_Std
Internal_Std,230511_Std_5nM_B12s_1,B1_IS,0.65,243036688,1756228,133862720,#N/A,Internal_Std
Internal_Std,230511_Std_5nM_B12s_2,B1_IS,0.66,289454880,1792309,133897856,#N/A,Internal_Std
Internal_Std,230511_Std_OnM_B12s_1,B1_IS,0.65,248979888,2401204,133719424,#N/A,Internal_Std
Internal_Std,230511_Std_OnM_B12s_2,B1_IS,0.66,288718496,157405,134131392,#N/A,Internal_Std
Internal_Std,230511_Blk_DOM_blk_T0,B2_IS,3.77,27334236,427181,8668976,#N/A,Internal_Std
Internal_Std,230511_Blk_DOM_blk_T48,B2_IS,3.76,28840896,340173,10080304,#N/A,Internal_Std
Internal_Std,230511_Blk_Filter_blk_1,B2_IS,3.76,37004932,406269,11749072,#N/A,Internal_Std
Internal_Std,230511_Blk_Filter_blk_2,B2_IS,3.76,35158472,387308,11366864,#N/A,Internal_Std
Internal_Std,230511_Blk_Media_blk,B2_IS,3.77,31136920,201058,9486400,#N/A,Internal_Std
Internal_Std,230511_Poo_TruePooMortality_Full1,B2_IS,3.76,41401708,457846,12910672,#N/A,Internal_Std
Internal_Std,230511_Poo_TruePooMortality_Full2,B2_IS,3.76,41388660,582459,14065920,#N/A,Internal_Std
Internal_Std,230511_Poo_TruePooMortality_Full3,B2_IS,3.76,40795884,288725,14212624,#N/A,Internal_Std
Internal_Std,230511_Poo_TruePooMortality_Full4,B2_IS,3.76,1817145,339465,154196,#N/A,Internal_Std
Internal_Std,230511_Smp_A_1C_T0,B2_IS,3.79,28046582,297752,9784880,#N/A,Internal_Std
Internal_Std,230511_Smp_A_1C_T12,B2_IS,3.77,30800616,420263,10658704,#N/A,Internal_Std
Internal_Std,230511_Smp_A_1C_T18,B2_IS,3.77,40628240,322529,13236632,#N/A,Internal_Std
Internal_Std,230511_Smp_A_1C_T24,B2_IS,3.77,28862446,477367,9490624,#N/A,Internal_Std
Internal_Std,230511_Smp_A_1C_T30,B2_IS,3.77,57444176,790658,18789856,#N/A,Internal_Std
Internal_Std,230511_Smp_A_1C_T36,B2_IS,3.76,79699120,1284956,29461952,#N/A,Internal_Std
Internal_Std,230511_Smp_A_1C_T42,B2_IS,3.77,13756138,109358,4446916,#N/A,Internal_Std
Internal_Std,230511_Smp_A_1C_T48,B2_IS,3.77,29460346,260027,10301092,#N/A,Internal_Std
Internal_Std,230511_Smp_A_1C_T6,B2_IS,3.76,47307656,647894,16289056,#N/A,Internal_Std
Internal_Std,230511_Smp_A_3LV_T0,B2_IS,3.77,22823402,313562,7782256,#N/A,Internal_Std
Internal_Std,230511_Smp_A_3LV_T12,B2_IS,3.77,21225288,136883,6572680,#N/A,Internal_Std
Internal_Std,230511_Smp_A_3LV_T24,B2_IS,3.76,44505528,450956,14473840,#N/A,Internal_Std
Internal_Std,230511_Smp_A_3LV_T36,B2_IS,3.76,63589496,666644,22907392,#N/A,Internal_Std
Internal_Std,230511_Smp_A_3LV_T48,B2_IS,3.77,50048928,488962,17808544,#N/A,Internal_Std
Internal_Std,230511_Smp_A_4LGV_T0,B2_IS,3.76,40946956,463219,13963760,#N/A,Internal_Std
Internal_Std,230511_Smp_A_4LGV_T12,B2_IS,3.76,50226944,750899,16102576,#N/A,Internal_Std
Internal_Std,230511_Smp_A_4LGV_T24,B2_IS,3.77,26236352,171496,8985508,#N/A,Internal_Std
Internal_Std,230511_Smp_A_4LGV_T36,B2_IS,3.76,63563480,963251,22033600,#N/A,Internal_Std
Internal_Std,230511_Smp_A_4LGV_T48,B2_IS,3.76,54971392,857336,18451648,#N/A,Internal_Std
Internal_Std,230511_Smp_A_6HV_T0,B2_IS,3.76,30087420,306831,9422744,#N/A,Internal_Std
Internal_Std,230511_Smp_A_6HV_T12,B2_IS,3.76,41068080,490334,13860512,#N/A,Internal_Std
Internal_Std,230511_Smp_A_6HV_T24,B2_IS,3.75,32312900,451960,11243760,#N/A,Internal_Std
Internal_Std,230511_Smp_A_6HV_T36,B2_IS,3.76,48964012,586494,15898800,#N/A,Internal_Std
Internal_Std,230511_Smp_A_6HV_T48,B2_IS,3.77,41914052,390141,14752528,#N/A,Internal_Std
Internal_Std,230511_Smp_A_8G_T0,B2_IS,3.77,37291232,329612,12541904,#N/A,Internal_Std
Internal_Std,230511_Smp_A_8G_T48,B2_IS,3.76,53181644,733735,17941504,#N/A,Internal_Std
Internal_Std,230511_Smp_A_9V_T0,B2_IS,3.77,26449368,346064,8913408,#N/A,Internal_Std
Internal_Std,230511_Smp_B_1C_T0,B2_IS,3.76,15802025,186706,5426580,#N/A,Internal_Std
Internal_Std,230511_Smp_B_1C_T12,B2_IS,3.77,32651792,503909,11493504,#N/A,Internal_Std
Internal_Std,230511_Smp_B_1C_T18,B2_IS,3.76,47891652,757516,16117696,#N/A,Internal_Std
Internal_Std,230511_Smp_B_1C_T24,B2_IS,3.77,38905868,401579,12817504,#N/A,Internal_Std
Internal_Std,230511_Smp_B_1C_T30,B2_IS,3.76,47296648,401749,15344576,#N/A,Internal_Std
Internal_Std,230511_Smp_B_1C_T36,B2_IS,3.77,168855120,1810311,61647552,#N/A,Internal_Std
Internal_Std,230511_Smp_B_1C_T42,B2_IS,3.77,48266196,562648,15976528,#N/A,Internal_Std
Internal_Std,230511_Smp_B_1C_T48,B2_IS,3.76,23970454,204785,8220344,#N/A,Internal_Std
Internal_Std,230511_Smp_B_1C_T6,B2_IS,3.76,52011696,542387,17909712,#N/A,Internal_Std
Internal_Std,230511_Smp_B_3LV_T0,B2_IS,3.77,17899792,297801,6166188,#N/A,Internal_Std
Internal_Std,230511_Smp_B_3LV_T12,B2_IS,3.76,17677852,337281,5749804,#N/A,Internal_Std
Internal_Std,230511_Smp_B_3LV_T24,B2_IS,3.76,35081344,314257,12232320,#N/A,Internal_Std
Internal_Std,230511_Smp_B_3LV_T36,B2_IS,3.76,80547056,787155,29281728,#N/A,Internal_Std
Internal_Std,230511_Smp_B_3LV_T48,B2_IS,3.76,49466768,848449,16655008,#N/A,Internal_Std
Internal_Std,230511_Smp_B_4LGV_T0,B2_IS,3.77,47640276,645162,15813600,#N/A,Internal_Std
Internal_Std,230511_Smp_B_4LGV_T12,B2_IS,3.76,17222576,236299,5361560,#N/A,Internal_Std
Internal_Std,230511_Smp_B_4LGV_T24,B2_IS,3.97,48,0,32,#N/A,Internal_Std
Internal_Std,230511_Smp_B_4LGV_T36,B2_IS,3.77,35044960,480136,11391136,#N/A,Internal_Std
Internal_Std,230511_Smp_B_4LGV_T48,B2_IS,3.76,43209316,324945,14775968,#N/A,Internal_Std
Internal_Std,230511_Smp_B_6HV_T0,B2_IS,3.77,42619520,599277,14250272,#N/A,Internal_Std
Internal_Std,230511_Smp_B_6HV_T12,B2_IS,3.76,38370112,464476,13302784,#N/A,Internal_Std
Internal_Std,230511_Smp_B_6HV_T24,B2_IS,3.77,27751386,272669,9001264,#N/A,Internal_Std
Internal_Std,230511_Smp_B_6HV_T36,B2_IS,3.76,54636180,632604,19369072,#N/A,Internal_Std
Internal_Std,230511_Smp_B_6HV_T48,B2_IS,3.77,5783282,8921,1682610,#N/A,Internal_Std
Internal_Std,230511_Smp_C_1C_T0,B2_IS,3.77,26457700,280551,8276900,#N/A,Internal_Std
Internal_Std,230511_Smp_C_1C_T12,B2_IS,3.76,40749964,383852,13043376,#N/A,Internal_Std
Internal_Std,230511_Smp_C_1C_T18,B2_IS,3.77,33390688,341807,10575648,#N/A,Internal_Std
Internal_Std,230511_Smp_C_1C_T24,B2_IS,3.77,49931184,466242,17080496,#N/A,Internal_Std
Internal_Std,230511_Smp_C_1C_T30,B2_IS,3.76,45266480,353595,13928368,#N/A,Internal_Std
Internal_Std,230511_Smp_C_1C_T36,B2_IS,3.76,47085032,418230,16457520,#N/A,Internal_Std
Internal_Std,230511_Smp_C_1C_T42,B2_IS,3.77,49126852,411121,17128480,#N/A,Internal_Std
Internal_Std,230511_Smp_C_1C_T48,B2_IS,3.77,44139108,371278,14913568,#N/A,Internal_Std
Internal_Std,230511_Smp_C_1C_T6,B2_IS,3.76,36961580,84043,12541568,#N/A,Internal_Std
Internal_Std,230511_Smp_C_3LV_T0,B2_IS,3.75,40397228,431979,14342496,#N/A,Internal_Std
Internal_Std,230511_Smp_C_3LV_T12,B2_IS,3.76,33408668,269775,10753908,#N/A,Internal_Std
Internal_Std,230511_Smp_C_3LV_T24,B2_IS,3.76,44617176,593014,15317552,#N/A,Internal_Std
Internal_Std,230511_Smp_C_3LV_T36,B2_IS,3.76,54263272,660114,18966752,#N/A,Internal_Std
Internal_Std,230511_Smp_C_3LV_T48,B2_IS,3.76,27122170,463425,9260640,#N/A,Internal_Std
Internal_Std,230511_Smp_C_4LGV_T0,B2_IS,3.77,35142640,489421,12135072,#N/A,Internal_Std
Internal_Std,230511_Smp_C_4LGV_T12,B2_IS,3.76,43299400,563267,14362848,#N/A,Internal_Std
Internal_Std,230511_Smp_C_4LGV_T24,B2_IS,3.78,41558820,511515,14235584,#N/A,Internal_Std
Internal_Std,230511_Smp_C_4LGV_T36,B2_IS,3.76,50441348,508854,17234144,#N/A,Internal_Std
Internal_Std,230511_Smp_C_4LGV_T48,B2_IS,3.76,60551944,954892,22778864,#N/A,Internal_Std
Internal_Std,230511_Smp_C_6HV_T0,B2_IS,3.77,16502960,106291,5441516,#N/A,Internal_Std
Internal_Std,230511_Smp_C_6HV_T12,B2_IS,3.76,17757352,124744,5609812,#N/A,Internal_Std
Internal_Std,230511_Smp_C_6HV_T24,B2_IS,3.76,36442180,376331,11696640,#N/A,Internal_Std
Internal_Std,230511_Smp_C_6HV_T36,B2_IS,3.76,24384934,483496,7622496,#N/A,Internal_Std
Internal_Std,230511_Smp_C_6HV_T48,B2_IS,3.77,38109188,397950,12861792,#N/A,Internal_Std
Internal_Std,230511_Smp_E_2LG_T0,B2_IS,3.77,19581918,276019,6641380,#N/A,Internal_Std
Internal_Std,230511_Smp_E_2LG_T24,B2_IS,3.76,32409882,381238,11208688,#N/A,Internal_Std
Internal_Std,230511_Smp_E_2LG_T36,B2_IS,3.77,60696436,689398,20847760,#N/A,Internal_Std
Internal_Std,230511_Smp_E_2LG_T48,B2_IS,3.78,45794972,351704,15854416,#N/A,Internal_Std
Internal_Std,230511_Smp_E_3LG_T0,B2_IS,3.76,41773608,692785,13244464,#N/A,Internal_Std
Internal_Std,230511_Smp_E_3LG_T24,B2_IS,3.76,38480572,210068,13270084,#N/A,Internal_Std
Internal_Std,230511_Smp_E_3LG_T36,B2_IS,3.76,41320720,543530,14028128,#N/A,Internal_Std
Internal_Std,230511_Smp_E_3LG_T48,B2_IS,3.76,70708640,962261,24010864,#N/A,Internal_Std
Internal_Std,230511_Smp_E_4LG_T0,B2_IS,3.77,40167260,229738,13281632,#N/A,Internal_Std
Internal_Std,230511_Smp_E_4LG_T24,B2_IS,3.77,42370432,563572,14179200,#N/A,Internal_Std
Internal_Std,230511_Smp_E_4LG_T36,B2_IS,3.76,38642616,434560,13024688,#N/A,Internal_Std
Internal_Std,230511_Smp_E_4LG_T48,B2_IS,3.77,58422068,448596,20706848,#N/A,Internal_Std
Internal_Std,230511_Smp_E_8G_T48,B2_IS,3.76,28807318,416760,9254144,#N/A,Internal_Std
Internal_Std,230511_Std_10nM_B12s_1,B2_IS,3.76,42359208,639103,13854576,#N/A,Internal_Std
Internal_Std,230511_Std_10nM_B12s_2,B2_IS,3.76,41046240,611753,14658736,#N/A,Internal_Std
Internal_Std,230511_Std_1nM_B12s_1,B2_IS,3.75,41633324,376582,13309376,#N/A,Internal_Std
Internal_Std,230511_Std_1nM_B12s_2,B2_IS,3.76,39569756,465193,13591856,#N/A,Internal_Std
Internal_Std,230511_Std_20nM_B12s_1,B2_IS,3.76,41460412,532885,13455712,#N/A,Internal_Std
Internal_Std,230511_Std_20nM_B12s_2,B2_IS,3.76,40152688,608590,14220832,#N/A,Internal_Std
Internal_Std,230511_Std_5nM_B12s_1,B2_IS,3.76,41896740,361461,14296880,#N/A,Internal_Std
Internal_Std,230511_Std_5nM_B12s_2,B2_IS,3.76,41228856,353941,14625488,#N/A,Internal_Std
Internal_Std,230511_Std_OnM_B12s_1,B2_IS,3.75,41989488,658656,13044304,#N/A,Internal_Std
Internal_Std,230511_Std_OnM_B12s_2,B2_IS,3.76,40117088,556158,13857360,#N/A,Internal_Std
Internal_Std,230511_Blk_DOM_blk_T0,B2_IS,3.77,10362506,161176,3400280,#N/A,Internal_Std
Internal_Std,230511_Blk_DOM_blk_T48,B2_IS,3.76,10844441,133940,3884896,#N/A,Internal_Std
Internal_Std,230511_Blk_Filter_blk_1,B2_IS,3.76,14256685,110974,4504104,#N/A,Internal_Std
Internal_Std,230511_Blk_Filter_blk_2,B2_IS,3.76,13420223,218978,4325276,#N/A,Internal_Std
Internal_Std,230511_Blk_Media_blk,B2_IS,3.76,11982537,78637,3676945,#N/A,Internal_Std
Internal_Std,230511_Poo_TruePooMortality_Full1,B2_IS,3.75,16091357,205896,5225520,#N/A,Internal_Std
Internal_Std,230511_Poo_TruePooMortality_Full2,B2_IS,3.76,15613387,231483,5366020,#N/A,Internal_Std
Internal_Std,230511_Poo_TruePooMortality_Full3,B2_IS,3.76,15791813,106970,5490652,#N/A,Internal_Std
Internal_Std,230511_Poo_TruePooMortality_Full4,B2_IS,3.77,496928,309295,52788,#N/A,Internal_Std
Internal_Std,230511_Smp_A_1C_T0,B2_IS,3.79,10854738,89132,3948836,#N/A,Internal_Std
Internal_Std,230511_Smp_A_1C_T12,B2_IS,3.77,11975073,96916,4116540,#N/A,Internal_Std
Internal_Std,230511_Smp_A_1C_T18,B2_IS,3.76,15412650,107340,4956312,#N/A,Internal_Std
Internal_Std,230511_Smp_A_1C_T24,B2_IS,3.76,10958538,253367,3764988,#N/A,Internal_Std
Internal_Std,230511_Smp_A_1C_T30,B2_IS,3.77,22409488,298237,7441292,#N/A,Internal_Std
Internal_Std,230511_Smp_A_1C_T36,B2_IS,3.76,30626508,710809,11092000,#N/A,Internal_Std
Internal_Std,230511_Smp_A_1C_T42,B2_IS,3.76,5158814,92948,1742324,#N/A,Internal_Std
Internal_Std,230511_Smp_A_1C_T48,B2_IS,3.77,11229412,60589,3998102,#N/A,Internal_Std
Internal_Std,230511_Smp_A_1C_T6,B2_IS,3.76,18139992,252904,6412468,#N/A,Internal_Std
Internal_Std,230511_Smp_A_3LV_T0,B2_IS,3.77,8502167,244633,3033236,#N/A,Internal_Std
Internal_Std,230511_Smp_A_3LV_T12,B2_IS,3.77,7994169,199681,2691500,#N/A,Internal_Std
Internal_Std,230511_Smp_A_3LV_T24,B2_IS,3.76,16881870,158320,5444064,#N/A,Internal_Std
Internal_Std,230511_Smp_A_3LV_T36,B2_IS,3.77,24611968,251100,9222972,#N/A,Internal_Std
Internal_Std,230511_Smp_A_3LV_T48,B2_IS,3.77,19286104,145492,6902872,#N/A,Internal_Std
Internal_Std,230511_Smp_A_4LGV_T0,B2_IS,3.76,15380082,288807,5293440,#N/A,Internal_Std
Internal_Std,230511_Smp_A_4LGV_T12,B2_IS,3.76,19117180,165224,6211108,#N/A,Internal_Std
Internal_Std,230511_Smp_A_4LGV_T24,B2_IS,3.76,10235668,75978,3462583,#N/A,Internal_Std
Internal_Std,230511_Smp_A_4LGV_T36,B2_IS,3.76,23903006,345911,8495632,#N/A,Internal_Std
Internal_Std,230511_Smp_A_4LGV_T48,B2_IS,3.76,21317132,224570,7142228,#N/A,Internal_Std
Internal_Std,230511_Smp_A_6HV_T0,B2_IS,3.76,11568694,97716,3578560,#N/A,Internal_Std
Internal_Std,230511_Smp_A_6HV_T12,B2_IS,3.76,15864308,141561,5387308,#N/A,Internal_Std
Internal_Std,230511_Smp_A_6HV_T24,B2_IS,3.76,12605008,62215,4422067,#N/A,Internal_Std
Internal_Std,230511_Smp_A_6HV_T36,B2_IS,3.77,18674650,362281,6065920,#N/A,Internal_Std
Internal_Std,230511_Smp_A_6HV_T48,B2_IS,3.77,16124865,174189,5540444,#N/A,Internal_Std
Internal_Std,230511_Smp_A_8G_T0,B2_IS,3.77,14438498,21876,4950910,#N/A,Internal_Std
Internal_Std,230511_Smp_A_8G_T48,B2_IS,3.77,20565682,205369,6923272,#N/A,Internal_Std
Internal_Std,230511_Smp_A_9V_T0,B2_IS,3.77,10228092,126499,3401752,#N/A,Internal_Std
Internal_Std,230511_Smp_B_1C_T0,B2_IS,3.76,6100447,51008,1987755,#N/A,Internal_Std
Internal_Std,230511_Smp_B_1C_T12,B2_IS,3.76,12494626,139789,4460144,#N/A,Internal_Std
Internal_Std,230511_Smp_B_1C_T18,B2_IS,3.76,18489664,196845,6353096,#N/A,Internal_Std
Internal_Std,230511_Smp_B_1C_T24,B2_IS,3.76,14851650,140714,4802936,#N/A,Internal_Std
Internal_Std,230511_Smp_B_1C_T30,B2_IS,3.76,18344794,143625,6050852,#N/A,Internal_Std
Internal_Std,230511_Smp_B_1C_T36,B2_IS,3.77,64682540,649694,23590080,#N/A,Internal_Std
Internal_Std,230511_Smp_B_1C_T42,B2_IS,3.76,18547436,291645,5973992,#N/A,Internal_Std
Internal_Std,230511_Smp_B_1C_T48,B2_IS,3.77,9137094,82502,3158024,#N/A,Internal_Std
Internal_Std,230511_Smp_B_1C_T6,B2_IS,3.76,20122534,126777,6973816,#N/A,Internal_Std
Internal_Std,230511_Smp_B_3LV_T0,B2_IS,3.76,6954654,75131,2311275,#N/A,Internal_Std
Internal_Std,230511_Smp_B_3LV_T12,B2_IS,3.76,6835597,45166,2221931,#N/A,Internal_Std
Internal_Std,230511_Smp_B_3LV_T24,B2_IS,3.76,13607129,168913,4877848,#N/A,Internal_Std
Internal_Std,230511_Smp_B_3LV_T36,B2_IS,3.76,31125926,260499,11168452,#N/A,Internal_Std
Internal_Std,230511_Smp_B_3LV_T48,B2_IS,3.76,19138606,326327,6552992,#N/A,Internal_Std
Internal_Std,230511_Smp_B_4LGV_T0,B2_IS,3.77,18382830,163520,6358560,#N/A,Internal_Std
Internal_Std,230511_Smp_B_4LGV_T12,B2_IS,3.76,6682178,50844,1994675,#N/A,Internal_Std
Internal_Std,230511_Smp_B_4LGV_T24,B2_IS,3.73,68,0,31,#N/A,Internal_Std
Internal_Std,230511_Smp_B_4LGV_T36,B2_IS,3.77,13658979,91143,4432812,#N/A,Internal_Std
Internal_Std,230511_Smp_B_4LGV_T48,B2_IS,3.76,16483235,113428,5591052,#N/A,Internal_Std
Internal_Std,230511_Smp_B_6HV_T0,B2_IS,3.77,16128190,299952,5372016,#N/A,Internal_Std
Internal_Std,230511_Smp_B_6HV_T12,B2_IS,3.76,14777475,141399,5012788,#N/A,Internal_Std
Internal_Std,230511_Smp_B_6HV_T24,B2_IS,3.77,10570807,134263,3467616,#N/A,Internal_Std
Internal_Std,230511_Smp_B_6HV_T36,B2_IS,3.76,20931076,249051,7448016,#N/A,Internal_Std
Internal_Std,230511_Smp_B_6HV_T48,B2_IS,3.76,2267325,801,680139,#N/A,Internal_Std
Internal_Std,230511_Smp_C_1C_T0,B2_IS,3.77,10285886,30357,3242276,#N/A,Internal_Std
Internal_Std,230511_Smp_C_1C_T12,B2_IS,3.76,15703770,205772,4973156,#N/A,Internal_Std
Internal_Std,230511_Smp_C_1C_T18,B2_IS,3.77,12576866,247321,4064960,#N/A,Internal_Std
Internal_Std,230511_Smp_C_1C_T24,B2_IS,3.76,19062216,259967,6297940,#N/A,Internal_Std
Internal_Std,230511_Smp_C_1C_T30,B2_IS,3.76,17507582,156821,5508772,#N/A,Internal_Std
Internal_Std,230511_Smp_C_1C_T36,B2_IS,3.77,17948236,107293,6241956,#N/A,Internal_Std
Internal_Std,230511_Smp_C_1C_T42,B2_IS,3.77,18806900,161265,6454200,#N/A,Internal_Std
Internal_Std,230511_Smp_C_1C_T48,B2_IS,3.77,17160466,66681,5881385,#N/A,Internal_Std
Internal_Std,230511_Smp_C_1C_T6,B2_IS,3.76,14215299,56613,4748655,#N/A,Internal_Std
Internal_Std,230511_Smp_C_3LV_T0,B2_IS,3.76,15390985,195108,5378436,#N/A,Internal_Std
Internal_Std,230511_Smp_C_3LV_T12,B2_IS,3.77,12803985,75780,4221602,#N/A,Internal_Std
Internal_Std,230511_Smp_C_3LV_T24,B2_IS,3.76,17206424,215748,5646436,#N/A,Internal_Std
Internal_Std,230511_Smp_C_3LV_T36,B2_IS,3.77,20793994,284743,7253632,#N/A,Internal_Std
Internal_Std,230511_Smp_C_3LV_T48,B2_IS,3.76,10404325,136286,3501176,#N/A,Internal_Std
Internal_Std,230511_Smp_C_4LGV_T0,B2_IS,3.77,13547241,105977,4792780,#N/A,Internal_Std
Internal_Std,230511_Smp_C_4LGV_T12,B2_IS,3.76,16400938,223487,5187660,#N/A,Internal_Std
Internal_Std,230511_Smp_C_4LGV_T24,B2_IS,3.77,15995481,145989,5579336,#N/A,Internal_Std
Internal_Std,230511_Smp_C_4LGV_T36,B2_IS,3.76,19385338,166723,6795652,#N/A,Internal_Std
Internal_Std,230511_Smp_C_4LGV_T48,B2_IS,3.76,22956070,435044,8504752,#N/A,Internal_Std
Internal_Std,230511_Smp_C_6HV_T0,B2_IS,3.76,6296091,87773,2091728,#N/A,Internal_Std
Internal_Std,230511_Smp_C_6HV_T12,B2_IS,3.76,6717764,38015,2121783,#N/A,Internal_Std
Internal_Std,230511_Smp_C_6HV_T24,B2_IS,3.76,14093096,85302,4475392,#N/A,Internal_Std
Internal_Std,230511_Smp_C_6HV_T36,B2_IS,3.76,9166410,221319,2977488,#N/A,Internal_Std
Internal_Std,230511_Smp_C_6HV_T48,B2_IS,3.77,14593701,197525,4987204,#N/A,Internal_Std
Internal_Std,230511_Smp_E_2LG_T0,B2_IS,3.77,7573834,103558,2642960,#N/A,Internal_Std
Internal_Std,230511_Smp_E_2LG_T24,B2_IS,3.76,12662246,158612,4500332,#N/A,Internal_Std
Internal_Std,230511_Smp_E_2LG_T36,B2_IS,3.76,23539562,125816,8151760,#N/A,Internal_Std
Internal_Std,230511_Smp_E_2LG_T48,B2_IS,3.78,17421510,173671,6224532,#N/A,Internal_Std
Internal_Std,230511_Smp_E_3LG_T0,B2_IS,3.76,15928987,313195,5244920,#N/A,Internal_Std
Internal_Std,230511_Smp_E_3LG_T24,B2_IS,3.76,14716426,141235,5212084,#N/A,Internal_Std
Internal_Std,230511_Smp_E_3LG_T36,B2_IS,3.76,15775789,353859,5493472,#N/A,Internal_Std
Internal_Std,230511_Smp_E_3LG_T48,B2_IS,3.76,27599790,204894,9219668,#N/A,Internal_Std
Internal_Std,230511_Smp_E_4LG_T0,B2_IS,3.77,15306921,219793,5049632,#N/A,Internal_Std
Internal_Std,230511_Smp_E_4LG_T24,B2_IS,3.77,16414578,270763,5459432,#N/A,Internal_Std
Internal_Std,230511_Smp_E_4LG_T36,B2_IS,3.77,14732490,216442,4830000,#N/A,Internal_Std
Internal_Std,230511_Smp_E_4LG_T48,B2_IS,3.77,22547450,108677,8349464,#N/A,Internal_Std
Internal_Std,230511_Smp_E_8G_T48,B2_IS,3.76,11135861,95165,3608820,#N/A,Internal_Std
Internal_Std,230511_Std_10nM_B12s_1,B2_IS,3.76,16379835,208709,5464788,#N/A,Internal_Std
Internal_Std,230511_Std_10nM_B12s_2,B2_IS,3.76,15846843,176096,5512384,#N/A,Internal_Std
Internal_Std,230511_Std_1nM_B12s_1,B2_IS,3.76,15962017,232044,5319376,#N/A,Internal_Std
Internal_Std,230511_Std_1nM_B12s_2,B2_IS,3.76,15104539,239944,5178212,#N/A,Internal_Std
Internal_Std,230511_Std_20nM_B12s_1,B2_IS,3.76,16058545,143049,5164244,#N/A,Internal_Std
Internal_Std,230511_Std_20nM_B12s_2,B2_IS,3.76,15193682,182980,5259688,#N/A,Internal_Std
Internal_Std,230511_Std_5nM_B12s_1,B2_IS,3.76,15950908,183429,5231220,#N/A,Internal_Std
Internal_Std,230511_Std_5nM_B12s_2,B2_IS,3.76,15544973,236530,5582236,#N/A,Internal_Std
Internal_Std,230511_Std_OnM_B12s_1,B2_IS,3.75,15822257,381631,5302320,#N/A,Internal_Std
Internal_Std,230511_Std_OnM_B12s_2,B2_IS,3.76,15530866,192899,5416732,#N/A,Internal_Std
Internal_Std,230511_Blk_DOM_blk_T0,D-Phenylalanine,1.15,13428,18890,16450,#N/A,Internal_Std
Internal_Std,230511_Blk_DOM_blk_T48,D-Phenylalanine,1.2,33902,66056,14971,#N/A,Internal_Std
Internal_Std,230511_Blk_Filter_blk_1,D-Phenylalanine,1.17,14542,41232,12695,#N/A,Internal_Std
Internal_Std,230511_Blk_Filter_blk_2,D-Phenylalanine,1.12,9226,66559,8222,#N/A,Internal_Std
Internal_Std,230511_Blk_Media_blk,D-Phenylalanine,1.15,11358,39666,12466,#N/A,Internal_Std
Internal_Std,230511_Poo_TruePooMortality_Full1,D-Phenylalanine,1.16,19293,35173,19726,#N/A,Internal_Std
Internal_Std,230511_Poo_TruePooMortality_Full2,D-Phenylalanine,1.21,13884,118984,9087,#N/A,Internal_Std
Internal_Std,230511_Poo_TruePooMortality_Full3,D-Phenylalanine,1.21,5026,139463,8462,#N/A,Internal_Std
Internal_Std,230511_Poo_TruePooMortality_Full4,D-Phenylalanine,1.17,2837,52686,5125,#N/A,Internal_Std
Internal_Std,230511_Smp_A_1C_T0,D-Phenylalanine,1.17,4924,40214,5251,#N/A,Internal_Std
Internal_Std,230511_Smp_A_1C_T12,D-Phenylalanine,0.79,13807449,519203,5449513,#N/A,Internal_Std
Internal_Std,230511_Smp_A_1C_T18,D-Phenylalanine,1.19,61272,37898,19565,#N/A,Internal_Std
Internal_Std,230511_Smp_A_1C_T24,D-Phenylalanine,1.18,13147,64811,12983,#N/A,Internal_Std
Internal_Std,230511_Smp_A_1C_T30,D-Phenylalanine,1.17,2169,67312,5186,#N/A,Internal_Std
Internal_Std,230511_Smp_A_1C_T36,D-Phenylalanine,1.08,19085,121303,27953,#N/A,Internal_Std
Internal_Std,230511_Smp_A_1C_T42,D-Phenylalanine,1.15,3012,38928,4346,#N/A,Internal_Std
Internal_Std,230511_Smp_A_1C_T48,D-Phenylalanine,1.16,21574,97733,13986,#N/A,Internal_Std
Internal_Std,230511_Smp_A_1C_T6,D-Phenylalanine,1.17,35815,44116,15644,#N/A,Internal_Std
Internal_Std,230511_Smp_A_3LV_T0,D-Phenylalanine,1.14,6865,41098,6990,#N/A,Internal_Std
Internal_Std,230511_Smp_A_3LV_T12,D-Phenylalanine,1.17,13251,33291,14000,#N/A,Internal_Std
Internal_Std,230511_Smp_A_3LV_T24,D-Phenylalanine,1.19,78581,117933,27057,#N/A,Internal_Std
Internal_Std,230511_Smp_A_3LV_T36,D-Phenylalanine,1.04,411579,132387,92374,#N/A,Internal_Std
Internal_Std,230511_Smp_A_3LV_T48,D-Phenylalanine,1.2,51627,79457,20244,#N/A,Internal_Std
Internal_Std,230511_Smp_A_4LGV_T0,D-Phenylalanine,1.19,17989,58684,12474,#N/A,Internal_Std
Internal_Std,230511_Smp_A_4LGV_T12,D-Phenylalanine,1.16,2897,60577,4852,#N/A,Internal_Std
Internal_Std,230511_Smp_A_4LGV_T24,D-Phenylalanine,1.13,12,70980,0,#N/A,Internal_Std
Internal_Std,230511_Smp_A_4LGV_T36,D-Phenylalanine,1.13,10176,97663,23027,#N/A,Internal_Std
Internal_Std,230511_Smp_A_4LGV_T48,D-Phenylalanine,0.78,11816661,502814,4520455,#N/A,Internal_Std
Internal_Std,230511_Smp_A_6HV_T0,D-Phenylalanine,1.17,10896,27552,13885,#N/A,Internal_Std
Internal_Std,230511_Smp_A_6HV_T12,D-Phenylalanine,1.17,28827,31199,21142,#N/A,Internal_Std
Internal_Std,230511_Smp_A_6HV_T24,D-Phenylalanine,1.16,39152,127970,18282,#N/A,Internal_Std
Internal_Std,230511_Smp_A_6HV_T36,D-Phenylalanine,1.2,21219,189845,23104,#N/A,Internal_Std
Internal_Std,230511_Smp_A_6HV_T48,D-Phenylalanine,1.15,20206,28911,24976,#N/A,Internal_Std
Internal_Std,230511_Smp_A_8G_T0,D-Phenylalanine,1.12,4603,54772,21975,#N/A,Internal_Std
Internal_Std,230511_Smp_A_8G_T48,D-Phenylalanine,1.15,23977,37657,20274,#N/A,Internal_Std
Internal_Std,230511_Smp_A_9V_T0,D-Phenylalanine,1.19,14295,103185,14530,#N/A,Internal_Std
Internal_Std,230511_Smp_B_1C_T0,D-Phenylalanine,1.14,19900,62493,10045,#N/A,Internal_Std
Internal_Std,230511_Smp_B_1C_T12,D-Phenylalanine,1.17,18052,33880,16002,#N/A,Internal_Std
Internal_Std,230511_Smp_B_1C_T18,D-Phenylalanine,1.14,35135,28735,22390,#N/A,Internal_Std
Internal_Std,230511_Smp_B_1C_T24,D-Phenylalanine,1.18,11552,41885,18297,#N/A,Internal_Std
Internal_Std,230511_Smp_B_1C_T30,D-Phenylalanine,1.17,42549,72765,19729,#N/A,Internal_Std
Internal_Std,230511_Smp_B_1C_T36,D-Phenylalanine,1.13,20539,55222,10888,#N/A,Internal_Std
Internal_Std,230511_Smp_B_1C_T42,D-Phenylalanine,1.08,4648,118692,7900,#N/A,Internal_Std
Internal_Std,230511_Smp_B_1C_T48,D-Phenylalanine,1.17,6848,48968,7730,#N/A,Internal_Std
Internal_Std,230511_Smp_B_1C_T6,D-Phenylalanine,1.17,49410,68681,18302,#N/A,Internal_Std
Internal_Std,230511_Smp_B_3LV_T0,D-Phenylalanine,1.15,13666,72544,6441,#N/A,Internal_Std
Internal_Std,230511_Smp_B_3LV_T12,D-Phenylalanine,1.09,34384,71940,24520,#N/A,Internal_Std
Internal_Std,230511_Smp_B_3LV_T24,D-Phenylalanine,1.12,29189,57036,15211,#N/A,Internal_Std
Internal_Std,230511_Smp_B_3LV_T36,D-Phenylalanine,1.21,14135,222511,13906,#N/A,Internal_Std
Internal_Std,230511_Smp_B_3LV_T48,D-Phenylalanine,1.1,7612,94709,16368,#N/A,Internal_Std
Internal_Std,230511_Smp_B_4LGV_T0,D-Phenylalanine,1.17,24598,48206,17865,#N/A,Internal_Std
Internal_Std,230511_Smp_B_4LGV_T12,D-Phenylalanine,1.17,55508,131856,18888,#N/A,Internal_Std
Internal_Std,230511_Smp_B_4LGV_T24,D-Phenylalanine,1.12,0,0,0,#N/A,Internal_Std
Internal_Std,230511_Smp_B_4LGV_T36,D-Phenylalanine,0.79,15107544,524747,6131335,#N/A,Internal_Std
Internal_Std,230511_Smp_B_4LGV_T48,D-Phenylalanine,1.09,112129,186024,142968,#N/A,Internal_Std
Internal_Std,230511_Smp_B_6HV_T0,D-Phenylalanine,1.16,14728,39793,11324,#N/A,Internal_Std
Internal_Std,230511_Smp_B_6HV_T12,D-Phenylalanine,1.15,20474,46925,13312,#N/A,Internal_Std
Internal_Std,230511_Smp_B_6HV_T24,D-Phenylalanine,1.1,10480,122759,8357,#N/A,Internal_Std
Internal_Std,230511_Smp_B_6HV_T36,D-Phenylalanine,1.09,75677,165907,47103,#N/A,Internal_Std
Internal_Std,230511_Smp_B_6HV_T48,D-Phenylalanine,1.25,118303,112930,28604,#N/A,Internal_Std
Internal_Std,230511_Smp_C_1C_T0,D-Phenylalanine,1.16,13991,65845,11077,#N/A,Internal_Std
Internal_Std,230511_Smp_C_1C_T12,D-Phenylalanine,1.18,30292,147327,13392,#N/A,Internal_Std
Internal_Std,230511_Smp_C_1C_T18,D-Phenylalanine,1.1,54238,60330,21367,#N/A,Internal_Std
Internal_Std,230511_Smp_C_1C_T24,D-Phenylalanine,1.19,49071,64426,18357,#N/A,Internal_Std
Internal_Std,230511_Smp_C_1C_T30,D-Phenylalanine,1.18,54985,48196,28581,#N/A,Internal_Std
Internal_Std,230511_Smp_C_1C_T36,D-Phenylalanine,1.15,4083,62688,4473,#N/A,Internal_Std
Internal_Std,230511_Smp_C_1C_T42,D-Phenylalanine,1.15,16476,72817,9235,#N/A,Internal_Std
Internal_Std,230511_Smp_C_1C_T48,D-Phenylalanine,1.05,292289,127976,55839,#N/A,Internal_Std
Internal_Std,230511_Smp_C_1C_T6,D-Phenylalanine,1.18,49585,59872,20148,#N/A,Internal_Std
Internal_Std,230511_Smp_C_3LV_T0,D-Phenylalanine,1.13,21979,40229,19233,#N/A,Internal_Std
Internal_Std,230511_Smp_C_3LV_T12,D-Phenylalanine,1.13,8662,37743,9269,#N/A,Internal_Std
Internal_Std,230511_Smp_C_3LV_T24,D-Phenylalanine,1.17,1840,50618,3018,#N/A,Internal_Std
Internal_Std,230511_Smp_C_3LV_T36,D-Phenylalanine,1.13,17151,57212,14536,#N/A,Internal_Std
Internal_Std,230511_Smp_C_3LV_T48,D-Phenylalanine,1.17,1088,36390,2889,#N/A,Internal_Std
Internal_Std,230511_Smp_C_4LGV_T0,D-Phenylalanine,1.13,4855,26265,15518,#N/A,Internal_Std
Internal_Std,230511_Smp_C_4LGV_T12,D-Phenylalanine,1.1,17496,131933,25993,#N/A,Internal_Std
Internal_Std,230511_Smp_C_4LGV_T24,D-Phenylalanine,1.2,35964,101934,16059,#N/A,Internal_Std
Internal_Std,230511_Smp_C_4LGV_T36,D-Phenylalanine,1.18,869,127668,2126,#N/A,Internal_Std
Internal_Std,230511_Smp_C_4LGV_T48,D-Phenylalanine,1.11,14291,93830,20888,#N/A,Internal_Std
Internal_Std,230511_Smp_C_6HV_T0,D-Phenylalanine,1.16,6965,37204,7451,#N/A,Internal_Std
Internal_Std,230511_Smp_C_6HV_T12,D-Phenylalanine,1.13,33883,59381,16806,#N/A,Internal_Std
Internal_Std,230511_Smp_C_6HV_T24,D-Phenylalanine,1.04,440638,150454,123872,#N/A,Internal_Std
Internal_Std,230511_Smp_C_6HV_T36,D-Phenylalanine,1.18,24136,69173,12543,#N/A,Internal_Std
Internal_Std,230511_Smp_C_6HV_T48,D-Phenylalanine,1.11,11841,75325,12881,#N/A,Internal_Std
Internal_Std,230511_Smp_E_2LG_T0,D-Phenylalanine,1.19,4822,74474,6758,#N/A,Internal_Std
Internal_Std,230511_Smp_E_2LG_T24,D-Phenylalanine,1.09,100693,137458,155871,#N/A,Internal_Std
Internal_Std,230511_Smp_E_2LG_T36,D-Phenylalanine,1.2,391,165464,1776,#N/A,Internal_Std
Internal_Std,230511_Smp_E_2LG_T48,D-Phenylalanine,0.79,12697692,385191,4769722,#N/A,Internal_Std
Internal_Std,230511_Smp_E_3LG_T0,D-Phenylalanine,1.13,22756,35145,17541,#N/A,Internal_Std
Internal_Std,230511_Smp_E_3LG_T24,D-Phenylalanine,1.17,3718,84635,7045,#N/A,Internal_Std
Internal_Std,230511_Smp_E_3LG_T36,D-Phenylalanine,1.12,6787,135374,12318,#N/A,Internal_Std
Internal_Std,230511_Smp_E_3LG_T48,D-Phenylalanine,1.12,7470,121593,25952,#N/A,Internal_Std
Internal_Std,230511_Smp_E_4LG_T0,D-Phenylalanine,1.17,16218,52770,9917,#N/A,Internal_Std
Internal_Std,230511_Smp_E_4LG_T24,D-Phenylalanine,1.16,8212,64785,7988,#N/A,Internal_Std
Internal_Std,230511_Smp_E_4LG_T36,D-Phenylalanine,1.12,6162,60247,11427,#N/A,Internal_Std
Internal_Std,230511_Smp_E_4LG_T48,D-Phenylalanine,1.1,23183,128517,33901,#N/A,Internal_Std
Internal_Std,230511_Smp_E_8G_T48,D-Phenylalanine,1.12,18365,72745,10246,#N/A,Internal_Std
Internal_Std,230511_Std_10nM_B12s_1,D-Phenylalanine,1.14,1902,50920,4150,#N/A,Internal_Std
Internal_Std,230511_Std_10nM_B12s_2,D-Phenylalanine,1.2,30892,55603,26928,#N/A,Internal_Std
Internal_Std,230511_Std_1nM_B12s_1,D-Phenylalanine,1.08,99556,202355,76522,#N/A,Internal_Std
Internal_Std,230511_Std_1nM_B12s_2,D-Phenylalanine,1.14,15336,55905,12066,#N/A,Internal_Std
Internal_Std,230511_Std_20nM_B12s_1,D-Phenylalanine,1.16,2855,95758,4739,#N/A,Internal_Std
Internal_Std,230511_Std_20nM_B12s_2,D-Phenylalanine,1.15,3271,137304,5586,#N/A,Internal_Std
Internal_Std,230511_Std_5nM_B12s_1,D-Phenylalanine,1.1,16953,75953,18781,#N/A,Internal_Std
Internal_Std,230511_Std_5nM_B12s_2,D-Phenylalanine,0.78,19962748,473121,7865753,#N/A,Internal_Std
Internal_Std,230511_Std_OnM_B12s_1,D-Phenylalanine,1.15,9026,44287,5860,#N/A,Internal_Std
Internal_Std,230511_Std_OnM_B12s_2,D-Phenylalanine,1.17,9038,53023,10491,#N/A,Internal_Std
Internal_Std,230511_Blk_DOM_blk_T0,D-Phenylalanine,1.14,48,0,63,#N/A,Internal_Std
Internal_Std,230511_Blk_DOM_blk_T48,D-Phenylalanine,1.14,102,101,70,#N/A,Internal_Std
Internal_Std,230511_Blk_Filter_blk_1,D-Phenylalanine,1.14,25,192,82,#N/A,Internal_Std
Internal_Std,230511_Blk_Filter_blk_2,D-Phenylalanine,1.11,39,137,55,#N/A,Internal_Std
Internal_Std,230511_Blk_Media_blk,D-Phenylalanine,1.13,8,6,22,#N/A,Internal_Std
Internal_Std,230511_Poo_TruePooMortality_Full1,D-Phenylalanine,1.15,60,0,51,#N/A,Internal_Std
Internal_Std,230511_Poo_TruePooMortality_Full2,D-Phenylalanine,1.21,121,13,63,#N/A,Internal_Std
Internal_Std,230511_Poo_TruePooMortality_Full3,D-Phenylalanine,1.15,133,0,50,#N/A,Internal_Std
Internal_Std,230511_Poo_TruePooMortality_Full4,D-Phenylalanine,1.17,15,0,41,#N/A,Internal_Std
Internal_Std,230511_Smp_A_1C_T0,D-Phenylalanine,1.17,17,46,25,#N/A,Internal_Std
Internal_Std,230511_Smp_A_1C_T12,D-Phenylalanine,0.8,84441,1117,30203,#N/A,Internal_Std
Internal_Std,230511_Smp_A_1C_T18,D-Phenylalanine,1.16,117,94,79,#N/A,Internal_Std
Internal_Std,230511_Smp_A_1C_T24,D-Phenylalanine,1.18,50,22,30,#N/A,Internal_Std
Internal_Std,230511_Smp_A_1C_T30,D-Phenylalanine,1.16,248,177,136,#N/A,Internal_Std
Internal_Std,230511_Smp_A_1C_T36,D-Phenylalanine,1.13,182,11,71,#N/A,Internal_Std
Internal_Std,230511_Smp_A_1C_T42,D-Phenylalanine,1.13,16,7,16,#N/A,Internal_Std
Internal_Std,230511_Smp_A_1C_T48,D-Phenylalanine,1.12,103,292,181,#N/A,Internal_Std
Internal_Std,230511_Smp_A_1C_T6,D-Phenylalanine,1.14,32,292,31,#N/A,Internal_Std
Internal_Std,230511_Smp_A_3LV_T0,D-Phenylalanine,1.16,65,31,56,#N/A,Internal_Std
Internal_Std,230511_Smp_A_3LV_T12,D-Phenylalanine,1.17,68,13,49,#N/A,Internal_Std
Internal_Std,230511_Smp_A_3LV_T24,D-Phenylalanine,1.23,104,43,66,#N/A,Internal_Std
Internal_Std,230511_Smp_A_3LV_T36,D-Phenylalanine,1.02,98,267,54,#N/A,Internal_Std
Internal_Std,230511_Smp_A_3LV_T48,D-Phenylalanine,1.18,175,369,147,#N/A,Internal_Std
Internal_Std,230511_Smp_A_4LGV_T0,D-Phenylalanine,1.15,194,7,116,#N/A,Internal_Std
Internal_Std,230511_Smp_A_4LGV_T12,D-Phenylalanine,1.13,45,0,24,#N/A,Internal_Std
Internal_Std,230511_Smp_A_4LGV_T24,D-Phenylalanine,1.15,112,1,74,#N/A,Internal_Std
Internal_Std,230511_Smp_A_4LGV_T36,D-Phenylalanine,1.15,65,0,50,#N/A,Internal_Std
Internal_Std,230511_Smp_A_4LGV_T48,D-Phenylalanine,0.78,37750,148,14252,#N/A,Internal_Std
Internal_Std,230511_Smp_A_6HV_T0,D-Phenylalanine,1.17,30,37,34,#N/A,Internal_Std
Internal_Std,230511_Smp_A_6HV_T12,D-Phenylalanine,1.17,171,121,149,#N/A,Internal_Std
Internal_Std,230511_Smp_A_6HV_T24,D-Phenylalanine,1.13,28,23,35,#N/A,Internal_Std
Internal_Std,230511_Smp_A_6HV_T36,D-Phenylalanine,1.13,158,62,78,#N/A,Internal_Std
Internal_Std,230511_Smp_A_6HV_T48,D-Phenylalanine,1.16,20,45,23,#N/A,Internal_Std
Internal_Std,230511_Smp_A_8G_T0,D-Phenylalanine,1.15,78,55,98,#N/A,Internal_Std
Internal_Std,230511_Smp_A_8G_T48,D-Phenylalanine,1.16,72,0,65,#N/A,Internal_Std
Internal_Std,230511_Smp_A_9V_T0,D-Phenylalanine,1.17,92,0,28,#N/A,Internal_Std
Internal_Std,230511_Smp_B_1C_T0,D-Phenylalanine,1.16,6,180,14,#N/A,Internal_Std
Internal_Std,230511_Smp_B_1C_T12,D-Phenylalanine,1.17,47,66,42,#N/A,Internal_Std
Internal_Std,230511_Smp_B_1C_T18,D-Phenylalanine,1.12,189,62,138,#N/A,Internal_Std
Internal_Std,230511_Smp_B_1C_T24,D-Phenylalanine,1.17,56,0,42,#N/A,Internal_Std
Internal_Std,230511_Smp_B_1C_T30,D-Phenylalanine,1.16,179,0,75,#N/A,Internal_Std
Internal_Std,230511_Smp_B_1C_T36,D-Phenylalanine,1.14,92,160,107,#N/A,Internal_Std
Internal_Std,230511_Smp_B_1C_T42,D-Phenylalanine,1.08,538,491,185,#N/A,Internal_Std
Internal_Std,230511_Smp_B_1C_T48,D-Phenylalanine,1.18,8,34,20,#N/A,Internal_Std
Internal_Std,230511_Smp_B_1C_T6,D-Phenylalanine,1.21,458,218,230,#N/A,Internal_Std
Internal_Std,230511_Smp_B_3LV_T0,D-Phenylalanine,1.17,147,65,124,#N/A,Internal_Std
Internal_Std,230511_Smp_B_3LV_T12,D-Phenylalanine,1.08,17,61,33,#N/A,Internal_Std
Internal_Std,230511_Smp_B_3LV_T24,D-Phenylalanine,1.1,0,76,0,#N/A,Internal_Std
Internal_Std,230511_Smp_B_3LV_T36,D-Phenylalanine,1.21,547,0,171,#N/A,Internal_Std
Internal_Std,230511_Smp_B_3LV_T48,D-Phenylalanine,1.13,101,6,48,#N/A,Internal_Std
Internal_Std,230511_Smp_B_4LGV_T0,D-Phenylalanine,1.16,106,168,69,#N/A,Internal_Std
Internal_Std,230511_Smp_B_4LGV_T12,D-Phenylalanine,1.19,209,0,66,#N/A,Internal_Std
Internal_Std,230511_Smp_B_4LGV_T24,D-Phenylalanine,1.13,33,0,27,#N/A,Internal_Std
Internal_Std,230511_Smp_B_4LGV_T36,D-Phenylalanine,0.79,76020,5660,31688,#N/A,Internal_Std
Internal_Std,230511_Smp_B_4LGV_T48,D-Phenylalanine,1.14,207,0,90,#N/A,Internal_Std
Internal_Std,230511_Smp_B_6HV_T0,D-Phenylalanine,1.16,100,72,101,#N/A,Internal_Std
Internal_Std,230511_Smp_B_6HV_T12,D-Phenylalanine,1.13,1,64,0,#N/A,Internal_Std
Internal_Std,230511_Smp_B_6HV_T24,D-Phenylalanine,1.09,170,208,102,#N/A,Internal_Std
Internal_Std,230511_Smp_B_6HV_T36,D-Phenylalanine,1.09,361,564,232,#N/A,Internal_Std
Internal_Std,230511_Smp_B_6HV_T48,D-Phenylalanine,1.15,133,9,47,#N/A,Internal_Std
Internal_Std,230511_Smp_C_1C_T0,D-Phenylalanine,1.13,136,74,117,#N/A,Internal_Std
Internal_Std,230511_Smp_C_1C_T12,D-Phenylalanine,1.13,92,0,38,#N/A,Internal_Std
Internal_Std,230511_Smp_C_1C_T18,D-Phenylalanine,1.09,170,38,112,#N/A,Internal_Std
Internal_Std,230511_Smp_C_1C_T24,D-Phenylalanine,1.16,57,34,38,#N/A,Internal_Std
Internal_Std,230511_Smp_C_1C_T30,D-Phenylalanine,1.15,7,67,5,#N/A,Internal_Std
Internal_Std,230511_Smp_C_1C_T36,D-Phenylalanine,1.13,75,53,55,#N/A,Internal_Std
Internal_Std,230511_Smp_C_1C_T42,D-Phenylalanine,1.18,155,623,68,#N/A,Internal_Std
Internal_Std,230511_Smp_C_1C_T48,D-Phenylalanine,1.09,119,154,58,#N/A,Internal_Std
Internal_Std,230511_Smp_C_1C_T6,D-Phenylalanine,1.19,174,95,81,#N/A,Internal_Std
Internal_Std,230511_Smp_C_3LV_T0,D-Phenylalanine,1.14,29,128,31,#N/A,Internal_Std
Internal_Std,230511_Smp_C_3LV_T12,D-Phenylalanine,1.15,46,0,76,#N/A,Internal_Std
Internal_Std,230511_Smp_C_3LV_T24,D-Phenylalanine,1.16,91,0,78,#N/A,Internal_Std
Internal_Std,230511_Smp_C_3LV_T36,D-Phenylalanine,1.15,99,0,51,#N/A,Internal_Std
Internal_Std,230511_Smp_C_3LV_T48,D-Phenylalanine,1.16,24,0,26,#N/A,Internal_Std
Internal_Std,230511_Smp_C_4LGV_T0,D-Phenylalanine,1.15,104,41,167,#N/A,Internal_Std
Internal_Std,230511_Smp_C_4LGV_T12,D-Phenylalanine,1.17,180,10,61,#N/A,Internal_Std
Internal_Std,230511_Smp_C_4LGV_T24,D-Phenylalanine,1.17,212,1,100,#N/A,Internal_Std
Internal_Std,230511_Smp_C_4LGV_T36,D-Phenylalanine,1.17,88,0,64,#N/A,Internal_Std
Internal_Std,230511_Smp_C_4LGV_T48,D-Phenylalanine,1.12,84,3,68,#N/A,Internal_Std
Internal_Std,230511_Smp_C_6HV_T0,D-Phenylalanine,1.16,18,158,37,#N/A,Internal_Std
Internal_Std,230511_Smp_C_6HV_T12,D-Phenylalanine,1.14,110,0,51,#N/A,Internal_Std
Internal_Std,230511_Smp_C_6HV_T24,D-Phenylalanine,1.01,228,105,93,#N/A,Internal_Std
Internal_Std,230511_Smp_C_6HV_T36,D-Phenylalanine,1.18,48,70,51,#N/A,Internal_Std
Internal_Std,230511_Smp_C_6HV_T48,D-Phenylalanine,1.1,76,80,53,#N/A,Internal_Std
Internal_Std,230511_Smp_E_2LG_T0,D-Phenylalanine,1.16,96,77,69,#N/A,Internal_Std
Internal_Std,230511_Smp_E_2LG_T24,D-Phenylalanine,1.13,312,114,127,#N/A,Internal_Std
Internal_Std,230511_Smp_E_2LG_T36,D-Phenylalanine,1.16,229,14,75,#N/A,Internal_Std
Internal_Std,230511_Smp_E_2LG_T48,D-Phenylalanine,0.78,74170,1342,32116,#N/A,Internal_Std
Internal_Std,230511_Smp_E_3LG_T0,D-Phenylalanine,1.12,41,0,79,#N/A,Internal_Std
Internal_Std,230511_Smp_E_3LG_T24,D-Phenylalanine,1.16,131,16,67,#N/A,Internal_Std
Internal_Std,230511_Smp_E_3LG_T36,D-Phenylalanine,1.15,202,114,82,#N/A,Internal_Std
Internal_Std,230511_Smp_E_3LG_T48,D-Phenylalanine,1.16,111,0,72,#N/A,Internal_Std
Internal_Std,230511_Smp_E_4LG_T0,D-Phenylalanine,1.14,16,35,24,#N/A,Internal_Std
Internal_Std,230511_Smp_E_4LG_T24,D-Phenylalanine,1.15,244,105,122,#N/A,Internal_Std
Internal_Std,230511_Smp_E_4LG_T36,D-Phenylalanine,1.15,96,5,70,#N/A,Internal_Std
Internal_Std,230511_Smp_E_4LG_T48,D-Phenylalanine,1.15,278,5,143,#N/A,Internal_Std
Internal_Std,230511_Smp_E_8G_T48,D-Phenylalanine,1.14,94,0,66,#N/A,Internal_Std
Internal_Std,230511_Std_10nM_B12s_1,D-Phenylalanine,1.13,103,0,130,#N/A,Internal_Std
Internal_Std,230511_Std_10nM_B12s_2,D-Phenylalanine,1.19,80,0,41,#N/A,Internal_Std
Internal_Std,230511_Std_1nM_B12s_1,D-Phenylalanine,1.1,214,120,83,#N/A,Internal_Std
Internal_Std,230511_Std_1nM_B12s_2,D-Phenylalanine,1.15,169,9,118,#N/A,Internal_Std
Internal_Std,230511_Std_20nM_B12s_1,D-Phenylalanine,1.15,189,0,99,#N/A,Internal_Std
Internal_Std,230511_Std_20nM_B12s_2,D-Phenylalanine,1.12,161,14,62,#N/A,Internal_Std
Internal_Std,230511_Std_5nM_B12s_1,D-Phenylalanine,1.14,115,27,61,#N/A,Internal_Std
Internal_Std,230511_Std_5nM_B12s_2,D-Phenylalanine,0.78,101236,5429,44502,#N/A,Internal_Std
Internal_Std,230511_Std_OnM_B12s_1,D-Phenylalanine,1.15,118,4,74,#N/A,Internal_Std
Internal_Std,230511_Std_OnM_B12s_2,D-Phenylalanine,1.16,82,8,62,#N/A,Internal_Std
Internal_Std,230511_Blk_DOM_blk_T0,D-Tryptophan,2.29,14437,2673,4682,#N/A,Internal_Std
Internal_Std,230511_Blk_DOM_blk_T48,D-Tryptophan,2.21,9032,3551,3896,#N/A,Internal_Std
Internal_Std,230511_Blk_Filter_blk_1,D-Tryptophan,2.21,22678,12138,8163,#N/A,Internal_Std
Internal_Std,230511_Blk_Filter_blk_2,D-Tryptophan,2.25,3732,5267,3885,#N/A,Internal_Std
Internal_Std,230511_Blk_Media_blk,D-Tryptophan,2.24,20837,8647,9111,#N/A,Internal_Std
Internal_Std,230511_Poo_TruePooMortality_Full1,D-Tryptophan,2.23,27640,1030,7238,#N/A,Internal_Std
Internal_Std,230511_Poo_TruePooMortality_Full2,D-Tryptophan,2.22,2060,7768,2204,#N/A,Internal_Std
Internal_Std,230511_Poo_TruePooMortality_Full3,D-Tryptophan,2.23,8355,3132,5043,#N/A,Internal_Std
Internal_Std,230511_Poo_TruePooMortality_Full4,D-Tryptophan,2.27,7498,221,5087,#N/A,Internal_Std
Internal_Std,230511_Smp_A_1C_T0,D-Tryptophan,2.22,8832,2585,3226,#N/A,Internal_Std
Internal_Std,230511_Smp_A_1C_T12,D-Tryptophan,2.28,12216,147,4847,#N/A,Internal_Std
Internal_Std,230511_Smp_A_1C_T18,D-Tryptophan,2.21,12683,2256,5308,#N/A,Internal_Std
Internal_Std,230511_Smp_A_1C_T24,D-Tryptophan,2.27,21629,2118,6820,#N/A,Internal_Std
Internal_Std,230511_Smp_A_1C_T30,D-Tryptophan,2.26,24796,161,5756,#N/A,Internal_Std
Internal_Std,230511_Smp_A_1C_T36,D-Tryptophan,2.26,2085,8289,2079,#N/A,Internal_Std
Internal_Std,230511_Smp_A_1C_T42,D-Tryptophan,2.21,12817,6022,6146,#N/A,Internal_Std
Internal_Std,230511_Smp_A_1C_T48,D-Tryptophan,2.21,9150,125,5717,#N/A,Internal_Std
Internal_Std,230511_Smp_A_1C_T6,D-Tryptophan,2.3,11591,9024,4476,#N/A,Internal_Std
Internal_Std,230511_Smp_A_3LV_T0,D-Tryptophan,2.24,7259,450,4326,#N/A,Internal_Std
Internal_Std,230511_Smp_A_3LV_T12,D-Tryptophan,2.2,8494,50,5119,#N/A,Internal_Std
Internal_Std,230511_Smp_A_3LV_T24,D-Tryptophan,2.18,14960,7113,3505,#N/A,Internal_Std
Internal_Std,230511_Smp_A_3LV_T36,D-Tryptophan,2.22,7992,4492,4304,#N/A,Internal_Std
Internal_Std,230511_Smp_A_3LV_T48,D-Tryptophan,2.25,4823,3603,4171,#N/A,Internal_Std
Internal_Std,230511_Smp_A_4LGV_T0,D-Tryptophan,2.18,3247,4459,3280,#N/A,Internal_Std
Internal_Std,230511_Smp_A_4LGV_T12,D-Tryptophan,2.19,12093,9089,6286,#N/A,Internal_Std
Internal_Std,230511_Smp_A_4LGV_T24,D-Tryptophan,2.21,13202,6324,5308,#N/A,Internal_Std
Internal_Std,230511_Smp_A_4LGV_T36,D-Tryptophan,2.23,3225,1217,2678,#N/A,Internal_Std
Internal_Std,230511_Smp_A_4LGV_T48,D-Tryptophan,2.23,15956,3675,6462,#N/A,Internal_Std
Internal_Std,230511_Smp_A_6HV_T0,D-Tryptophan,2.25,10753,899,4958,#N/A,Internal_Std
Internal_Std,230511_Smp_A_6HV_T12,D-Tryptophan,2.27,7790,9492,3161,#N/A,Internal_Std
Internal_Std,230511_Smp_A_6HV_T24,D-Tryptophan,2.16,15330,15026,5309,#N/A,Internal_Std
Internal_Std,230511_Smp_A_6HV_T36,D-Tryptophan,2.18,13456,5067,6489,#N/A,Internal_Std
Internal_Std,230511_Smp_A_6HV_T48,D-Tryptophan,2.2,14367,12050,4310,#N/A,Internal_Std
Internal_Std,230511_Smp_A_8G_T0,D-Tryptophan,2.25,24568,840,6458,#N/A,Internal_Std
Internal_Std,230511_Smp_A_8G_T48,D-Tryptophan,2.2,17210,17981,6314,#N/A,Internal_Std
Internal_Std,230511_Smp_A_9V_T0,D-Tryptophan,2.23,14177,45,6062,#N/A,Internal_Std
Internal_Std,230511_Smp_B_1C_T0,D-Tryptophan,2.28,5943,3281,2762,#N/A,Internal_Std
Internal_Std,230511_Smp_B_1C_T12,D-Tryptophan,2.21,7678,4188,4611,#N/A,Internal_Std
Internal_Std,230511_Smp_B_1C_T18,D-Tryptophan,2.25,9718,9152,5206,#N/A,Internal_Std
Internal_Std,230511_Smp_B_1C_T24,D-Tryptophan,2.25,5173,843,4632,#N/A,Internal_Std
Internal_Std,230511_Smp_B_1C_T30,D-Tryptophan,2.27,7529,9339,4656,#N/A,Internal_Std
Internal_Std,230511_Smp_B_1C_T36,D-Tryptophan,2.25,16211,7198,3800,#N/A,Internal_Std
Internal_Std,230511_Smp_B_1C_T42,D-Tryptophan,2.25,13590,4102,4022,#N/A,Internal_Std
Internal_Std,230511_Smp_B_1C_T48,D-Tryptophan,2.33,32032,1507,7656,#N/A,Internal_Std
Internal_Std,230511_Smp_B_1C_T6,D-Tryptophan,2.23,3665,2596,2642,#N/A,Internal_Std
Internal_Std,230511_Smp_B_3LV_T0,D-Tryptophan,2.24,9711,2514,4280,#N/A,Internal_Std
Internal_Std,230511_Smp_B_3LV_T12,D-Tryptophan,2.2,5806,7618,3268,#N/A,Internal_Std
Internal_Std,230511_Smp_B_3LV_T24,D-Tryptophan,2.19,7655,9458,4633,#N/A,Internal_Std
Internal_Std,230511_Smp_B_3LV_T36,D-Tryptophan,2.23,2211,6961,3355,#N/A,Internal_Std
Internal_Std,230511_Smp_B_3LV_T48,D-Tryptophan,2.23,7970,3549,4420,#N/A,Internal_Std
Internal_Std,230511_Smp_B_4LGV_T0,D-Tryptophan,2.21,15045,4423,6800,#N/A,Internal_Std
Internal_Std,230511_Smp_B_4LGV_T12,D-Tryptophan,2.23,5315,482,4354,#N/A,Internal_Std
Internal_Std,230511_Smp_B_4LGV_T24,D-Tryptophan,2.23,15,0,23,#N/A,Internal_Std
Internal_Std,230511_Smp_B_4LGV_T36,D-Tryptophan,2.3,20750,5596,6511,#N/A,Internal_Std
Internal_Std,230511_Smp_B_4LGV_T48,D-Tryptophan,2.28,13198,2742,4035,#N/A,Internal_Std
Internal_Std,230511_Smp_B_6HV_T0,D-Tryptophan,2.23,8981,6300,2829,#N/A,Internal_Std
Internal_Std,230511_Smp_B_6HV_T12,D-Tryptophan,2.24,6676,1129,6002,#N/A,Internal_Std
Internal_Std,230511_Smp_B_6HV_T24,D-Tryptophan,2.23,6637,84,3284,#N/A,Internal_Std
Internal_Std,230511_Smp_B_6HV_T36,D-Tryptophan,2.24,11892,7361,7204,#N/A,Internal_Std
Internal_Std,230511_Smp_B_6HV_T48,D-Tryptophan,2.27,11473,311,4625,#N/A,Internal_Std
Internal_Std,230511_Smp_C_1C_T0,D-Tryptophan,2.24,16994,3362,7903,#N/A,Internal_Std
Internal_Std,230511_Smp_C_1C_T12,D-Tryptophan,2.29,18110,5538,5581,#N/A,Internal_Std
Internal_Std,230511_Smp_C_1C_T18,D-Tryptophan,2.25,13019,2876,6817,#N/A,Internal_Std
Internal_Std,230511_Smp_C_1C_T24,D-Tryptophan,2.19,3085,6629,2911,#N/A,Internal_Std
Internal_Std,230511_Smp_C_1C_T30,D-Tryptophan,2.23,19308,4950,6188,#N/A,Internal_Std
Internal_Std,230511_Smp_C_1C_T36,D-Tryptophan,2.24,3739,721,3206,#N/A,Internal_Std
Internal_Std,230511_Smp_C_1C_T42,D-Tryptophan,2.25,10864,7748,5090,#N/A,Internal_Std
Internal_Std,230511_Smp_C_1C_T48,D-Tryptophan,2.23,4121,4593,2450,#N/A,Internal_Std
Internal_Std,230511_Smp_C_1C_T6,D-Tryptophan,2.22,8421,6669,3821,#N/A,Internal_Std
Internal_Std,230511_Smp_C_3LV_T0,D-Tryptophan,1.35,6997204,86344,2232151,#N/A,Internal_Std
Internal_Std,230511_Smp_C_3LV_T12,D-Tryptophan,2.33,5401,25810,4324,#N/A,Internal_Std
Internal_Std,230511_Smp_C_3LV_T24,D-Tryptophan,2.21,7369,4002,5447,#N/A,Internal_Std
Internal_Std,230511_Smp_C_3LV_T36,D-Tryptophan,2.23,12385,858,4639,#N/A,Internal_Std
Internal_Std,230511_Smp_C_3LV_T48,D-Tryptophan,2.22,14051,12662,3974,#N/A,Internal_Std
Internal_Std,230511_Smp_C_4LGV_T0,D-Tryptophan,2.25,1558,6377,1424,#N/A,Internal_Std
Internal_Std,230511_Smp_C_4LGV_T12,D-Tryptophan,2.25,13644,467,4985,#N/A,Internal_Std
Internal_Std,230511_Smp_C_4LGV_T24,D-Tryptophan,2.17,15446,3694,8058,#N/A,Internal_Std
Internal_Std,230511_Smp_C_4LGV_T36,D-Tryptophan,2.23,33826,309,6631,#N/A,Internal_Std
Internal_Std,230511_Smp_C_4LGV_T48,D-Tryptophan,2.22,10672,4667,5082,#N/A,Internal_Std
Internal_Std,230511_Smp_C_6HV_T0,D-Tryptophan,2.22,1471,3274,3189,#N/A,Internal_Std
Internal_Std,230511_Smp_C_6HV_T12,D-Tryptophan,2.25,11159,3556,4204,#N/A,Internal_Std
Internal_Std,230511_Smp_C_6HV_T24,D-Tryptophan,2.3,2849,16377,2141,#N/A,Internal_Std
Internal_Std,230511_Smp_C_6HV_T36,D-Tryptophan,2.34,9010,12924,5451,#N/A,Internal_Std
Internal_Std,230511_Smp_C_6HV_T48,D-Tryptophan,2.26,10796,5259,5193,#N/A,Internal_Std
Internal_Std,230511_Smp_E_2LG_T0,D-Tryptophan,2.21,4849,5167,3568,#N/A,Internal_Std
Internal_Std,230511_Smp_E_2LG_T24,D-Tryptophan,2.27,9187,19522,4843,#N/A,Internal_Std
Internal_Std,230511_Smp_E_2LG_T36,D-Tryptophan,2.27,14257,5821,5869,#N/A,Internal_Std
Internal_Std,230511_Smp_E_2LG_T48,D-Tryptophan,2.22,6240,1055,3721,#N/A,Internal_Std
Internal_Std,230511_Smp_E_3LG_T0,D-Tryptophan,2.24,16681,5598,7182,#N/A,Internal_Std
Internal_Std,230511_Smp_E_3LG_T24,D-Tryptophan,2.26,10992,9851,4708,#N/A,Internal_Std
Internal_Std,230511_Smp_E_3LG_T36,D-Tryptophan,2.25,17002,1139,4635,#N/A,Internal_Std
Internal_Std,230511_Smp_E_3LG_T48,D-Tryptophan,2.26,16078,2642,8582,#N/A,Internal_Std
Internal_Std,230511_Smp_E_4LG_T0,D-Tryptophan,1.35,6367853,45249,2065858,#N/A,Internal_Std
Internal_Std,230511_Smp_E_4LG_T24,D-Tryptophan,2.27,18799,1424,8664,#N/A,Internal_Std
Internal_Std,230511_Smp_E_4LG_T36,D-Tryptophan,2.23,3333,4539,4176,#N/A,Internal_Std
Internal_Std,230511_Smp_E_4LG_T48,D-Tryptophan,2.24,4205,3747,2476,#N/A,Internal_Std
Internal_Std,230511_Smp_E_8G_T48,D-Tryptophan,2.27,13081,4566,4382,#N/A,Internal_Std
Internal_Std,230511_Std_10nM_B12s_1,D-Tryptophan,2.13,38601,7029,7339,#N/A,Internal_Std
Internal_Std,230511_Std_10nM_B12s_2,D-Tryptophan,2.25,7824,2224,4914,#N/A,Internal_Std
Internal_Std,230511_Std_1nM_B12s_1,D-Tryptophan,2.23,10032,10256,10202,#N/A,Internal_Std
Internal_Std,230511_Std_1nM_B12s_2,D-Tryptophan,2.24,9604,3134,4631,#N/A,Internal_Std
Internal_Std,230511_Std_20nM_B12s_1,D-Tryptophan,2.23,3871,5880,4788,#N/A,Internal_Std
Internal_Std,230511_Std_20nM_B12s_2,D-Tryptophan,2.21,15795,1317,6105,#N/A,Internal_Std
Internal_Std,230511_Std_5nM_B12s_1,D-Tryptophan,2.23,9999,11309,7072,#N/A,Internal_Std
Internal_Std,230511_Std_5nM_B12s_2,D-Tryptophan,2.23,8278,3166,3700,#N/A,Internal_Std
Internal_Std,230511_Std_OnM_B12s_1,D-Tryptophan,2.23,7787,9603,5995,#N/A,Internal_Std
Internal_Std,230511_Std_OnM_B12s_2,D-Tryptophan,2.25,8962,2481,2947,#N/A,Internal_Std
Internal_Std,230511_Blk_DOM_blk_T0,D-Tryptophan,2.23,4964,0,2327,#N/A,Internal_Std
Internal_Std,230511_Blk_DOM_blk_T48,D-Tryptophan,2.23,299,3121,587,#N/A,Internal_Std
Internal_Std,230511_Blk_Filter_blk_1,D-Tryptophan,2.32,3661,1293,2442,#N/A,Internal_Std
Internal_Std,230511_Blk_Filter_blk_2,D-Tryptophan,2.24,2423,9,1860,#N/A,Internal_Std
Internal_Std,230511_Blk_Media_blk,D-Tryptophan,2.2,4664,807,2709,#N/A,Internal_Std
Internal_Std,230511_Poo_TruePooMortality_Full1,D-Tryptophan,2.3,6635,588,2512,#N/A,Internal_Std
Internal_Std,230511_Poo_TruePooMortality_Full2,D-Tryptophan,2.23,3192,0,3437,#N/A,Internal_Std
Internal_Std,230511_Poo_TruePooMortality_Full3,D-Tryptophan,2.24,1120,725,2017,#N/A,Internal_Std
Internal_Std,230511_Poo_TruePooMortality_Full4,D-Tryptophan,2.26,2970,0,1570,#N/A,Internal_Std
Internal_Std,230511_Smp_A_1C_T0,D-Tryptophan,2.19,2405,1094,3271,#N/A,Internal_Std
Internal_Std,230511_Smp_A_1C_T12,D-Tryptophan,2.26,5064,197,1999,#N/A,Internal_Std
Internal_Std,230511_Smp_A_1C_T18,D-Tryptophan,2.16,4802,245,1967,#N/A,Internal_Std
Internal_Std,230511_Smp_A_1C_T24,D-Tryptophan,2.25,6875,18,2947,#N/A,Internal_Std
Internal_Std,230511_Smp_A_1C_T30,D-Tryptophan,2.25,4311,860,1661,#N/A,Internal_Std
Internal_Std,230511_Smp_A_1C_T36,D-Tryptophan,2.24,3054,0,3101,#N/A,Internal_Std
Internal_Std,230511_Smp_A_1C_T42,D-Tryptophan,2.2,2295,2803,1472,#N/A,Internal_Std
Internal_Std,230511_Smp_A_1C_T48,D-Tryptophan,2.22,2841,3,2775,#N/A,Internal_Std
Internal_Std,230511_Smp_A_1C_T6,D-Tryptophan,2.26,3956,103,1977,#N/A,Internal_Std
Internal_Std,230511_Smp_A_3LV_T0,D-Tryptophan,2.27,592,26,899,#N/A,Internal_Std
Internal_Std,230511_Smp_A_3LV_T12,D-Tryptophan,2.21,2362,97,2187,#N/A,Internal_Std
Internal_Std,230511_Smp_A_3LV_T24,D-Tryptophan,2.16,5991,1142,2324,#N/A,Internal_Std
Internal_Std,230511_Smp_A_3LV_T36,D-Tryptophan,2.18,169,2033,493,#N/A,Internal_Std
Internal_Std,230511_Smp_A_3LV_T48,D-Tryptophan,2.23,693,7,852,#N/A,Internal_Std
Internal_Std,230511_Smp_A_4LGV_T0,D-Tryptophan,2.2,642,10,827,#N/A,Internal_Std
Internal_Std,230511_Smp_A_4LGV_T12,D-Tryptophan,2.21,5705,177,3462,#N/A,Internal_Std
Internal_Std,230511_Smp_A_4LGV_T24,D-Tryptophan,2.22,2178,133,1259,#N/A,Internal_Std
Internal_Std,230511_Smp_A_4LGV_T36,D-Tryptophan,2.23,1512,65,2313,#N/A,Internal_Std
Internal_Std,230511_Smp_A_4LGV_T48,D-Tryptophan,2.23,4460,2,2287,#N/A,Internal_Std
Internal_Std,230511_Smp_A_6HV_T0,D-Tryptophan,2.25,1627,864,2233,#N/A,Internal_Std
Internal_Std,230511_Smp_A_6HV_T12,D-Tryptophan,2.25,3069,0,1895,#N/A,Internal_Std
Internal_Std,230511_Smp_A_6HV_T24,D-Tryptophan,2.14,13791,16005,9982,#N/A,Internal_Std
Internal_Std,230511_Smp_A_6HV_T36,D-Tryptophan,2.22,4005,1079,2389,#N/A,Internal_Std
Internal_Std,230511_Smp_A_6HV_T48,D-Tryptophan,2.29,5290,0,2616,#N/A,Internal_Std
Internal_Std,230511_Smp_A_8G_T0,D-Tryptophan,2.25,5910,189,2941,#N/A,Internal_Std
Internal_Std,230511_Smp_A_8G_T48,D-Tryptophan,2.21,6145,2891,3014,#N/A,Internal_Std
Internal_Std,230511_Smp_A_9V_T0,D-Tryptophan,2.23,665,41,1464,#N/A,Internal_Std
Internal_Std,230511_Smp_B_1C_T0,D-Tryptophan,2.29,1344,1119,1968,#N/A,Internal_Std
Internal_Std,230511_Smp_B_1C_T12,D-Tryptophan,2.19,4019,25,5180,#N/A,Internal_Std
Internal_Std,230511_Smp_B_1C_T18,D-Tryptophan,2.29,5235,128,2419,#N/A,Internal_Std
Internal_Std,230511_Smp_B_1C_T24,D-Tryptophan,2.25,727,22,887,#N/A,Internal_Std
Internal_Std,230511_Smp_B_1C_T30,D-Tryptophan,2.2,5408,169,2406,#N/A,Internal_Std
Internal_Std,230511_Smp_B_1C_T36,D-Tryptophan,2.24,4587,0,1662,#N/A,Internal_Std
Internal_Std,230511_Smp_B_1C_T42,D-Tryptophan,2.24,2330,952,1013,#N/A,Internal_Std
Internal_Std,230511_Smp_B_1C_T48,D-Tryptophan,2.4,21203,639,10463,#N/A,Internal_Std
Internal_Std,230511_Smp_B_1C_T6,D-Tryptophan,2.21,3210,0,1908,#N/A,Internal_Std
Internal_Std,230511_Smp_B_3LV_T0,D-Tryptophan,2.22,1354,1033,2086,#N/A,Internal_Std
Internal_Std,230511_Smp_B_3LV_T12,D-Tryptophan,2.19,963,1349,1234,#N/A,Internal_Std
Internal_Std,230511_Smp_B_3LV_T24,D-Tryptophan,2.25,1741,2805,1181,#N/A,Internal_Std
Internal_Std,230511_Smp_B_3LV_T36,D-Tryptophan,2.2,3258,56,2405,#N/A,Internal_Std
Internal_Std,230511_Smp_B_3LV_T48,D-Tryptophan,2.24,659,854,989,#N/A,Internal_Std
Internal_Std,230511_Smp_B_4LGV_T0,D-Tryptophan,2.27,1057,183,1444,#N/A,Internal_Std
Internal_Std,230511_Smp_B_4LGV_T12,D-Tryptophan,2.24,1214,85,1558,#N/A,Internal_Std
Internal_Std,230511_Smp_B_4LGV_T24,D-Tryptophan,2.21,0,0,0,#N/A,Internal_Std
Internal_Std,230511_Smp_B_4LGV_T36,D-Tryptophan,2.26,6386,1200,3741,#N/A,Internal_Std
Internal_Std,230511_Smp_B_4LGV_T48,D-Tryptophan,2.23,6040,0,2572,#N/A,Internal_Std
Internal_Std,230511_Smp_B_6HV_T0,D-Tryptophan,2.25,5107,239,2715,#N/A,Internal_Std
Internal_Std,230511_Smp_B_6HV_T12,D-Tryptophan,2.25,737,29,1299,#N/A,Internal_Std
Internal_Std,230511_Smp_B_6HV_T24,D-Tryptophan,2.23,1837,0,1276,#N/A,Internal_Std
Internal_Std,230511_Smp_B_6HV_T36,D-Tryptophan,2.24,10177,218,4947,#N/A,Internal_Std
Internal_Std,230511_Smp_B_6HV_T48,D-Tryptophan,2.25,3776,158,2682,#N/A,Internal_Std
Internal_Std,230511_Smp_C_1C_T0,D-Tryptophan,2.22,7014,0,4071,#N/A,Internal_Std
Internal_Std,230511_Smp_C_1C_T12,D-Tryptophan,2.29,1381,2079,2088,#N/A,Internal_Std
Internal_Std,230511_Smp_C_1C_T18,D-Tryptophan,2.26,2251,35,1456,#N/A,Internal_Std
Internal_Std,230511_Smp_C_1C_T24,D-Tryptophan,2.22,2984,31,2405,#N/A,Internal_Std
Internal_Std,230511_Smp_C_1C_T30,D-Tryptophan,2.17,8435,52,3973,#N/A,Internal_Std
Internal_Std,230511_Smp_C_1C_T36,D-Tryptophan,2.22,1207,30,1631,#N/A,Internal_Std
Internal_Std,230511_Smp_C_1C_T42,D-Tryptophan,2.23,5669,80,2261,#N/A,Internal_Std
Internal_Std,230511_Smp_C_1C_T48,D-Tryptophan,2.24,1496,2521,1751,#N/A,Internal_Std
Internal_Std,230511_Smp_C_1C_T6,D-Tryptophan,2.23,5532,698,2117,#N/A,Internal_Std
Internal_Std,230511_Smp_C_3LV_T0,D-Tryptophan,1.35,1311059,23530,437033,#N/A,Internal_Std
Internal_Std,230511_Smp_C_3LV_T12,D-Tryptophan,2.33,16766,3672,5842,#N/A,Internal_Std
Internal_Std,230511_Smp_C_3LV_T24,D-Tryptophan,2.24,1985,324,1348,#N/A,Internal_Std
Internal_Std,230511_Smp_C_3LV_T36,D-Tryptophan,2.27,1622,0,1338,#N/A,Internal_Std
Internal_Std,230511_Smp_C_3LV_T48,D-Tryptophan,2.16,3424,3282,1618,#N/A,Internal_Std
Internal_Std,230511_Smp_C_4LGV_T0,D-Tryptophan,2.21,1392,19,759,#N/A,Internal_Std
Internal_Std,230511_Smp_C_4LGV_T12,D-Tryptophan,2.25,1422,122,975,#N/A,Internal_Std
Internal_Std,230511_Smp_C_4LGV_T24,D-Tryptophan,2.17,1252,4002,1038,#N/A,Internal_Std
Internal_Std,230511_Smp_C_4LGV_T36,D-Tryptophan,2.26,1416,3251,1396,#N/A,Internal_Std
Internal_Std,230511_Smp_C_4LGV_T48,D-Tryptophan,2.27,1365,4987,1484,#N/A,Internal_Std
Internal_Std,230511_Smp_C_6HV_T0,D-Tryptophan,2.23,1081,14,1259,#N/A,Internal_Std
Internal_Std,230511_Smp_C_6HV_T12,D-Tryptophan,2.26,4996,0,2846,#N/A,Internal_Std
Internal_Std,230511_Smp_C_6HV_T24,D-Tryptophan,2.28,5297,191,2607,#N/A,Internal_Std
Internal_Std,230511_Smp_C_6HV_T36,D-Tryptophan,2.34,6770,95,2849,#N/A,Internal_Std
Internal_Std,230511_Smp_C_6HV_T48,D-Tryptophan,2.21,5195,93,2972,#N/A,Internal_Std
Internal_Std,230511_Smp_E_2LG_T0,D-Tryptophan,2.22,2521,292,1677,#N/A,Internal_Std
Internal_Std,230511_Smp_E_2LG_T24,D-Tryptophan,2.34,5043,0,2043,#N/A,Internal_Std
Internal_Std,230511_Smp_E_2LG_T36,D-Tryptophan,2.25,4970,0,2757,#N/A,Internal_Std
Internal_Std,230511_Smp_E_2LG_T48,D-Tryptophan,2.21,3074,0,2303,#N/A,Internal_Std
Internal_Std,230511_Smp_E_3LG_T0,D-Tryptophan,2.19,4940,102,2784,#N/A,Internal_Std
Internal_Std,230511_Smp_E_3LG_T24,D-Tryptophan,2.23,5326,84,2833,#N/A,Internal_Std
Internal_Std,230511_Smp_E_3LG_T36,D-Tryptophan,2.2,3334,4564,3299,#N/A,Internal_Std
Internal_Std,230511_Smp_E_3LG_T48,D-Tryptophan,2.21,1154,998,1391,#N/A,Internal_Std
Internal_Std,230511_Smp_E_4LG_T0,D-Tryptophan,1.36,1270836,5618,413049,#N/A,Internal_Std
Internal_Std,230511_Smp_E_4LG_T24,D-Tryptophan,2.26,2388,20,2170,#N/A,Internal_Std
Internal_Std,230511_Smp_E_4LG_T36,D-Tryptophan,2.2,1394,300,1112,#N/A,Internal_Std
Internal_Std,230511_Smp_E_4LG_T48,D-Tryptophan,2.26,216,88,421,#N/A,Internal_Std
Internal_Std,230511_Smp_E_8G_T48,D-Tryptophan,2.23,3886,3562,2501,#N/A,Internal_Std
Internal_Std,230511_Std_10nM_B12s_1,D-Tryptophan,2.17,11746,6268,4148,#N/A,Internal_Std
Internal_Std,230511_Std_10nM_B12s_2,D-Tryptophan,2.24,1541,74,986,#N/A,Internal_Std
Internal_Std,230511_Std_1nM_B12s_1,D-Tryptophan,2.21,2365,3135,3961,#N/A,Internal_Std
Internal_Std,230511_Std_1nM_B12s_2,D-Tryptophan,2.27,2020,4391,2610,#N/A,Internal_Std
Internal_Std,230511_Std_20nM_B12s_1,D-Tryptophan,2.23,1200,649,1399,#N/A,Internal_Std
Internal_Std,230511_Std_20nM_B12s_2,D-Tryptophan,2.23,2382,2369,2054,#N/A,Internal_Std
Internal_Std,230511_Std_5nM_B12s_1,D-Tryptophan,2.25,750,3598,1512,#N/A,Internal_Std
Internal_Std,230511_Std_5nM_B12s_2,D-Tryptophan,2.21,2357,1988,2449,#N/A,Internal_Std
Internal_Std,230511_Std_OnM_B12s_1,D-Tryptophan,2.23,3744,1381,2682,#N/A,Internal_Std
Internal_Std,230511_Std_OnM_B12s_2,D-Tryptophan,2.22,2810,1661,2396,#N/A,Internal_Std
Others,230511_Blk_DOM_blk_T0,DMB,2.78,4114,10514,2431,#N/A,Others
Others,230511_Blk_DOM_blk_T48,DMB,2.85,12063,24788,4556,#N/A,Others
Others,230511_Blk_Filter_blk_1,DMB,2.91,2265,22508,2366,#N/A,Others
Others,230511_Blk_Filter_blk_2,DMB,2.88,9375,8164,4781,#N/A,Others
Others,230511_Blk_Media_blk,DMB,2.84,9466,14507,4734,#N/A,Others
Others,230511_Poo_TruePooMortality_Full1,DMB,2.81,178410,12230,66723,#N/A,Others
Others,230511_Poo_TruePooMortality_Full2,DMB,2.82,101276,20319,38909,#N/A,Others
Others,230511_Poo_TruePooMortality_Full3,DMB,2.82,121730,15629,51844,#N/A,Others
Others,230511_Poo_TruePooMortality_Full4,DMB,2.79,15773,5264,7319,#N/A,Others
Others,230511_Smp_A_1C_T0,DMB,2.87,17526,6987,7464,#N/A,Others
Others,230511_Smp_A_1C_T12,DMB,2.84,8449,22652,6818,#N/A,Others
Others,230511_Smp_A_1C_T18,DMB,2.83,24889,2046,8035,#N/A,Others
Others,230511_Smp_A_1C_T24,DMB,2.82,56116,18864,17183,#N/A,Others
Others,230511_Smp_A_1C_T30,DMB,2.83,10706,22314,3906,#N/A,Others
Others,230511_Smp_A_1C_T36,DMB,2.83,239240,33145,77383,#N/A,Others
Others,230511_Smp_A_1C_T42,DMB,2.82,20379,13239,8109,#N/A,Others
Others,230511_Smp_A_1C_T48,DMB,2.84,64580,7004,16610,#N/A,Others
Others,230511_Smp_A_1C_T6,DMB,2.86,6659,19154,3295,#N/A,Others
Others,230511_Smp_A_3LV_T0,DMB,2.89,12889,8689,4481,#N/A,Others
Others,230511_Smp_A_3LV_T12,DMB,2.83,14996,19315,7914,#N/A,Others
Others,230511_Smp_A_3LV_T24,DMB,2.82,64338,5776,27914,#N/A,Others
Others,230511_Smp_A_3LV_T36,DMB,2.83,500730,20154,176445,#N/A,Others
Others,230511_Smp_A_3LV_T48,DMB,2.84,206162,31984,66393,#N/A,Others
Others,230511_Smp_A_4LGV_T0,DMB,2.82,9381,4942,6483,#N/A,Others
Others,230511_Smp_A_4LGV_T12,DMB,2.83,15509,26387,8116,#N/A,Others
Others,230511_Smp_A_4LGV_T24,DMB,2.83,61081,26762,24170,#N/A,Others
Others,230511_Smp_A_4LGV_T36,DMB,2.82,91612,24421,34768,#N/A,Others
Others,230511_Smp_A_4LGV_T48,DMB,2.81,76343,50468,22699,#N/A,Others
Others,230511_Smp_A_6HV_T0,DMB,2.93,49435,25962,15609,#N/A,Others
Others,230511_Smp_A_6HV_T12,DMB,2.88,13666,8778,9172,#N/A,Others
Others,230511_Smp_A_6HV_T24,DMB,2.82,126153,26909,41267,#N/A,Others
Others,230511_Smp_A_6HV_T36,DMB,2.83,959226,27000,325817,#N/A,Others
Others,230511_Smp_A_6HV_T48,DMB,2.84,287854,26556,85381,#N/A,Others
Others,230511_Smp_A_8G_T0,DMB,2.92,8276,14063,4066,#N/A,Others
Others,230511_Smp_A_8G_T48,DMB,2.82,453044,17751,171299,#N/A,Others
Others,230511_Smp_A_9V_T0,DMB,2.84,2622,10068,2986,#N/A,Others
Others,230511_Smp_B_1C_T0,DMB,2.83,11077,7873,4753,#N/A,Others
Others,230511_Smp_B_1C_T12,DMB,2.92,5623,24006,5059,#N/A,Others
Others,230511_Smp_B_1C_T18,DMB,2.91,28598,6711,5110,#N/A,Others
Others,230511_Smp_B_1C_T24,DMB,2.83,78912,32751,21953,#N/A,Others
Others,230511_Smp_B_1C_T30,DMB,2.91,12470,25433,9566,#N/A,Others
Others,230511_Smp_B_1C_T36,DMB,2.84,283386,17379,94932,#N/A,Others
Others,230511_Smp_B_1C_T42,DMB,2.82,1817,30116,2076,#N/A,Others
Others,230511_Smp_B_1C_T48,DMB,2.83,54163,25549,22575,#N/A,Others
Others,230511_Smp_B_1C_T6,DMB,2.92,14021,27476,5524,#N/A,Others
Others,230511_Smp_B_3LV_T0,DMB,2.86,6164,18685,3861,#N/A,Others
Others,230511_Smp_B_3LV_T12,DMB,2.82,2604,40629,5348,#N/A,Others
Others,230511_Smp_B_3LV_T24,DMB,2.83,21015,12088,11713,#N/A,Others
Others,230511_Smp_B_3LV_T36,DMB,2.82,870720,89511,339954,#N/A,Others
Others,230511_Smp_B_3LV_T48,DMB,2.82,667085,28297,246852,#N/A,Others
Others,230511_Smp_B_4LGV_T0,DMB,2.89,3800,26026,2722,#N/A,Others
Others,230511_Smp_B_4LGV_T12,DMB,2.8,4528,23407,3963,#N/A,Others
Others,230511_Smp_B_4LGV_T24,DMB,2.87,57,0,31,#N/A,Others
Others,230511_Smp_B_4LGV_T36,DMB,2.83,423720,34934,160179,#N/A,Others
Others,230511_Smp_B_4LGV_T48,DMB,2.83,26272,1541,7151,#N/A,Others
Others,230511_Smp_B_6HV_T0,DMB,2.92,14746,18574,6979,#N/A,Others
Others,230511_Smp_B_6HV_T12,DMB,3.02,19838,11688,7941,#N/A,Others
Others,230511_Smp_B_6HV_T24,DMB,2.82,146710,37764,53920,#N/A,Others
Others,230511_Smp_B_6HV_T36,DMB,2.82,934620,37549,299991,#N/A,Others
Others,230511_Smp_B_6HV_T48,DMB,2.82,343584,21012,125502,#N/A,Others
Others,230511_Smp_C_1C_T0,DMB,2.94,14631,11743,5852,#N/A,Others
Others,230511_Smp_C_1C_T12,DMB,2.86,36320,2817,9144,#N/A,Others
Others,230511_Smp_C_1C_T18,DMB,2.83,20624,27599,9021,#N/A,Others
Others,230511_Smp_C_1C_T24,DMB,2.82,47871,18533,13850,#N/A,Others
Others,230511_Smp_C_1C_T30,DMB,2.81,13325,18462,5190,#N/A,Others
Others,230511_Smp_C_1C_T36,DMB,2.82,162342,16987,57729,#N/A,Others
Others,230511_Smp_C_1C_T42,DMB,2.75,16938,16429,5794,#N/A,Others
Others,230511_Smp_C_1C_T48,DMB,2.83,105185,11552,35116,#N/A,Others
Others,230511_Smp_C_1C_T6,DMB,2.84,23215,19616,8035,#N/A,Others
Others,230511_Smp_C_3LV_T0,DMB,2.82,20485,15243,6878,#N/A,Others
Others,230511_Smp_C_3LV_T12,DMB,2.82,45559,24324,15386,#N/A,Others
Others,230511_Smp_C_3LV_T24,DMB,2.83,35367,36347,18226,#N/A,Others
Others,230511_Smp_C_3LV_T36,DMB,2.83,305383,31974,105015,#N/A,Others
Others,230511_Smp_C_3LV_T48,DMB,2.83,68292,45030,28275,#N/A,Others
Others,230511_Smp_C_4LGV_T0,DMB,2.87,3115,19848,4380,#N/A,Others
Others,230511_Smp_C_4LGV_T12,DMB,2.8,41327,10845,12276,#N/A,Others
Others,230511_Smp_C_4LGV_T24,DMB,2.82,52638,18138,18084,#N/A,Others
Others,230511_Smp_C_4LGV_T36,DMB,2.83,85335,22512,22489,#N/A,Others
Others,230511_Smp_C_4LGV_T48,DMB,2.82,71642,17498,26291,#N/A,Others
Others,230511_Smp_C_6HV_T0,DMB,2.84,18292,15337,9836,#N/A,Others
Others,230511_Smp_C_6HV_T12,DMB,2.84,22707,17083,9217,#N/A,Others
Others,230511_Smp_C_6HV_T24,DMB,2.81,249206,24510,95294,#N/A,Others
Others,230511_Smp_C_6HV_T36,DMB,2.82,792355,27054,280826,#N/A,Others
Others,230511_Smp_C_6HV_T48,DMB,2.82,294189,29495,104658,#N/A,Others
Others,230511_Smp_E_2LG_T0,DMB,2.81,11236,21077,4164,#N/A,Others
Others,230511_Smp_E_2LG_T24,DMB,2.82,24777,10886,7703,#N/A,Others
Others,230511_Smp_E_2LG_T36,DMB,2.83,80701,48963,40661,#N/A,Others
Others,230511_Smp_E_2LG_T48,DMB,2.83,45000,13324,21143,#N/A,Others
Others,230511_Smp_E_3LG_T0,DMB,2.81,18586,12603,13280,#N/A,Others
Others,230511_Smp_E_3LG_T24,DMB,2.74,2513,27628,2367,#N/A,Others
Others,230511_Smp_E_3LG_T36,DMB,2.82,43916,9161,14776,#N/A,Others
Others,230511_Smp_E_3LG_T48,DMB,2.81,259887,41095,93808,#N/A,Others
Others,230511_Smp_E_4LG_T0,DMB,2.83,32302,5088,12271,#N/A,Others
Others,230511_Smp_E_4LG_T24,DMB,2.82,30491,11326,7925,#N/A,Others
Others,230511_Smp_E_4LG_T36,DMB,2.81,49776,17296,15343,#N/A,Others
Others,230511_Smp_E_4LG_T48,DMB,2.82,22390,18043,10579,#N/A,Others
Others,230511_Smp_E_8G_T48,DMB,2.83,194500,20340,81654,#N/A,Others
Others,230511_Std_10nM_B12s_1,DMB,3.02,3041366,191051,911237,#N/A,Others
Others,230511_Std_10nM_B12s_2,DMB,3.03,3274458,11300,972662,#N/A,Others
Others,230511_Std_1nM_B12s_1,DMB,3.02,975470,59351,294967,#N/A,Others
Others,230511_Std_1nM_B12s_2,DMB,3.03,1044020,61616,317547,#N/A,Others
Others,230511_Std_20nM_B12s_1,DMB,3.03,1398296,84960,438070,#N/A,Others
Others,230511_Std_20nM_B12s_2,DMB,3.04,1713781,44675,518320,#N/A,Others
Others,230511_Std_5nM_B12s_1,DMB,3.03,2430261,80470,717422,#N/A,Others
Others,230511_Std_5nM_B12s_2,DMB,3.04,2852457,52211,810146,#N/A,Others
Others,230511_Std_OnM_B12s_1,DMB,3.01,17642,62127,7978,#N/A,Others
Others,230511_Std_OnM_B12s_2,DMB,3.05,25227,33712,15401,#N/A,Others
Others,230511_Blk_DOM_blk_T0,DMB,2.79,13625,41177,6574,#N/A,Others
Others,230511_Blk_DOM_blk_T48,DMB,2.89,166540,124980,31352,#N/A,Others
Others,230511_Blk_Filter_blk_1,DMB,2.76,57360,178824,11686,#N/A,Others
Others,230511_Blk_Filter_blk_2,DMB,2.91,91068,118916,19685,#N/A,Others
Others,230511_Blk_Media_blk,DMB,2.9,72399,53665,22621,#N/A,Others
Others,230511_Poo_TruePooMortality_Full1,DMB,2.82,149713,113195,47816,#N/A,Others
Others,230511_Poo_TruePooMortality_Full2,DMB,2.81,44781,158949,20689,#N/A,Others
Others,230511_Poo_TruePooMortality_Full3,DMB,2.83,24262,230165,9053,#N/A,Others
Others,230511_Poo_TruePooMortality_Full4,DMB,2.76,8676,62080,3093,#N/A,Others
Others,230511_Smp_A_1C_T0,DMB,2.89,36432,100695,12633,#N/A,Others
Others,230511_Smp_A_1C_T12,DMB,2.9,61104,103021,20680,#N/A,Others
Others,230511_Smp_A_1C_T18,DMB,2.82,14351,145342,6027,#N/A,Others
Others,230511_Smp_A_1C_T24,DMB,2.87,31687,116182,10365,#N/A,Others
Others,230511_Smp_A_1C_T30,DMB,2.76,74900,138736,21396,#N/A,Others
Others,230511_Smp_A_1C_T36,DMB,2.83,153906,158813,42913,#N/A,Others
Others,230511_Smp_A_1C_T42,DMB,2.93,40508,120976,11326,#N/A,Others
Others,230511_Smp_A_1C_T48,DMB,2.79,2896,188919,6892,#N/A,Others
Others,230511_Smp_A_1C_T6,DMB,2.89,14131,108688,10278,#N/A,Others
Others,230511_Smp_A_3LV_T0,DMB,2.9,10140,137720,6880,#N/A,Others
Others,230511_Smp_A_3LV_T12,DMB,2.89,16647,91708,9833,#N/A,Others
Others,230511_Smp_A_3LV_T24,DMB,2.87,41325,45468,13248,#N/A,Others
Others,230511_Smp_A_3LV_T36,DMB,2.83,155813,220895,62606,#N/A,Others
Others,230511_Smp_A_3LV_T48,DMB,2.83,90855,222920,26041,#N/A,Others
Others,230511_Smp_A_4LGV_T0,DMB,2.87,53381,67034,14214,#N/A,Others
Others,230511_Smp_A_4LGV_T12,DMB,2.9,20113,132559,9229,#N/A,Others
Others,230511_Smp_A_4LGV_T24,DMB,2.89,52519,165303,14258,#N/A,Others
Others,230511_Smp_A_4LGV_T36,DMB,2.87,44486,201184,13759,#N/A,Others
Others,230511_Smp_A_4LGV_T48,DMB,2.8,122248,179635,29666,#N/A,Others
Others,230511_Smp_A_6HV_T0,DMB,2.94,13207,157778,12996,#N/A,Others
Others,230511_Smp_A_6HV_T12,DMB,2.94,913,73778,2104,#N/A,Others
Others,230511_Smp_A_6HV_T24,DMB,2.88,421717,206937,148129,#N/A,Others
Others,230511_Smp_A_6HV_T36,DMB,2.82,314953,124856,91024,#N/A,Others
Others,230511_Smp_A_6HV_T48,DMB,2.83,133362,208014,39020,#N/A,Others
Others,230511_Smp_A_8G_T0,DMB,2.87,39219,124851,10922,#N/A,Others
Others,230511_Smp_A_8G_T48,DMB,2.82,146981,239383,62859,#N/A,Others
Others,230511_Smp_A_9V_T0,DMB,2.88,21725,86899,12736,#N/A,Others
Others,230511_Smp_B_1C_T0,DMB,2.87,29936,144791,15286,#N/A,Others
Others,230511_Smp_B_1C_T12,DMB,2.89,17069,117097,6538,#N/A,Others
Others,230511_Smp_B_1C_T18,DMB,2.78,71480,196920,18431,#N/A,Others
Others,230511_Smp_B_1C_T24,DMB,2.87,91778,116343,18130,#N/A,Others
Others,230511_Smp_B_1C_T30,DMB,2.88,26459,101614,10790,#N/A,Others
Others,230511_Smp_B_1C_T36,DMB,2.83,146748,192281,33355,#N/A,Others
Others,230511_Smp_B_1C_T42,DMB,2.82,60294,132712,14064,#N/A,Others
Others,230511_Smp_B_1C_T48,DMB,2.78,4988,142823,5755,#N/A,Others
Others,230511_Smp_B_1C_T6,DMB,2.89,44720,215414,13353,#N/A,Others
Others,230511_Smp_B_3LV_T0,DMB,2.87,20142,108498,9387,#N/A,Others
Others,230511_Smp_B_3LV_T12,DMB,2.94,56445,70489,13599,#N/A,Others
Others,230511_Smp_B_3LV_T24,DMB,2.85,27990,115131,9339,#N/A,Others
Others,230511_Smp_B_3LV_T36,DMB,2.82,334081,114288,127248,#N/A,Others
Others,230511_Smp_B_3LV_T48,DMB,2.82,284952,96216,80097,#N/A,Others
Others,230511_Smp_B_4LGV_T0,DMB,2.89,60708,116233,19275,#N/A,Others
Others,230511_Smp_B_4LGV_T12,DMB,2.87,43017,81108,14819,#N/A,Others
Others,230511_Smp_B_4LGV_T24,DMB,2.93,31,0,28,#N/A,Others
Others,230511_Smp_B_4LGV_T36,DMB,2.82,206142,38648,57851,#N/A,Others
Others,230511_Smp_B_4LGV_T48,DMB,2.88,83345,121418,31687,#N/A,Others
Others,230511_Smp_B_6HV_T0,DMB,2.9,67559,220095,21223,#N/A,Others
Others,230511_Smp_B_6HV_T12,DMB,2.9,1280,86248,2615,#N/A,Others
Others,230511_Smp_B_6HV_T24,DMB,2.84,87834,124678,27071,#N/A,Others
Others,230511_Smp_B_6HV_T36,DMB,2.83,425847,363494,107065,#N/A,Others
Others,230511_Smp_B_6HV_T48,DMB,2.82,159641,52002,43921,#N/A,Others
Others,230511_Smp_C_1C_T0,DMB,2.88,72001,76069,17741,#N/A,Others
Others,230511_Smp_C_1C_T12,DMB,2.87,57691,57881,17943,#N/A,Others
Others,230511_Smp_C_1C_T18,DMB,2.84,31865,207984,13865,#N/A,Others
Others,230511_Smp_C_1C_T24,DMB,2.85,51836,199073,15338,#N/A,Others
Others,230511_Smp_C_1C_T30,DMB,2.89,38853,51360,15528,#N/A,Others
Others,230511_Smp_C_1C_T36,DMB,2.81,99180,159484,30139,#N/A,Others
Others,230511_Smp_C_1C_T42,DMB,2.76,10715,256832,8022,#N/A,Others
Others,230511_Smp_C_1C_T48,DMB,2.81,39966,61895,12174,#N/A,Others
Others,230511_Smp_C_1C_T6,DMB,2.87,197519,204183,45103,#N/A,Others
Others,230511_Smp_C_3LV_T0,DMB,2.91,43623,115540,11035,#N/A,Others
Others,230511_Smp_C_3LV_T12,DMB,2.88,53790,45419,13078,#N/A,Others
Others,230511_Smp_C_3LV_T24,DMB,2.86,87599,27702,16371,#N/A,Others
Others,230511_Smp_C_3LV_T36,DMB,2.82,115164,158444,35265,#N/A,Others
Others,230511_Smp_C_3LV_T48,DMB,2.88,140634,193397,31899,#N/A,Others
Others,230511_Smp_C_4LGV_T0,DMB,2.91,26864,136988,11569,#N/A,Others
Others,230511_Smp_C_4LGV_T12,DMB,2.87,48902,110204,11635,#N/A,Others
Others,230511_Smp_C_4LGV_T24,DMB,2.83,54000,382090,15141,#N/A,Others
Others,230511_Smp_C_4LGV_T36,DMB,2.85,107111,142034,21517,#N/A,Others
Others,230511_Smp_C_4LGV_T48,DMB,2.87,69612,255615,19297,#N/A,Others
Others,230511_Smp_C_6HV_T0,DMB,2.79,85636,136988,23691,#N/A,Others
Others,230511_Smp_C_6HV_T12,DMB,2.88,53346,100295,14048,#N/A,Others
Others,230511_Smp_C_6HV_T24,DMB,2.82,83875,137562,30116,#N/A,Others
Others,230511_Smp_C_6HV_T36,DMB,2.82,364014,133162,109913,#N/A,Others
Others,230511_Smp_C_6HV_T48,DMB,2.82,96727,146344,38022,#N/A,Others
Others,230511_Smp_E_2LG_T0,DMB,2.79,34666,133886,19313,#N/A,Others
Others,230511_Smp_E_2LG_T24,DMB,2.79,5818,206761,6122,#N/A,Others
Others,230511_Smp_E_2LG_T36,DMB,2.77,16049,304368,12756,#N/A,Others
Others,230511_Smp_E_2LG_T48,DMB,2.74,15210,246324,9199,#N/A,Others
Others,230511_Smp_E_3LG_T0,DMB,2.81,3458,105727,5568,#N/A,Others
Others,230511_Smp_E_3LG_T24,DMB,2.71,131053,99920,34350,#N/A,Others
Others,230511_Smp_E_3LG_T36,DMB,2.88,51832,336534,27499,#N/A,Others
Others,230511_Smp_E_3LG_T48,DMB,2.82,124980,123737,27575,#N/A,Others
Others,230511_Smp_E_4LG_T0,DMB,2.82,27482,91089,16645,#N/A,Others
Others,230511_Smp_E_4LG_T24,DMB,2.76,20414,195300,9937,#N/A,Others
Others,230511_Smp_E_4LG_T36,DMB,2.77,52680,316952,32972,#N/A,Others
Others,230511_Smp_E_4LG_T48,DMB,2.85,29667,301000,15563,#N/A,Others
Others,230511_Smp_E_8G_T48,DMB,2.83,53027,185086,23400,#N/A,Others
Others,230511_Std_10nM_B12s_1,DMB,3.02,1069725,212677,313450,#N/A,Others
Others,230511_Std_10nM_B12s_2,DMB,3.03,1065731,188941,333496,#N/A,Others
Others,230511_Std_1nM_B12s_1,DMB,3.01,383580,123588,111515,#N/A,Others
Others,230511_Std_1nM_B12s_2,DMB,3.03,423676,111581,120719,#N/A,Others
Others,230511_Std_20nM_B12s_1,DMB,3.04,524859,129547,143697,#N/A,Others
Others,230511_Std_20nM_B12s_2,DMB,3.03,620095,209659,168790,#N/A,Others
Others,230511_Std_5nM_B12s_1,DMB,3.02,851552,184251,273185,#N/A,Others
Others,230511_Std_5nM_B12s_2,DMB,3.04,944022,230912,264899,#N/A,Others
Others,230511_Std_OnM_B12s_1,DMB,2.98,42060,164516,18351,#N/A,Others
Others,230511_Std_OnM_B12s_2,DMB,3.06,55839,93070,19492,#N/A,Others
Others,230511_Blk_DOM_blk_T0,DMB,2.83,1963,12899,2425,#N/A,Others
Others,230511_Blk_DOM_blk_T48,DMB,2.9,50641,34707,11498,#N/A,Others
Others,230511_Blk_Filter_blk_1,DMB,2.9,21449,21258,5116,#N/A,Others
Others,230511_Blk_Filter_blk_2,DMB,2.9,16929,21473,5222,#N/A,Others
Others,230511_Blk_Media_blk,DMB,2.9,14745,39325,6781,#N/A,Others
Others,230511_Poo_TruePooMortality_Full1,DMB,2.82,37902,29385,15578,#N/A,Others
Others,230511_Poo_TruePooMortality_Full2,DMB,2.83,12560,44983,12867,#N/A,Others
Others,230511_Poo_TruePooMortality_Full3,DMB,2.84,24415,43191,6707,#N/A,Others
Others,230511_Poo_TruePooMortality_Full4,DMB,2.8,15382,20082,6300,#N/A,Others
Others,230511_Smp_A_1C_T0,DMB,2.9,22341,16858,10730,#N/A,Others
Others,230511_Smp_A_1C_T12,DMB,2.89,4483,39044,2262,#N/A,Others
Others,230511_Smp_A_1C_T18,DMB,2.9,15728,14739,8877,#N/A,Others
Others,230511_Smp_A_1C_T24,DMB,2.82,27741,24518,6952,#N/A,Others
Others,230511_Smp_A_1C_T30,DMB,2.81,12224,16408,3260,#N/A,Others
Others,230511_Smp_A_1C_T36,DMB,2.83,47431,42839,20028,#N/A,Others
Others,230511_Smp_A_1C_T42,DMB,2.89,6906,30576,5696,#N/A,Others
Others,230511_Smp_A_1C_T48,DMB,2.86,17441,21948,6480,#N/A,Others
Others,230511_Smp_A_1C_T6,DMB,2.9,1472,27459,1473,#N/A,Others
Others,230511_Smp_A_3LV_T0,DMB,2.88,12712,20007,6298,#N/A,Others
Others,230511_Smp_A_3LV_T12,DMB,2.89,32947,10068,7068,#N/A,Others
Others,230511_Smp_A_3LV_T24,DMB,2.83,29205,15954,8326,#N/A,Others
Others,230511_Smp_A_3LV_T36,DMB,2.83,119187,21080,38907,#N/A,Others
Others,230511_Smp_A_3LV_T48,DMB,2.84,74188,8290,20367,#N/A,Others
Others,230511_Smp_A_4LGV_T0,DMB,2.88,24217,11810,11722,#N/A,Others
Others,230511_Smp_A_4LGV_T12,DMB,2.92,49246,31136,18217,#N/A,Others
Others,230511_Smp_A_4LGV_T24,DMB,2.89,10169,41204,3260,#N/A,Others
Others,230511_Smp_A_4LGV_T36,DMB,2.88,31279,45143,11258,#N/A,Others
Others,230511_Smp_A_4LGV_T48,DMB,2.94,89960,39107,15923,#N/A,Others
Others,230511_Smp_A_6HV_T0,DMB,2.94,147324,44615,43924,#N/A,Others
Others,230511_Smp_A_6HV_T12,DMB,2.93,19121,15424,9953,#N/A,Others
Others,230511_Smp_A_6HV_T24,DMB,2.87,250790,20298,75313,#N/A,Others
Others,230511_Smp_A_6HV_T36,DMB,2.81,218585,45100,58788,#N/A,Others
Others,230511_Smp_A_6HV_T48,DMB,2.82,64704,34196,16463,#N/A,Others
Others,230511_Smp_A_8G_T0,DMB,2.91,23583,15288,8740,#N/A,Others
Others,230511_Smp_A_8G_T48,DMB,2.82,100733,34772,39493,#N/A,Others
Others,230511_Smp_A_9V_T0,DMB,2.89,18000,13564,11065,#N/A,Others
Others,230511_Smp_B_1C_T0,DMB,2.9,15166,22875,7159,#N/A,Others
Others,230511_Smp_B_1C_T12,DMB,2.95,12330,40550,7604,#N/A,Others
Others,230511_Smp_B_1C_T18,DMB,2.84,19062,29782,6661,#N/A,Others
Others,230511_Smp_B_1C_T24,DMB,2.93,79543,52926,24162,#N/A,Others
Others,230511_Smp_B_1C_T30,DMB,2.93,36088,27397,12263,#N/A,Others
Others,230511_Smp_B_1C_T36,DMB,2.83,73451,29133,23954,#N/A,Others
Others,230511_Smp_B_1C_T42,DMB,2.88,44871,3541,10145,#N/A,Others
Others,230511_Smp_B_1C_T48,DMB,2.79,2262,19501,1375,#N/A,Others
Others,230511_Smp_B_1C_T6,DMB,2.96,25814,28171,11622,#N/A,Others
Others,230511_Smp_B_3LV_T0,DMB,2.95,33446,3279,10510,#N/A,Others
Others,230511_Smp_B_3LV_T12,DMB,2.95,11626,33872,4745,#N/A,Others
Others,230511_Smp_B_3LV_T24,DMB,2.88,7892,32340,5683,#N/A,Others
Others,230511_Smp_B_3LV_T36,DMB,2.82,166460,64850,59858,#N/A,Others
Others,230511_Smp_B_3LV_T48,DMB,2.82,140404,72684,44435,#N/A,Others
Others,230511_Smp_B_4LGV_T0,DMB,2.97,9833,31409,5720,#N/A,Others
Others,230511_Smp_B_4LGV_T12,DMB,2.81,12084,23820,9145,#N/A,Others
Others,230511_Smp_B_4LGV_T24,DMB,2.88,98,0,35,#N/A,Others
Others,230511_Smp_B_4LGV_T36,DMB,2.82,103503,27982,34330,#N/A,Others
Others,230511_Smp_B_4LGV_T48,DMB,2.9,43531,18541,15203,#N/A,Others
Others,230511_Smp_B_6HV_T0,DMB,2.9,25778,12345,5764,#N/A,Others
Others,230511_Smp_B_6HV_T12,DMB,3.04,42280,16491,10487,#N/A,Others
Others,230511_Smp_B_6HV_T24,DMB,2.81,28052,41308,13985,#N/A,Others
Others,230511_Smp_B_6HV_T36,DMB,2.83,323813,22888,82086,#N/A,Others
Others,230511_Smp_B_6HV_T48,DMB,2.82,97932,25840,21754,#N/A,Others
Others,230511_Smp_C_1C_T0,DMB,2.93,63281,26820,22064,#N/A,Others
Others,230511_Smp_C_1C_T12,DMB,2.87,23421,26287,8453,#N/A,Others
Others,230511_Smp_C_1C_T18,DMB,2.87,48977,15226,12109,#N/A,Others
Others,230511_Smp_C_1C_T24,DMB,2.87,45633,21648,10623,#N/A,Others
Others,230511_Smp_C_1C_T30,DMB,2.89,25089,15306,7108,#N/A,Others
Others,230511_Smp_C_1C_T36,DMB,2.82,28544,32109,10346,#N/A,Others
Others,230511_Smp_C_1C_T42,DMB,2.85,10673,30853,5401,#N/A,Others
Others,230511_Smp_C_1C_T48,DMB,2.83,46783,19109,15641,#N/A,Others
Others,230511_Smp_C_1C_T6,DMB,2.88,105703,11011,25135,#N/A,Others
Others,230511_Smp_C_3LV_T0,DMB,2.84,12208,37738,4953,#N/A,Others
Others,230511_Smp_C_3LV_T12,DMB,2.87,32915,40897,7871,#N/A,Others
Others,230511_Smp_C_3LV_T24,DMB,2.87,14509,35587,5024,#N/A,Others
Others,230511_Smp_C_3LV_T36,DMB,2.82,79194,25684,28749,#N/A,Others
Others,230511_Smp_C_3LV_T48,DMB,2.89,69213,21787,14444,#N/A,Others
Others,230511_Smp_C_4LGV_T0,DMB,2.87,5744,27852,4515,#N/A,Others
Others,230511_Smp_C_4LGV_T12,DMB,2.94,19751,27516,6370,#N/A,Others
Others,230511_Smp_C_4LGV_T24,DMB,2.9,59135,24134,11353,#N/A,Others
Others,230511_Smp_C_4LGV_T36,DMB,2.83,36336,70863,10232,#N/A,Others
Others,230511_Smp_C_4LGV_T48,DMB,2.89,42217,31863,11758,#N/A,Others
Others,230511_Smp_C_6HV_T0,DMB,2.87,8985,29714,6912,#N/A,Others
Others,230511_Smp_C_6HV_T12,DMB,2.89,22859,15936,8800,#N/A,Others
Others,230511_Smp_C_6HV_T24,DMB,2.82,45390,48275,16878,#N/A,Others
Others,230511_Smp_C_6HV_T36,DMB,2.8,172859,43017,47800,#N/A,Others
Others,230511_Smp_C_6HV_T48,DMB,2.82,65380,23746,21401,#N/A,Others
Others,230511_Smp_E_2LG_T0,DMB,2.84,12720,15687,4930,#N/A,Others
Others,230511_Smp_E_2LG_T24,DMB,2.87,18852,19709,9129,#N/A,Others
Others,230511_Smp_E_2LG_T36,DMB,2.82,20351,42162,11346,#N/A,Others
Others,230511_Smp_E_2LG_T48,DMB,2.74,6100,36358,6073,#N/A,Others
Others,230511_Smp_E_3LG_T0,DMB,2.73,4347,18297,4115,#N/A,Others
Others,230511_Smp_E_3LG_T24,DMB,2.72,20845,7515,7418,#N/A,Others
Others,230511_Smp_E_3LG_T36,DMB,2.87,31859,59625,14240,#N/A,Others
Others,230511_Smp_E_3LG_T48,DMB,2.8,53004,69204,21434,#N/A,Others
Others,230511_Smp_E_4LG_T0,DMB,2.89,12104,13075,8867,#N/A,Others
Others,230511_Smp_E_4LG_T24,DMB,2.78,17845,25539,7289,#N/A,Others
Others,230511_Smp_E_4LG_T36,DMB,2.82,39516,27568,10600,#N/A,Others
Others,230511_Smp_E_4LG_T48,DMB,2.89,41030,17690,11221,#N/A,Others
Others,230511_Smp_E_8G_T48,DMB,2.81,77943,19700,24397,#N/A,Others
Others,230511_Std_10nM_B12s_1,DMB,3.02,645147,131327,223685,#N/A,Others
Others,230511_Std_10nM_B12s_2,DMB,3.03,715133,44918,210004,#N/A,Others
Others,230511_Std_1nM_B12s_1,DMB,3.02,230124,51211,71812,#N/A,Others
Others,230511_Std_1nM_B12s_2,DMB,3.04,202744,76186,71907,#N/A,Others
Others,230511_Std_20nM_B12s_1,DMB,3.03,323302,55132,106440,#N/A,Others
Others,230511_Std_20nM_B12s_2,DMB,3.04,389844,58471,103443,#N/A,Others
Others,230511_Std_5nM_B12s_1,DMB,3.03,527859,55979,165309,#N/A,Others
Others,230511_Std_5nM_B12s_2,DMB,3.05,621946,70952,172660,#N/A,Others
Others,230511_Std_OnM_B12s_1,DMB,2.96,26475,38303,9855,#N/A,Others
Others,230511_Std_OnM_B12s_2,DMB,3.16,779,36946,1345,#N/A,Others
molecules1,230511_Blk_DOM_blk_T0,Pyridoxal,0.66,31789240,122268,24556624,#N/A,molecules1
molecules1,230511_Blk_DOM_blk_T48,Pyridoxal,0.66,5019314,75472,3733620,#N/A,molecules1
molecules1,230511_Blk_Filter_blk_1,Pyridoxal,0.67,26083128,40864,20575594,#N/A,molecules1
molecules1,230511_Blk_Filter_blk_2,Pyridoxal,0.67,64655464,28488,50917532,#N/A,molecules1
molecules1,230511_Blk_Media_blk,Pyridoxal,0.67,132716968,88086,102296232,#N/A,molecules1
molecules1,230511_Poo_TruePooMortality_Full1,Pyridoxal,0.66,20024098,729597,13279671,#N/A,molecules1
molecules1,230511_Poo_TruePooMortality_Full2,Pyridoxal,0.67,21354024,311241,13506975,#N/A,molecules1
molecules1,230511_Poo_TruePooMortality_Full3,Pyridoxal,0.67,21177140,256496,12870126,#N/A,molecules1
molecules1,230511_Poo_TruePooMortality_Full4,Pyridoxal,0.59,1704439,320348,1443013,#N/A,molecules1
molecules1,230511_Smp_A_1C_T0,Pyridoxal,0.67,30908742,718040,23404708,#N/A,molecules1
molecules1,230511_Smp_A_1C_T12,Pyridoxal,0.67,23318668,162086,16827392,#N/A,molecules1
molecules1,230511_Smp_A_1C_T18,Pyridoxal,0.67,23743036,670388,17931070,#N/A,molecules1
molecules1,230511_Smp_A_1C_T24,Pyridoxal,0.67,26398108,967918,17392546,#N/A,molecules1
molecules1,230511_Smp_A_1C_T30,Pyridoxal,0.66,4776737,892363,3510518,#N/A,molecules1
molecules1,230511_Smp_A_1C_T36,Pyridoxal,0.67,28239416,977769,11863886,#N/A,molecules1
molecules1,230511_Smp_A_1C_T42,Pyridoxal,0.67,26651126,483917,19014514,#N/A,molecules1
molecules1,230511_Smp_A_1C_T48,Pyridoxal,0.67,16711429,459395,7286841,#N/A,molecules1
molecules1,230511_Smp_A_1C_T6,Pyridoxal,0.67,12195424,349511,9196416,#N/A,molecules1
molecules1,230511_Smp_A_3LV_T0,Pyridoxal,0.67,41125908,1434094,31259724,#N/A,molecules1
molecules1,230511_Smp_A_3LV_T12,Pyridoxal,0.67,30189514,596469,22616892,#N/A,molecules1
molecules1,230511_Smp_A_3LV_T24,Pyridoxal,0.67,31900498,673774,23064856,#N/A,molecules1
molecules1,230511_Smp_A_3LV_T36,Pyridoxal,0.7,27210444,2881312,9940327,#N/A,molecules1
molecules1,230511_Smp_A_3LV_T48,Pyridoxal,0.66,9780184,316793,3280847,#N/A,molecules1
molecules1,230511_Smp_A_4LGV_T0,Pyridoxal,0.67,24625582,514226,19301530,#N/A,molecules1
molecules1,230511_Smp_A_4LGV_T12,Pyridoxal,0.67,181031440,5061098,131409184,#N/A,molecules1
molecules1,230511_Smp_A_4LGV_T24,Pyridoxal,0.67,64813524,1381635,50118276,#N/A,molecules1
molecules1,230511_Smp_A_4LGV_T36,Pyridoxal,0.67,5692848,283008,4073534,#N/A,molecules1
molecules1,230511_Smp_A_4LGV_T48,Pyridoxal,0.67,6881506,344028,4546728,#N/A,molecules1
molecules1,230511_Smp_A_6HV_T0,Pyridoxal,0.66,38602896,515255,29787650,#N/A,molecules1
molecules1,230511_Smp_A_6HV_T12,Pyridoxal,0.67,25704082,383976,19528412,#N/A,molecules1
molecules1,230511_Smp_A_6HV_T24,Pyridoxal,0.67,105089904,1950993,79727320,#N/A,molecules1
molecules1,230511_Smp_A_6HV_T36,Pyridoxal,0.66,36361080,1927728,14548145,#N/A,molecules1
molecules1,230511_Smp_A_6HV_T48,Pyridoxal,0.67,38830720,1195922,24087008,#N/A,molecules1
molecules1,230511_Smp_A_8G_T0,Pyridoxal,0.67,45895288,408620,34854564,#N/A,molecules1
molecules1,230511_Smp_A_8G_T48,Pyridoxal,0.66,13021464,914383,8748820,#N/A,molecules1
molecules1,230511_Smp_A_9V_T0,Pyridoxal,0.67,32044868,15112,45343928,#N/A,molecules1
molecules1,230511_Smp_B_1C_T0,Pyridoxal,0.67,30281100,717056,23274238,#N/A,molecules1
molecules1,230511_Smp_B_1C_T12,Pyridoxal,0.67,24291458,502285,17985128,#N/A,molecules1
molecules1,230511_Smp_B_1C_T18,Pyridoxal,0.66,8701100,147408,5130969,#N/A,molecules1
molecules1,230511_Smp_B_1C_T24,Pyridoxal,0.67,38716460,719674,28046000,#N/A,molecules1
molecules1,230511_Smp_B_1C_T30,Pyridoxal,0.67,33130420,1408700,24734494,#N/A,molecules1
molecules1,230511_Smp_B_1C_T36,Pyridoxal,0.7,11835136,1284956,3865926,#N/A,molecules1
molecules1,230511_Smp_B_1C_T42,Pyridoxal,0.66,10992649,275295,5685854,#N/A,molecules1
molecules1,230511_Smp_B_1C_T48,Pyridoxal,0.67,20266154,1598986,8251223,#N/A,molecules1
molecules1,230511_Smp_B_1C_T6,Pyridoxal,0.67,5684232,506771,3915988,#N/A,molecules1
molecules1,230511_Smp_B_3LV_T0,Pyridoxal,0.67,29367482,434000,21896696,#N/A,molecules1
molecules1,230511_Smp_B_3LV_T12,Pyridoxal,0.67,121182656,2198607,93311328,#N/A,molecules1
molecules1,230511_Smp_B_3LV_T24,Pyridoxal,0.67,26324684,925030,15882607,#N/A,molecules1
molecules1,230511_Smp_B_3LV_T36,Pyridoxal,0.7,28020124,3020238,11097343,#N/A,molecules1
molecules1,230511_Smp_B_3LV_T48,Pyridoxal,0.66,48639392,570891,30688860,#N/A,molecules1
molecules1,230511_Smp_B_4LGV_T0,Pyridoxal,0.67,35999484,693970,28275352,#N/A,molecules1
molecules1,230511_Smp_B_4LGV_T12,Pyridoxal,0.67,70675336,1087630,55258712,#N/A,molecules1
molecules1,230511_Smp_B_4LGV_T24,Pyridoxal,0.71,85,0,38,#N/A,molecules1
molecules1,230511_Smp_B_4LGV_T36,Pyridoxal,0.67,32263832,549530,22474858,#N/A,molecules1
molecules1,230511_Smp_B_4LGV_T48,Pyridoxal,0.67,6435340,546202,4164154,#N/A,molecules1
molecules1,230511_Smp_B_6HV_T0,Pyridoxal,0.67,82631752,810993,64611892,#N/A,molecules1
molecules1,230511_Smp_B_6HV_T12,Pyridoxal,0.67,41652060,1110120,32223672,#N/A,molecules1
molecules1,230511_Smp_B_6HV_T24,Pyridoxal,0.67,44901356,860698,33026166,#N/A,molecules1
molecules1,230511_Smp_B_6HV_T36,Pyridoxal,0.66,25932948,3498784,8465382,#N/A,molecules1
molecules1,230511_Smp_B_6HV_T48,Pyridoxal,0.67,36327528,456696,23325340,#N/A,molecules1
molecules1,230511_Smp_C_1C_T0,Pyridoxal,0.67,57733012,654875,44451724,#N/A,molecules1
molecules1,230511_Smp_C_1C_T12,Pyridoxal,0.66,44946144,424962,33438090,#N/A,molecules1
molecules1,230511_Smp_C_1C_T18,Pyridoxal,0.67,31102104,1107731,22600662,#N/A,molecules1
molecules1,230511_Smp_C_1C_T24,Pyridoxal,0.67,32355112,1407462,21173072,#N/A,molecules1
molecules1,230511_Smp_C_1C_T30,Pyridoxal,0.67,25627764,410706,18892056,#N/A,molecules1
molecules1,230511_Smp_C_1C_T36,Pyridoxal,0.67,22922984,888034,12255552,#N/A,molecules1
molecules1,230511_Smp_C_1C_T42,Pyridoxal,0.66,8776841,555801,3450580,#N/A,molecules1
molecules1,230511_Smp_C_1C_T48,Pyridoxal,0.67,31270630,392624,18041480,#N/A,molecules1
molecules1,230511_Smp_C_1C_T6,Pyridoxal,0.66,20371830,1157922,15714337,#N/A,molecules1
molecules1,230511_Smp_C_3LV_T0,Pyridoxal,0.67,29442026,611978,22571858,#N/A,molecules1
molecules1,230511_Smp_C_3LV_T12,Pyridoxal,0.67,27940262,565143,20959044,#N/A,molecules1
molecules1,230511_Smp_C_3LV_T24,Pyridoxal,0.66,30954738,300836,19942988,#N/A,molecules1
molecules1,230511_Smp_C_3LV_T36,Pyridoxal,0.67,18619140,697968,9070590,#N/A,molecules1
molecules1,230511_Smp_C_3LV_T48,Pyridoxal,0.67,4954000,616448,3212648,#N/A,molecules1
molecules1,230511_Smp_C_4LGV_T0,Pyridoxal,0.67,19603136,226839,14393740,#N/A,molecules1
molecules1,230511_Smp_C_4LGV_T12,Pyridoxal,0.66,33041434,785546,26262036,#N/A,molecules1
molecules1,230511_Smp_C_4LGV_T24,Pyridoxal,0.67,12676161,451076,9045551,#N/A,molecules1
molecules1,230511_Smp_C_4LGV_T36,Pyridoxal,0.67,9818871,367398,6893347,#N/A,molecules1
molecules1,230511_Smp_C_4LGV_T48,Pyridoxal,0.67,3294247,394001,1785697,#N/A,molecules1
molecules1,230511_Smp_C_6HV_T0,Pyridoxal,0.67,38681316,658078,28987048,#N/A,molecules1
molecules1,230511_Smp_C_6HV_T12,Pyridoxal,0.67,36402180,874858,27662266,#N/A,molecules1
molecules1,230511_Smp_C_6HV_T24,Pyridoxal,0.67,83524208,1983432,61442456,#N/A,molecules1
molecules1,230511_Smp_C_6HV_T36,Pyridoxal,0.67,44249988,1318785,29269180,#N/A,molecules1
molecules1,230511_Smp_C_6HV_T48,Pyridoxal,0.67,41901228,495317,27411650,#N/A,molecules1
molecules1,230511_Smp_E_2LG_T0,Pyridoxal,0.67,54640852,219157,39817296,#N/A,molecules1
molecules1,230511_Smp_E_2LG_T24,Pyridoxal,0.67,21696250,501759,16086032,#N/A,molecules1
molecules1,230511_Smp_E_2LG_T36,Pyridoxal,0.67,10791791,211487,7747915,#N/A,molecules1
molecules1,230511_Smp_E_2LG_T48,Pyridoxal,0.67,9188661,670984,6444490,#N/A,molecules1
molecules1,230511_Smp_E_3LG_T0,Pyridoxal,0.67,130476032,1427301,100299640,#N/A,molecules1
molecules1,230511_Smp_E_3LG_T24,Pyridoxal,0.67,27011356,393054,20142922,#N/A,molecules1
molecules1,230511_Smp_E_3LG_T36,Pyridoxal,0.67,14401820,728211,10615167,#N/A,molecules1
molecules1,230511_Smp_E_3LG_T48,Pyridoxal,0.66,7700140,370878,5454511,#N/A,molecules1
molecules1,230511_Smp_E_4LG_T0,Pyridoxal,0.67,78606288,292445,59340688,#N/A,molecules1
molecules1,230511_Smp_E_4LG_T24,Pyridoxal,0.67,27759052,373301,20721888,#N/A,molecules1
molecules1,230511_Smp_E_4LG_T36,Pyridoxal,0.66,12120348,440605,8657660,#N/A,molecules1
molecules1,230511_Smp_E_4LG_T48,Pyridoxal,0.67,8165396,690191,5782817,#N/A,molecules1
molecules1,230511_Smp_E_8G_T48,Pyridoxal,0.66,32658814,796302,23835934,#N/A,molecules1
molecules1,230511_Std_10nM_B12s_1,Pyridoxal,0.66,15723479,257681,9961532,#N/A,molecules1
molecules1,230511_Std_10nM_B12s_2,Pyridoxal,0.67,15668883,722616,9585817,#N/A,molecules1
molecules1,230511_Std_1nM_B12s_1,Pyridoxal,0.66,15983756,327070,9907700,#N/A,molecules1
molecules1,230511_Std_1nM_B12s_2,Pyridoxal,0.67,16557995,358097,9967397,#N/A,molecules1
molecules1,230511_Std_20nM_B12s_1,Pyridoxal,0.66,16015766,254865,10141013,#N/A,molecules1
molecules1,230511_Std_20nM_B12s_2,Pyridoxal,0.67,15817348,441449,9605102,#N/A,molecules1
molecules1,230511_Std_5nM_B12s_1,Pyridoxal,0.66,15813359,330790,9782193,#N/A,molecules1
molecules1,230511_Std_5nM_B12s_2,Pyridoxal,0.67,16573847,380816,9962759,#N/A,molecules1
molecules1,230511_Std_OnM_B12s_1,Pyridoxal,0.66,16067031,289211,9850654,#N/A,molecules1
molecules1,230511_Std_OnM_B12s_2,Pyridoxal,0.67,16521467,539673,10126115,#N/A,molecules1
molecules1,230511_Blk_DOM_blk_T0,Pyridoxal,0.71,264085,10418,98961,#N/A,molecules1
molecules1,230511_Blk_DOM_blk_T48,Pyridoxal,0.69,411509,8264,134903,#N/A,molecules1
molecules1,230511_Blk_Filter_blk_1,Pyridoxal,0.71,303066,14200,122901,#N/A,molecules1
molecules1,230511_Blk_Filter_blk_2,Pyridoxal,0.71,345620,7934,94715,#N/A,molecules1
molecules1,230511_Blk_Media_blk,Pyridoxal,0.65,361712,25138,144122,#N/A,molecules1
molecules1,230511_Poo_TruePooMortality_Full1,Pyridoxal,0.65,10109490,72932,3897519,#N/A,molecules1
molecules1,230511_Poo_TruePooMortality_Full2,Pyridoxal,0.7,9748102,45053,3341950,#N/A,molecules1
molecules1,230511_Poo_TruePooMortality_Full3,Pyridoxal,0.71,9955879,83450,3585440,#N/A,molecules1
molecules1,230511_Poo_TruePooMortality_Full4,Pyridoxal,0.59,588385,68609,473897,#N/A,molecules1
molecules1,230511_Smp_A_1C_T0,Pyridoxal,0.66,3373455,186167,2368382,#N/A,molecules1
molecules1,230511_Smp_A_1C_T12,Pyridoxal,0.66,3129290,43436,1593057,#N/A,molecules1
molecules1,230511_Smp_A_1C_T18,Pyridoxal,0.65,5473729,161333,3617339,#N/A,molecules1
molecules1,230511_Smp_A_1C_T24,Pyridoxal,0.65,13013235,132115,6190031,#N/A,molecules1
molecules1,230511_Smp_A_1C_T30,Pyridoxal,0.71,926708,210026,409026,#N/A,molecules1
molecules1,230511_Smp_A_1C_T36,Pyridoxal,0.7,29635926,121791,13696386,#N/A,molecules1
molecules1,230511_Smp_A_1C_T42,Pyridoxal,0.65,11602484,46096,6657842,#N/A,molecules1
molecules1,230511_Smp_A_1C_T48,Pyridoxal,0.71,20850888,59379,7389604,#N/A,molecules1
molecules1,230511_Smp_A_1C_T6,Pyridoxal,0.65,3888907,77292,2550555,#N/A,molecules1
molecules1,230511_Smp_A_3LV_T0,Pyridoxal,0.65,2069108,396999,1264993,#N/A,molecules1
molecules1,230511_Smp_A_3LV_T12,Pyridoxal,0.65,3010524,126411,2107437,#N/A,molecules1
molecules1,230511_Smp_A_3LV_T24,Pyridoxal,0.65,20501952,92077,15002180,#N/A,molecules1
molecules1,230511_Smp_A_3LV_T36,Pyridoxal,0.7,48539832,2867284,19084586,#N/A,molecules1
molecules1,230511_Smp_A_3LV_T48,Pyridoxal,0.7,9764969,75712,4674164,#N/A,molecules1
molecules1,230511_Smp_A_4LGV_T0,Pyridoxal,0.65,3083828,92844,1814635,#N/A,molecules1
molecules1,230511_Smp_A_4LGV_T12,Pyridoxal,0.65,1748787,276979,1588253,#N/A,molecules1
molecules1,230511_Smp_A_4LGV_T24,Pyridoxal,0.71,2464415,150891,918103,#N/A,molecules1
molecules1,230511_Smp_A_4LGV_T36,Pyridoxal,0.65,171587,88326,63192,#N/A,molecules1
molecules1,230511_Smp_A_4LGV_T48,Pyridoxal,0.7,503969,113198,245510,#N/A,molecules1
molecules1,230511_Smp_A_6HV_T0,Pyridoxal,0.65,2750989,103703,1850610,#N/A,molecules1
molecules1,230511_Smp_A_6HV_T12,Pyridoxal,0.65,3432435,54979,1982434,#N/A,molecules1
molecules1,230511_Smp_A_6HV_T24,Pyridoxal,0.65,5284814,298157,2509980,#N/A,molecules1
molecules1,230511_Smp_A_6HV_T36,Pyridoxal,0.7,37892852,351962,17555986,#N/A,molecules1
molecules1,230511_Smp_A_6HV_T48,Pyridoxal,0.71,14198942,135818,6798788,#N/A,molecules1
molecules1,230511_Smp_A_8G_T0,Pyridoxal,0.71,447063,112534,124642,#N/A,molecules1
molecules1,230511_Smp_A_8G_T48,Pyridoxal,0.7,1672992,121727,672489,#N/A,molecules1
molecules1,230511_Smp_A_9V_T0,Pyridoxal,0.66,55819,13,34491,#N/A,molecules1
molecules1,230511_Smp_B_1C_T0,Pyridoxal,0.65,2486157,94747,1417121,#N/A,molecules1
molecules1,230511_Smp_B_1C_T12,Pyridoxal,0.66,5312364,117170,3198369,#N/A,molecules1
molecules1,230511_Smp_B_1C_T18,Pyridoxal,0.65,7723490,99859,4530750,#N/A,molecules1
molecules1,230511_Smp_B_1C_T24,Pyridoxal,0.65,16433840,111661,11065939,#N/A,molecules1
molecules1,230511_Smp_B_1C_T30,Pyridoxal,0.65,6890878,179342,3437909,#N/A,molecules1
molecules1,230511_Smp_B_1C_T36,Pyridoxal,0.7,13576117,244321,7190159,#N/A,molecules1
molecules1,230511_Smp_B_1C_T42,Pyridoxal,0.65,9354862,125967,3307139,#N/A,molecules1
molecules1,230511_Smp_B_1C_T48,Pyridoxal,0.65,34445268,381956,14704547,#N/A,molecules1
molecules1,230511_Smp_B_1C_T6,Pyridoxal,0.7,1167708,89664,435572,#N/A,molecules1
molecules1,230511_Smp_B_3LV_T0,Pyridoxal,0.66,3437065,63598,2092992,#N/A,molecules1
molecules1,230511_Smp_B_3LV_T12,Pyridoxal,0.65,2952041,245618,1763769,#N/A,molecules1
molecules1,230511_Smp_B_3LV_T24,Pyridoxal,0.66,21645584,175741,10897591,#N/A,molecules1
molecules1,230511_Smp_B_3LV_T36,Pyridoxal,0.7,49456860,365413,21139448,#N/A,molecules1
molecules1,230511_Smp_B_3LV_T48,Pyridoxal,0.7,24464968,110172,10224766,#N/A,molecules1
molecules1,230511_Smp_B_4LGV_T0,Pyridoxal,0.65,3426424,129035,2365950,#N/A,molecules1
molecules1,230511_Smp_B_4LGV_T12,Pyridoxal,0.65,2134980,164322,1234398,#N/A,molecules1
molecules1,230511_Smp_B_4LGV_T24,Pyridoxal,0.69,37,0,25,#N/A,molecules1
molecules1,230511_Smp_B_4LGV_T36,Pyridoxal,0.7,7845514,80571,3305881,#N/A,molecules1
molecules1,230511_Smp_B_4LGV_T48,Pyridoxal,0.7,580238,132791,246063,#N/A,molecules1
molecules1,230511_Smp_B_6HV_T0,Pyridoxal,0.65,3209761,125624,2547293,#N/A,molecules1
molecules1,230511_Smp_B_6HV_T12,Pyridoxal,0.65,2834092,177541,1444841,#N/A,molecules1
molecules1,230511_Smp_B_6HV_T24,Pyridoxal,0.7,7639081,120803,2826431,#N/A,molecules1
molecules1,230511_Smp_B_6HV_T36,Pyridoxal,0.7,34092632,508097,16335013,#N/A,molecules1
molecules1,230511_Smp_B_6HV_T48,Pyridoxal,0.65,17110268,46062,5869823,#N/A,molecules1
molecules1,230511_Smp_C_1C_T0,Pyridoxal,0.65,5197558,114604,3008369,#N/A,molecules1
molecules1,230511_Smp_C_1C_T12,Pyridoxal,0.65,18301748,66550,15741044,#N/A,molecules1
molecules1,230511_Smp_C_1C_T18,Pyridoxal,0.65,9919472,260841,5907516,#N/A,molecules1
molecules1,230511_Smp_C_1C_T24,Pyridoxal,0.65,17155604,196137,8751637,#N/A,molecules1
molecules1,230511_Smp_C_1C_T30,Pyridoxal,0.65,11275526,93282,8567340,#N/A,molecules1
molecules1,230511_Smp_C_1C_T36,Pyridoxal,0.65,27691128,85992,13103520,#N/A,molecules1
molecules1,230511_Smp_C_1C_T42,Pyridoxal,0.7,7946029,112216,3683919,#N/A,molecules1
molecules1,230511_Smp_C_1C_T48,Pyridoxal,0.65,38151228,79138,22262524,#N/A,molecules1
molecules1,230511_Smp_C_1C_T6,Pyridoxal,0.65,6912776,274392,4313061,#N/A,molecules1
molecules1,230511_Smp_C_3LV_T0,Pyridoxal,0.65,4380278,85772,2471256,#N/A,molecules1
molecules1,230511_Smp_C_3LV_T12,Pyridoxal,0.65,10537884,85251,8327093,#N/A,molecules1
molecules1,230511_Smp_C_3LV_T24,Pyridoxal,0.65,27798950,78670,19939892,#N/A,molecules1
molecules1,230511_Smp_C_3LV_T36,Pyridoxal,0.65,25821098,108824,11729530,#N/A,molecules1
molecules1,230511_Smp_C_3LV_T48,Pyridoxal,0.7,745627,90881,344980,#N/A,molecules1
molecules1,230511_Smp_C_4LGV_T0,Pyridoxal,0.65,5999351,73755,3769971,#N/A,molecules1
molecules1,230511_Smp_C_4LGV_T12,Pyridoxal,0.65,7070158,193259,5383013,#N/A,molecules1
molecules1,230511_Smp_C_4LGV_T24,Pyridoxal,0.7,1782425,72616,739472,#N/A,molecules1
molecules1,230511_Smp_C_4LGV_T36,Pyridoxal,0.71,421513,72106,172987,#N/A,molecules1
molecules1,230511_Smp_C_4LGV_T48,Pyridoxal,0.7,702590,99991,328534,#N/A,molecules1
molecules1,230511_Smp_C_6HV_T0,Pyridoxal,0.65,4930032,187619,2625406,#N/A,molecules1
molecules1,230511_Smp_C_6HV_T12,Pyridoxal,0.65,7326317,124300,4508224,#N/A,molecules1
molecules1,230511_Smp_C_6HV_T24,Pyridoxal,0.7,13739297,246396,6409907,#N/A,molecules1
molecules1,230511_Smp_C_6HV_T36,Pyridoxal,0.7,17114532,152361,7778637,#N/A,molecules1
molecules1,230511_Smp_C_6HV_T48,Pyridoxal,0.71,12367536,72046,5901039,#N/A,molecules1
molecules1,230511_Smp_E_2LG_T0,Pyridoxal,0.65,3342965,30156,1252743,#N/A,molecules1
molecules1,230511_Smp_E_2LG_T24,Pyridoxal,0.65,4658269,107316,2708084,#N/A,molecules1
molecules1,230511_Smp_E_2LG_T36,Pyridoxal,0.65,2952451,28452,1556009,#N/A,molecules1
molecules1,230511_Smp_E_2LG_T48,Pyridoxal,0.71,823226,86539,434712,#N/A,molecules1
molecules1,230511_Smp_E_3LG_T0,Pyridoxal,0.65,4779632,164627,3535992,#N/A,molecules1
molecules1,230511_Smp_E_3LG_T24,Pyridoxal,0.65,4943671,78200,2304859,#N/A,molecules1
molecules1,230511_Smp_E_3LG_T36,Pyridoxal,0.65,2066763,198822,1070978,#N/A,molecules1
molecules1,230511_Smp_E_3LG_T48,Pyridoxal,0.65,1291189,104476,483339,#N/A,molecules1
molecules1,230511_Smp_E_4LG_T0,Pyridoxal,0.66,3875479,60125,2160189,#N/A,molecules1
molecules1,230511_Smp_E_4LG_T24,Pyridoxal,0.65,4993830,114069,2271014,#N/A,molecules1
molecules1,230511_Smp_E_4LG_T36,Pyridoxal,0.65,2679310,96527,1164306,#N/A,molecules1
molecules1,230511_Smp_E_4LG_T48,Pyridoxal,0.7,1109469,61971,437376,#N/A,molecules1
molecules1,230511_Smp_E_8G_T48,Pyridoxal,0.71,2022450,139598,834967,#N/A,molecules1
molecules1,230511_Std_10nM_B12s_1,Pyridoxal,0.65,18376274,61264,12461262,#N/A,molecules1
molecules1,230511_Std_10nM_B12s_2,Pyridoxal,0.65,15439907,111026,9126119,#N/A,molecules1
molecules1,230511_Std_1nM_B12s_1,Pyridoxal,0.65,18592732,68690,12338588,#N/A,molecules1
molecules1,230511_Std_1nM_B12s_2,Pyridoxal,0.65,16078239,90828,9317597,#N/A,molecules1
molecules1,230511_Std_20nM_B12s_1,Pyridoxal,0.65,18542738,95312,12507793,#N/A,molecules1
molecules1,230511_Std_20nM_B12s_2,Pyridoxal,0.65,15634916,45905,9282413,#N/A,molecules1
molecules1,230511_Std_5nM_B12s_1,Pyridoxal,0.65,18000450,65655,12181986,#N/A,molecules1
molecules1,230511_Std_5nM_B12s_2,Pyridoxal,0.65,16255599,63605,9685626,#N/A,molecules1
molecules1,230511_Std_OnM_B12s_1,Pyridoxal,0.65,19106384,102358,12541808,#N/A,molecules1
molecules1,230511_Std_OnM_B12s_2,Pyridoxal,0.65,16726072,88933,9773942,#N/A,molecules1
molecules1,230511_Blk_DOM_blk_T0,Pyridoxamine,0.58,3474,0,1484,#N/A,molecules1
molecules1,230511_Blk_DOM_blk_T48,Pyridoxamine,0.61,680,33,813,#N/A,molecules1
molecules1,230511_Blk_Filter_blk_1,Pyridoxamine,0.58,1069,274,1191,#N/A,molecules1
molecules1,230511_Blk_Filter_blk_2,Pyridoxamine,0.61,986,1,1059,#N/A,molecules1
molecules1,230511_Blk_Media_blk,Pyridoxamine,0.59,5473,0,3267,#N/A,molecules1
molecules1,230511_Poo_TruePooMortality_Full1,Pyridoxamine,0.58,1445780,20231,1273777,#N/A,molecules1
molecules1,230511_Poo_TruePooMortality_Full2,Pyridoxamine,0.58,1517745,15427,1296868,#N/A,molecules1
molecules1,230511_Poo_TruePooMortality_Full3,Pyridoxamine,0.58,1669822,43765,1482549,#N/A,molecules1
molecules1,230511_Poo_TruePooMortality_Full4,Pyridoxamine,0.57,523328,2389,387036,#N/A,molecules1
molecules1,230511_Smp_A_1C_T0,Pyridoxamine,0.58,211280,12776,197438,#N/A,molecules1
molecules1,230511_Smp_A_1C_T12,Pyridoxamine,0.58,186024,8104,200452,#N/A,molecules1
molecules1,230511_Smp_A_1C_T18,Pyridoxamine,0.58,362723,9597,306898,#N/A,molecules1
molecules1,230511_Smp_A_1C_T24,Pyridoxamine,0.59,1359718,45176,1145863,#N/A,molecules1
molecules1,230511_Smp_A_1C_T30,Pyridoxamine,0.57,80373,214,41725,#N/A,molecules1
molecules1,230511_Smp_A_1C_T36,Pyridoxamine,0.58,9983558,197835,9342950,#N/A,molecules1
molecules1,230511_Smp_A_1C_T42,Pyridoxamine,0.58,1151657,24651,1166043,#N/A,molecules1
molecules1,230511_Smp_A_1C_T48,Pyridoxamine,0.58,2397389,96857,1910693,#N/A,molecules1
molecules1,230511_Smp_A_1C_T6,Pyridoxamine,0.58,182145,1983,131692,#N/A,molecules1
molecules1,230511_Smp_A_3LV_T0,Pyridoxamine,0.58,216485,2830,216999,#N/A,molecules1
molecules1,230511_Smp_A_3LV_T12,Pyridoxamine,0.58,126460,3217,132519,#N/A,molecules1
molecules1,230511_Smp_A_3LV_T24,Pyridoxamine,0.58,1492193,40945,1548700,#N/A,molecules1
molecules1,230511_Smp_A_3LV_T36,Pyridoxamine,0.58,11686438,253306,11114817,#N/A,molecules1
molecules1,230511_Smp_A_3LV_T48,Pyridoxamine,0.57,1229390,40180,873792,#N/A,molecules1
molecules1,230511_Smp_A_4LGV_T0,Pyridoxamine,0.58,228602,57,199103,#N/A,molecules1
molecules1,230511_Smp_A_4LGV_T12,Pyridoxamine,0.58,166254,394,182701,#N/A,molecules1
molecules1,230511_Smp_A_4LGV_T24,Pyridoxamine,0.58,270502,1582,252534,#N/A,molecules1
molecules1,230511_Smp_A_4LGV_T36,Pyridoxamine,0.59,80718,5027,59706,#N/A,molecules1
molecules1,230511_Smp_A_4LGV_T48,Pyridoxamine,0.58,136428,4141,132851,#N/A,molecules1
molecules1,230511_Smp_A_6HV_T0,Pyridoxamine,0.58,243433,15470,248133,#N/A,molecules1
molecules1,230511_Smp_A_6HV_T12,Pyridoxamine,0.58,153791,2077,117961,#N/A,molecules1
molecules1,230511_Smp_A_6HV_T24,Pyridoxamine,0.58,578383,10672,472277,#N/A,molecules1
molecules1,230511_Smp_A_6HV_T36,Pyridoxamine,0.58,6237996,152719,6189705,#N/A,molecules1
molecules1,230511_Smp_A_6HV_T48,Pyridoxamine,0.58,2634653,91794,2445204,#N/A,molecules1
molecules1,230511_Smp_A_8G_T0,Pyridoxamine,0.58,15510,3577,13548,#N/A,molecules1
molecules1,230511_Smp_A_8G_T48,Pyridoxamine,0.58,322032,140,236390,#N/A,molecules1
molecules1,230511_Smp_A_9V_T0,Pyridoxamine,0.6,2303,78,2262,#N/A,molecules1
molecules1,230511_Smp_B_1C_T0,Pyridoxamine,0.58,194811,0,162460,#N/A,molecules1
molecules1,230511_Smp_B_1C_T12,Pyridoxamine,0.58,241495,1888,244505,#N/A,molecules1
molecules1,230511_Smp_B_1C_T18,Pyridoxamine,0.57,494400,9137,328236,#N/A,molecules1
molecules1,230511_Smp_B_1C_T24,Pyridoxamine,0.58,1422882,48131,1475640,#N/A,molecules1
molecules1,230511_Smp_B_1C_T30,Pyridoxamine,0.58,754746,9882,760916,#N/A,molecules1
molecules1,230511_Smp_B_1C_T36,Pyridoxamine,0.58,2884483,73994,1947891,#N/A,molecules1
molecules1,230511_Smp_B_1C_T42,Pyridoxamine,0.57,1272124,31998,870632,#N/A,molecules1
molecules1,230511_Smp_B_1C_T48,Pyridoxamine,0.58,3670391,272326,3477846,#N/A,molecules1
molecules1,230511_Smp_B_1C_T6,Pyridoxamine,0.57,102725,0,70544,#N/A,molecules1
molecules1,230511_Smp_B_3LV_T0,Pyridoxamine,0.58,283133,9482,274422,#N/A,molecules1
molecules1,230511_Smp_B_3LV_T12,Pyridoxamine,0.58,258721,15226,210753,#N/A,molecules1
molecules1,230511_Smp_B_3LV_T24,Pyridoxamine,0.58,1918436,20876,1849663,#N/A,molecules1
molecules1,230511_Smp_B_3LV_T36,Pyridoxamine,0.58,15693910,292222,14906178,#N/A,molecules1
molecules1,230511_Smp_B_3LV_T48,Pyridoxamine,0.58,3635741,31177,3208566,#N/A,molecules1
molecules1,230511_Smp_B_4LGV_T0,Pyridoxamine,0.58,206287,10363,171877,#N/A,molecules1
molecules1,230511_Smp_B_4LGV_T12,Pyridoxamine,0.58,119370,0,80529,#N/A,molecules1
molecules1,230511_Smp_B_4LGV_T24,Pyridoxamine,0.55,0,0,0,#N/A,molecules1
molecules1,230511_Smp_B_4LGV_T36,Pyridoxamine,0.58,1636659,41225,1554731,#N/A,molecules1
molecules1,230511_Smp_B_4LGV_T48,Pyridoxamine,0.58,72314,924,47985,#N/A,molecules1
molecules1,230511_Smp_B_6HV_T0,Pyridoxamine,0.58,185135,2966,155070,#N/A,molecules1
molecules1,230511_Smp_B_6HV_T12,Pyridoxamine,0.58,150457,1224,111936,#N/A,molecules1
molecules1,230511_Smp_B_6HV_T24,Pyridoxamine,0.58,673499,10074,549837,#N/A,molecules1
molecules1,230511_Smp_B_6HV_T36,Pyridoxamine,0.57,4063485,141045,2924999,#N/A,molecules1
molecules1,230511_Smp_B_6HV_T48,Pyridoxamine,0.58,2546267,124579,2624725,#N/A,molecules1
molecules1,230511_Smp_C_1C_T0,Pyridoxamine,0.58,580330,14586,604299,#N/A,molecules1
molecules1,230511_Smp_C_1C_T12,Pyridoxamine,0.58,464761,2004,442421,#N/A,molecules1
molecules1,230511_Smp_C_1C_T18,Pyridoxamine,0.58,911245,24240,950704,#N/A,molecules1
molecules1,230511_Smp_C_1C_T24,Pyridoxamine,0.58,2123119,69710,2243964,#N/A,molecules1
molecules1,230511_Smp_C_1C_T30,Pyridoxamine,0.58,880724,5407,894599,#N/A,molecules1
molecules1,230511_Smp_C_1C_T36,Pyridoxamine,0.58,3551548,108927,2946432,#N/A,molecules1
molecules1,230511_Smp_C_1C_T42,Pyridoxamine,0.57,1541518,64846,1063554,#N/A,molecules1
molecules1,230511_Smp_C_1C_T48,Pyridoxamine,0.58,5394195,33823,5415241,#N/A,molecules1
molecules1,230511_Smp_C_1C_T6,Pyridoxamine,0.58,369298,28374,321581,#N/A,molecules1
molecules1,230511_Smp_C_3LV_T0,Pyridoxamine,0.58,378313,0,343071,#N/A,molecules1
molecules1,230511_Smp_C_3LV_T12,Pyridoxamine,0.59,496207,11294,405917,#N/A,molecules1
molecules1,230511_Smp_C_3LV_T24,Pyridoxamine,0.58,2329014,27930,2509979,#N/A,molecules1
molecules1,230511_Smp_C_3LV_T36,Pyridoxamine,0.58,3417452,62402,2953899,#N/A,molecules1
molecules1,230511_Smp_C_3LV_T48,Pyridoxamine,0.58,166537,14888,147349,#N/A,molecules1
molecules1,230511_Smp_C_4LGV_T0,Pyridoxamine,0.58,407836,3153,343025,#N/A,molecules1
molecules1,230511_Smp_C_4LGV_T12,Pyridoxamine,0.58,460134,0,403863,#N/A,molecules1
molecules1,230511_Smp_C_4LGV_T24,Pyridoxamine,0.58,293945,6710,211281,#N/A,molecules1
molecules1,230511_Smp_C_4LGV_T36,Pyridoxamine,0.58,75899,10537,68916,#N/A,molecules1
molecules1,230511_Smp_C_4LGV_T48,Pyridoxamine,0.58,113049,1359,64494,#N/A,molecules1
molecules1,230511_Smp_C_6HV_T0,Pyridoxamine,0.58,484927,5898,420213,#N/A,molecules1
molecules1,230511_Smp_C_6HV_T12,Pyridoxamine,0.58,571344,4053,532764,#N/A,molecules1
molecules1,230511_Smp_C_6HV_T24,Pyridoxamine,0.58,2447363,117769,2476257,#N/A,molecules1
molecules1,230511_Smp_C_6HV_T36,Pyridoxamine,0.58,2809973,30127,2516115,#N/A,molecules1
molecules1,230511_Smp_C_6HV_T48,Pyridoxamine,0.58,2877817,123199,2852662,#N/A,molecules1
molecules1,230511_Smp_E_2LG_T0,Pyridoxamine,0.58,457984,10984,462748,#N/A,molecules1
molecules1,230511_Smp_E_2LG_T24,Pyridoxamine,0.58,541812,16345,519184,#N/A,molecules1
molecules1,230511_Smp_E_2LG_T36,Pyridoxamine,0.58,229617,21365,220114,#N/A,molecules1
molecules1,230511_Smp_E_2LG_T48,Pyridoxamine,0.59,168590,14397,145426,#N/A,molecules1
molecules1,230511_Smp_E_3LG_T0,Pyridoxamine,0.58,506964,29800,518709,#N/A,molecules1
molecules1,230511_Smp_E_3LG_T24,Pyridoxamine,0.58,487793,14047,399128,#N/A,molecules1
molecules1,230511_Smp_E_3LG_T36,Pyridoxamine,0.58,229319,244,185008,#N/A,molecules1
molecules1,230511_Smp_E_3LG_T48,Pyridoxamine,0.58,172285,9578,125613,#N/A,molecules1
molecules1,230511_Smp_E_4LG_T0,Pyridoxamine,0.58,395813,131,353421,#N/A,molecules1
molecules1,230511_Smp_E_4LG_T24,Pyridoxamine,0.58,533770,2646,435675,#N/A,molecules1
molecules1,230511_Smp_E_4LG_T36,Pyridoxamine,0.58,273754,1126,218722,#N/A,molecules1
molecules1,230511_Smp_E_4LG_T48,Pyridoxamine,0.58,172051,19177,156891,#N/A,molecules1
molecules1,230511_Smp_E_8G_T48,Pyridoxamine,0.58,352834,29854,302276,#N/A,molecules1
molecules1,230511_Std_10nM_B12s_1,Pyridoxamine,0.58,1231604,40776,1071550,#N/A,molecules1
molecules1,230511_Std_10nM_B12s_2,Pyridoxamine,0.58,1222211,82302,1155951,#N/A,molecules1
molecules1,230511_Std_1nM_B12s_1,Pyridoxamine,0.57,1223844,25552,1027501,#N/A,molecules1
molecules1,230511_Std_1nM_B12s_2,Pyridoxamine,0.58,1372783,63220,1245222,#N/A,molecules1
molecules1,230511_Std_20nM_B12s_1,Pyridoxamine,0.58,1225743,34738,1076621,#N/A,molecules1
molecules1,230511_Std_20nM_B12s_2,Pyridoxamine,0.58,1184559,7780,1006889,#N/A,molecules1
molecules1,230511_Std_5nM_B12s_1,Pyridoxamine,0.58,1315493,5032,1088593,#N/A,molecules1
molecules1,230511_Std_5nM_B12s_2,Pyridoxamine,0.58,1408195,6684,1220739,#N/A,molecules1
molecules1,230511_Std_OnM_B12s_1,Pyridoxamine,0.58,1385973,19519,1148157,#N/A,molecules1
molecules1,230511_Std_OnM_B12s_2,Pyridoxamine,0.58,1310517,23159,1123769,#N/A,molecules1
molecules1,230511_Blk_DOM_blk_T0,Pyridoxamine,0.57,2680,472,1902,#N/A,molecules1
molecules1,230511_Blk_DOM_blk_T48,Pyridoxamine,0.63,2706,303,1882,#N/A,molecules1
molecules1,230511_Blk_Filter_blk_1,Pyridoxamine,0.54,2028,14,2072,#N/A,molecules1
molecules1,230511_Blk_Filter_blk_2,Pyridoxamine,0.57,3213,1,3723,#N/A,molecules1
molecules1,230511_Blk_Media_blk,Pyridoxamine,0.57,1960,260,1240,#N/A,molecules1
molecules1,230511_Poo_TruePooMortality_Full1,Pyridoxamine,0.58,150009,36,131230,#N/A,molecules1
molecules1,230511_Poo_TruePooMortality_Full2,Pyridoxamine,0.58,178080,1293,141722,#N/A,molecules1
molecules1,230511_Poo_TruePooMortality_Full3,Pyridoxamine,0.58,184539,13041,161928,#N/A,molecules1
molecules1,230511_Poo_TruePooMortality_Full4,Pyridoxamine,0.57,65829,1309,42457,#N/A,molecules1
molecules1,230511_Smp_A_1C_T0,Pyridoxamine,0.58,29215,0,31155,#N/A,molecules1
molecules1,230511_Smp_A_1C_T12,Pyridoxamine,0.58,21707,3029,22005,#N/A,molecules1
molecules1,230511_Smp_A_1C_T18,Pyridoxamine,0.58,45836,0,36404,#N/A,molecules1
molecules1,230511_Smp_A_1C_T24,Pyridoxamine,0.58,165767,3878,176798,#N/A,molecules1
molecules1,230511_Smp_A_1C_T30,Pyridoxamine,0.59,8721,0,3425,#N/A,molecules1
molecules1,230511_Smp_A_1C_T36,Pyridoxamine,0.58,1142664,5560,1028894,#N/A,molecules1
molecules1,230511_Smp_A_1C_T42,Pyridoxamine,0.58,131436,5210,125027,#N/A,molecules1
molecules1,230511_Smp_A_1C_T48,Pyridoxamine,0.58,289120,2075,209268,#N/A,molecules1
molecules1,230511_Smp_A_1C_T6,Pyridoxamine,0.58,22461,0,12982,#N/A,molecules1
molecules1,230511_Smp_A_3LV_T0,Pyridoxamine,0.58,31744,147,23250,#N/A,molecules1
molecules1,230511_Smp_A_3LV_T12,Pyridoxamine,0.58,15234,42,15270,#N/A,molecules1
molecules1,230511_Smp_A_3LV_T24,Pyridoxamine,0.58,158775,8830,170570,#N/A,molecules1
molecules1,230511_Smp_A_3LV_T36,Pyridoxamine,0.58,1286522,29267,1258982,#N/A,molecules1
molecules1,230511_Smp_A_3LV_T48,Pyridoxamine,0.57,122620,11599,88532,#N/A,molecules1
molecules1,230511_Smp_A_4LGV_T0,Pyridoxamine,0.58,27832,0,18011,#N/A,molecules1
molecules1,230511_Smp_A_4LGV_T12,Pyridoxamine,0.58,25001,117,18104,#N/A,molecules1
molecules1,230511_Smp_A_4LGV_T24,Pyridoxamine,0.58,40809,49,41956,#N/A,molecules1
molecules1,230511_Smp_A_4LGV_T36,Pyridoxamine,0.59,13408,83,5835,#N/A,molecules1
molecules1,230511_Smp_A_4LGV_T48,Pyridoxamine,0.59,13471,95,8680,#N/A,molecules1
molecules1,230511_Smp_A_6HV_T0,Pyridoxamine,0.58,36905,99,36564,#N/A,molecules1
molecules1,230511_Smp_A_6HV_T12,Pyridoxamine,0.58,16359,540,8698,#N/A,molecules1
molecules1,230511_Smp_A_6HV_T24,Pyridoxamine,0.58,78030,135,64242,#N/A,molecules1
molecules1,230511_Smp_A_6HV_T36,Pyridoxamine,0.58,687818,22381,689573,#N/A,molecules1
molecules1,230511_Smp_A_6HV_T48,Pyridoxamine,0.58,312095,10993,289706,#N/A,molecules1
molecules1,230511_Smp_A_8G_T0,Pyridoxamine,0.57,6752,168,4823,#N/A,molecules1
molecules1,230511_Smp_A_8G_T48,Pyridoxamine,0.58,36565,150,28772,#N/A,molecules1
molecules1,230511_Smp_A_9V_T0,Pyridoxamine,0.58,406,2624,1044,#N/A,molecules1
molecules1,230511_Smp_B_1C_T0,Pyridoxamine,0.58,22171,120,14893,#N/A,molecules1
molecules1,230511_Smp_B_1C_T12,Pyridoxamine,0.58,30153,305,25373,#N/A,molecules1
molecules1,230511_Smp_B_1C_T18,Pyridoxamine,0.57,52355,46,31397,#N/A,molecules1
molecules1,230511_Smp_B_1C_T24,Pyridoxamine,0.58,170434,184,160798,#N/A,molecules1
molecules1,230511_Smp_B_1C_T30,Pyridoxamine,0.58,90599,125,74741,#N/A,molecules1
molecules1,230511_Smp_B_1C_T36,Pyridoxamine,0.58,360348,2138,251812,#N/A,molecules1
molecules1,230511_Smp_B_1C_T42,Pyridoxamine,0.57,139803,2122,97376,#N/A,molecules1
molecules1,230511_Smp_B_1C_T48,Pyridoxamine,0.58,417518,25411,379608,#N/A,molecules1
molecules1,230511_Smp_B_1C_T6,Pyridoxamine,0.57,19990,0,8714,#N/A,molecules1
molecules1,230511_Smp_B_3LV_T0,Pyridoxamine,0.58,35810,1743,35155,#N/A,molecules1
molecules1,230511_Smp_B_3LV_T12,Pyridoxamine,0.58,39099,193,29241,#N/A,molecules1
molecules1,230511_Smp_B_3LV_T24,Pyridoxamine,0.58,231260,898,204559,#N/A,molecules1
molecules1,230511_Smp_B_3LV_T36,Pyridoxamine,0.58,1771217,25234,1679808,#N/A,molecules1
molecules1,230511_Smp_B_3LV_T48,Pyridoxamine,0.58,409895,5250,381128,#N/A,molecules1
molecules1,230511_Smp_B_4LGV_T0,Pyridoxamine,0.58,22570,0,15793,#N/A,molecules1
molecules1,230511_Smp_B_4LGV_T12,Pyridoxamine,0.58,20361,5160,19350,#N/A,molecules1
molecules1,230511_Smp_B_4LGV_T24,Pyridoxamine,0.59,45,17,33,#N/A,molecules1
molecules1,230511_Smp_B_4LGV_T36,Pyridoxamine,0.58,195274,4078,192004,#N/A,molecules1
molecules1,230511_Smp_B_4LGV_T48,Pyridoxamine,0.59,13174,0,9599,#N/A,molecules1
molecules1,230511_Smp_B_6HV_T0,Pyridoxamine,0.58,24931,918,22294,#N/A,molecules1
molecules1,230511_Smp_B_6HV_T12,Pyridoxamine,0.58,26190,134,21348,#N/A,molecules1
molecules1,230511_Smp_B_6HV_T24,Pyridoxamine,0.58,87711,261,69354,#N/A,molecules1
molecules1,230511_Smp_B_6HV_T36,Pyridoxamine,0.57,473207,18943,341463,#N/A,molecules1
molecules1,230511_Smp_B_6HV_T48,Pyridoxamine,0.58,286536,18187,295030,#N/A,molecules1
molecules1,230511_Smp_C_1C_T0,Pyridoxamine,0.58,48523,1389,44219,#N/A,molecules1
molecules1,230511_Smp_C_1C_T12,Pyridoxamine,0.58,52252,3562,50735,#N/A,molecules1
molecules1,230511_Smp_C_1C_T18,Pyridoxamine,0.58,85650,3135,82347,#N/A,molecules1
molecules1,230511_Smp_C_1C_T24,Pyridoxamine,0.58,236297,5199,254272,#N/A,molecules1
molecules1,230511_Smp_C_1C_T30,Pyridoxamine,0.58,97162,506,95854,#N/A,molecules1
molecules1,230511_Smp_C_1C_T36,Pyridoxamine,0.58,410907,728,335387,#N/A,molecules1
molecules1,230511_Smp_C_1C_T42,Pyridoxamine,0.57,178671,42,122070,#N/A,molecules1
molecules1,230511_Smp_C_1C_T48,Pyridoxamine,0.58,626553,19051,599552,#N/A,molecules1
molecules1,230511_Smp_C_1C_T6,Pyridoxamine,0.57,42059,5705,37017,#N/A,molecules1
molecules1,230511_Smp_C_3LV_T0,Pyridoxamine,0.58,49548,109,38511,#N/A,molecules1
molecules1,230511_Smp_C_3LV_T12,Pyridoxamine,0.59,68738,1613,66558,#N/A,molecules1
molecules1,230511_Smp_C_3LV_T24,Pyridoxamine,0.58,231410,5042,205885,#N/A,molecules1
molecules1,230511_Smp_C_3LV_T36,Pyridoxamine,0.58,359754,22548,333179,#N/A,molecules1
molecules1,230511_Smp_C_3LV_T48,Pyridoxamine,0.58,14546,10534,15789,#N/A,molecules1
molecules1,230511_Smp_C_4LGV_T0,Pyridoxamine,0.58,39625,2658,32745,#N/A,molecules1
molecules1,230511_Smp_C_4LGV_T12,Pyridoxamine,0.58,60496,0,52627,#N/A,molecules1
molecules1,230511_Smp_C_4LGV_T24,Pyridoxamine,0.58,30899,72,23448,#N/A,molecules1
molecules1,230511_Smp_C_4LGV_T36,Pyridoxamine,0.59,10728,1967,7708,#N/A,molecules1
molecules1,230511_Smp_C_4LGV_T48,Pyridoxamine,0.58,12875,21,5764,#N/A,molecules1
molecules1,230511_Smp_C_6HV_T0,Pyridoxamine,0.58,61632,0,49226,#N/A,molecules1
molecules1,230511_Smp_C_6HV_T12,Pyridoxamine,0.58,73039,119,59639,#N/A,molecules1
molecules1,230511_Smp_C_6HV_T24,Pyridoxamine,0.58,287536,11991,297407,#N/A,molecules1
molecules1,230511_Smp_C_6HV_T36,Pyridoxamine,0.58,317933,5568,271818,#N/A,molecules1
molecules1,230511_Smp_C_6HV_T48,Pyridoxamine,0.58,329285,7335,311476,#N/A,molecules1
molecules1,230511_Smp_E_2LG_T0,Pyridoxamine,0.58,42959,798,32766,#N/A,molecules1
molecules1,230511_Smp_E_2LG_T24,Pyridoxamine,0.58,70635,0,68027,#N/A,molecules1
molecules1,230511_Smp_E_2LG_T36,Pyridoxamine,0.58,36371,150,32853,#N/A,molecules1
molecules1,230511_Smp_E_2LG_T48,Pyridoxamine,0.59,21380,0,12932,#N/A,molecules1
molecules1,230511_Smp_E_3LG_T0,Pyridoxamine,0.59,53513,2930,44224,#N/A,molecules1
molecules1,230511_Smp_E_3LG_T24,Pyridoxamine,0.58,44277,1438,30255,#N/A,molecules1
molecules1,230511_Smp_E_3LG_T36,Pyridoxamine,0.58,32563,144,23489,#N/A,molecules1
molecules1,230511_Smp_E_3LG_T48,Pyridoxamine,0.57,23536,3872,15201,#N/A,molecules1
molecules1,230511_Smp_E_4LG_T0,Pyridoxamine,0.58,41931,0,34471,#N/A,molecules1
molecules1,230511_Smp_E_4LG_T24,Pyridoxamine,0.58,50189,0,31041,#N/A,molecules1
molecules1,230511_Smp_E_4LG_T36,Pyridoxamine,0.58,38025,138,27694,#N/A,molecules1
molecules1,230511_Smp_E_4LG_T48,Pyridoxamine,0.58,23765,1,18278,#N/A,molecules1
molecules1,230511_Smp_E_8G_T48,Pyridoxamine,0.58,42160,10708,33465,#N/A,molecules1
molecules1,230511_Std_10nM_B12s_1,Pyridoxamine,0.58,148649,2502,123388,#N/A,molecules1
molecules1,230511_Std_10nM_B12s_2,Pyridoxamine,0.58,143643,10697,143668,#N/A,molecules1
molecules1,230511_Std_1nM_B12s_1,Pyridoxamine,0.58,146324,5182,112982,#N/A,molecules1
molecules1,230511_Std_1nM_B12s_2,Pyridoxamine,0.58,153110,11509,130150,#N/A,molecules1
molecules1,230511_Std_20nM_B12s_1,Pyridoxamine,0.58,155024,163,132667,#N/A,molecules1
molecules1,230511_Std_20nM_B12s_2,Pyridoxamine,0.58,129556,2662,111688,#N/A,molecules1
molecules1,230511_Std_5nM_B12s_1,Pyridoxamine,0.58,150687,1495,130286,#N/A,molecules1
molecules1,230511_Std_5nM_B12s_2,Pyridoxamine,0.58,161495,715,132982,#N/A,molecules1
molecules1,230511_Std_OnM_B12s_1,Pyridoxamine,0.58,165773,161,141043,#N/A,molecules1
molecules1,230511_Std_OnM_B12s_2,Pyridoxamine,0.58,153958,0,130085,#N/A,molecules1
molecules1,230511_Blk_DOM_blk_T0,Vitamin B1,0.66,75033,175,43888,#N/A,molecules1
molecules1,230511_Blk_DOM_blk_T48,Vitamin B1,0.66,133814,92,91258,#N/A,molecules1
molecules1,230511_Blk_Filter_blk_1,Vitamin B1,0.66,72775,0,40336,#N/A,molecules1
molecules1,230511_Blk_Filter_blk_2,Vitamin B1,0.66,77513,99,30684,#N/A,molecules1
molecules1,230511_Blk_Media_blk,Vitamin B1,0.65,101963,73,75564,#N/A,molecules1
molecules1,230511_Poo_TruePooMortality_Full1,Vitamin B1,0.65,793262,6715,619192,#N/A,molecules1
molecules1,230511_Poo_TruePooMortality_Full2,Vitamin B1,0.66,896396,10544,656412,#N/A,molecules1
molecules1,230511_Poo_TruePooMortality_Full3,Vitamin B1,0.66,1025883,27451,716067,#N/A,molecules1
molecules1,230511_Poo_TruePooMortality_Full4,Vitamin B1,0.59,177512,4193,159183,#N/A,molecules1
molecules1,230511_Smp_A_1C_T0,Vitamin B1,0.67,168640,6936,84819,#N/A,molecules1
molecules1,230511_Smp_A_1C_T12,Vitamin B1,0.66,171058,0,113360,#N/A,molecules1
molecules1,230511_Smp_A_1C_T18,Vitamin B1,0.66,174863,263,102465,#N/A,molecules1
molecules1,230511_Smp_A_1C_T24,Vitamin B1,0.66,277136,1435,169361,#N/A,molecules1
molecules1,230511_Smp_A_1C_T30,Vitamin B1,0.66,205146,0,107216,#N/A,molecules1
molecules1,230511_Smp_A_1C_T36,Vitamin B1,0.66,1502208,45948,1139390,#N/A,molecules1
molecules1,230511_Smp_A_1C_T42,Vitamin B1,0.66,203719,9744,152806,#N/A,molecules1
molecules1,230511_Smp_A_1C_T48,Vitamin B1,0.66,781896,24505,536736,#N/A,molecules1
molecules1,230511_Smp_A_1C_T6,Vitamin B1,0.66,285878,0,126976,#N/A,molecules1
molecules1,230511_Smp_A_3LV_T0,Vitamin B1,0.66,136802,1975,74551,#N/A,molecules1
molecules1,230511_Smp_A_3LV_T12,Vitamin B1,0.66,136755,213,82928,#N/A,molecules1
molecules1,230511_Smp_A_3LV_T24,Vitamin B1,0.66,237344,0,158528,#N/A,molecules1
molecules1,230511_Smp_A_3LV_T36,Vitamin B1,0.66,3004072,50507,2008193,#N/A,molecules1
molecules1,230511_Smp_A_3LV_T48,Vitamin B1,0.66,1181120,27114,774286,#N/A,molecules1
molecules1,230511_Smp_A_4LGV_T0,Vitamin B1,0.66,254115,701,146338,#N/A,molecules1
molecules1,230511_Smp_A_4LGV_T12,Vitamin B1,0.66,114391,1612,76702,#N/A,molecules1
molecules1,230511_Smp_A_4LGV_T24,Vitamin B1,0.66,205710,7615,143847,#N/A,molecules1
molecules1,230511_Smp_A_4LGV_T36,Vitamin B1,0.66,161670,4528,109855,#N/A,molecules1
molecules1,230511_Smp_A_4LGV_T48,Vitamin B1,0.66,242996,0,183744,#N/A,molecules1
molecules1,230511_Smp_A_6HV_T0,Vitamin B1,0.66,146566,2865,92914,#N/A,molecules1
molecules1,230511_Smp_A_6HV_T12,Vitamin B1,0.66,278454,3958,150025,#N/A,molecules1
molecules1,230511_Smp_A_6HV_T24,Vitamin B1,0.66,188288,8885,113787,#N/A,molecules1
molecules1,230511_Smp_A_6HV_T36,Vitamin B1,0.66,24569494,7425,19605774,#N/A,molecules1
molecules1,230511_Smp_A_6HV_T48,Vitamin B1,0.66,13016580,50194,9348676,#N/A,molecules1
molecules1,230511_Smp_A_8G_T0,Vitamin B1,0.66,194889,4118,103110,#N/A,molecules1
molecules1,230511_Smp_A_8G_T48,Vitamin B1,0.66,421851,10463,308529,#N/A,molecules1
molecules1,230511_Smp_A_9V_T0,Vitamin B1,0.66,108972,897,65121,#N/A,molecules1
molecules1,230511_Smp_B_1C_T0,Vitamin B1,0.66,190054,2271,107790,#N/A,molecules1
molecules1,230511_Smp_B_1C_T12,Vitamin B1,0.66,190086,4410,108336,#N/A,molecules1
molecules1,230511_Smp_B_1C_T18,Vitamin B1,0.65,477405,4451,313617,#N/A,molecules1
molecules1,230511_Smp_B_1C_T24,Vitamin B1,0.66,150533,99,94715,#N/A,molecules1
molecules1,230511_Smp_B_1C_T30,Vitamin B1,0.66,152231,0,92800,#N/A,molecules1
molecules1,230511_Smp_B_1C_T36,Vitamin B1,0.66,4139804,2286,3181107,#N/A,molecules1
molecules1,230511_Smp_B_1C_T42,Vitamin B1,0.66,501133,0,291392,#N/A,molecules1
molecules1,230511_Smp_B_1C_T48,Vitamin B1,0.66,383188,11639,297507,#N/A,molecules1
molecules1,230511_Smp_B_1C_T6,Vitamin B1,0.66,274981,6392,162639,#N/A,molecules1
molecules1,230511_Smp_B_3LV_T0,Vitamin B1,0.66,183759,0,104016,#N/A,molecules1
molecules1,230511_Smp_B_3LV_T12,Vitamin B1,0.66,101259,0,79760,#N/A,molecules1
molecules1,230511_Smp_B_3LV_T24,Vitamin B1,0.66,224053,3106,133667,#N/A,molecules1
molecules1,230511_Smp_B_3LV_T36,Vitamin B1,0.66,24542822,57955,18288592,#N/A,molecules1
molecules1,230511_Smp_B_3LV_T48,Vitamin B1,0.66,4560677,6295,3414724,#N/A,molecules1
molecules1,230511_Smp_B_4LGV_T0,Vitamin B1,0.66,168688,0,94016,#N/A,molecules1
molecules1,230511_Smp_B_4LGV_T12,Vitamin B1,0.66,130240,0,72960,#N/A,molecules1
molecules1,230511_Smp_B_4LGV_T24,Vitamin B1,0.65,14,0,24,#N/A,molecules1
molecules1,230511_Smp_B_4LGV_T36,Vitamin B1,0.66,1931632,48182,1476620,#N/A,molecules1
molecules1,230511_Smp_B_4LGV_T48,Vitamin B1,0.66,378464,19706,293185,#N/A,molecules1
molecules1,230511_Smp_B_6HV_T0,Vitamin B1,0.66,152132,0,76768,#N/A,molecules1
molecules1,230511_Smp_B_6HV_T12,Vitamin B1,0.66,160868,78,90979,#N/A,molecules1
molecules1,230511_Smp_B_6HV_T24,Vitamin B1,0.66,613986,7357,407558,#N/A,molecules1
molecules1,230511_Smp_B_6HV_T36,Vitamin B1,0.66,56035280,16479,42922756,#N/A,molecules1
molecules1,230511_Smp_B_6HV_T48,Vitamin B1,0.66,2414990,32111,1867341,#N/A,molecules1
molecules1,230511_Smp_C_1C_T0,Vitamin B1,0.66,209334,0,144320,#N/A,molecules1
molecules1,230511_Smp_C_1C_T12,Vitamin B1,0.66,163928,1656,116553,#N/A,molecules1
molecules1,230511_Smp_C_1C_T18,Vitamin B1,0.66,192545,1995,141086,#N/A,molecules1
molecules1,230511_Smp_C_1C_T24,Vitamin B1,0.66,166569,4282,117085,#N/A,molecules1
molecules1,230511_Smp_C_1C_T30,Vitamin B1,0.66,183850,4783,106246,#N/A,molecules1
molecules1,230511_Smp_C_1C_T36,Vitamin B1,0.66,480667,4347,328331,#N/A,molecules1
molecules1,230511_Smp_C_1C_T42,Vitamin B1,0.66,755254,24618,424678,#N/A,molecules1
molecules1,230511_Smp_C_1C_T48,Vitamin B1,0.66,276363,4780,187132,#N/A,molecules1
molecules1,230511_Smp_C_1C_T6,Vitamin B1,0.66,333265,3195,192088,#N/A,molecules1
molecules1,230511_Smp_C_3LV_T0,Vitamin B1,0.66,255069,126,142123,#N/A,molecules1
molecules1,230511_Smp_C_3LV_T12,Vitamin B1,0.66,159180,0,110560,#N/A,molecules1
molecules1,230511_Smp_C_3LV_T24,Vitamin B1,0.66,209560,2954,145430,#N/A,molecules1
molecules1,230511_Smp_C_3LV_T36,Vitamin B1,0.66,856093,2276,633087,#N/A,molecules1
molecules1,230511_Smp_C_3LV_T48,Vitamin B1,0.66,435873,29525,345314,#N/A,molecules1
molecules1,230511_Smp_C_4LGV_T0,Vitamin B1,0.66,260560,0,137856,#N/A,molecules1
molecules1,230511_Smp_C_4LGV_T12,Vitamin B1,0.66,208558,0,158208,#N/A,molecules1
molecules1,230511_Smp_C_4LGV_T24,Vitamin B1,0.66,595678,2423,395550,#N/A,molecules1
molecules1,230511_Smp_C_4LGV_T36,Vitamin B1,0.65,461851,10892,330402,#N/A,molecules1
molecules1,230511_Smp_C_4LGV_T48,Vitamin B1,0.66,1087764,25394,851687,#N/A,molecules1
molecules1,230511_Smp_C_6HV_T0,Vitamin B1,0.66,227104,1232,129620,#N/A,molecules1
molecules1,230511_Smp_C_6HV_T12,Vitamin B1,0.66,197246,6952,154175,#N/A,molecules1
molecules1,230511_Smp_C_6HV_T24,Vitamin B1,0.66,985453,5366,754989,#N/A,molecules1
molecules1,230511_Smp_C_6HV_T36,Vitamin B1,0.66,7618691,70451,5596712,#N/A,molecules1
molecules1,230511_Smp_C_6HV_T48,Vitamin B1,0.66,10090219,115153,7824852,#N/A,molecules1
molecules1,230511_Smp_E_2LG_T0,Vitamin B1,0.66,285320,4486,144884,#N/A,molecules1
molecules1,230511_Smp_E_2LG_T24,Vitamin B1,0.66,426667,88,322280,#N/A,molecules1
molecules1,230511_Smp_E_2LG_T36,Vitamin B1,0.66,517015,8854,356346,#N/A,molecules1
molecules1,230511_Smp_E_2LG_T48,Vitamin B1,0.66,738179,13184,493960,#N/A,molecules1
molecules1,230511_Smp_E_3LG_T0,Vitamin B1,0.66,110358,0,67472,#N/A,molecules1
molecules1,230511_Smp_E_3LG_T24,Vitamin B1,0.66,393530,0,267264,#N/A,molecules1
molecules1,230511_Smp_E_3LG_T36,Vitamin B1,0.66,556593,132,345256,#N/A,molecules1
molecules1,230511_Smp_E_3LG_T48,Vitamin B1,0.65,826011,13534,663167,#N/A,molecules1
molecules1,230511_Smp_E_4LG_T0,Vitamin B1,0.66,234963,0,133696,#N/A,molecules1
molecules1,230511_Smp_E_4LG_T24,Vitamin B1,0.66,542562,0,355584,#N/A,molecules1
molecules1,230511_Smp_E_4LG_T36,Vitamin B1,0.66,517068,294,343695,#N/A,molecules1
molecules1,230511_Smp_E_4LG_T48,Vitamin B1,0.66,1254956,12552,883726,#N/A,molecules1
molecules1,230511_Smp_E_8G_T48,Vitamin B1,0.66,801156,8828,682801,#N/A,molecules1
molecules1,230511_Std_10nM_B12s_1,Vitamin B1,0.65,912429,17203,685683,#N/A,molecules1
molecules1,230511_Std_10nM_B12s_2,Vitamin B1,0.66,1041774,11793,765366,#N/A,molecules1
molecules1,230511_Std_1nM_B12s_1,Vitamin B1,0.65,945468,19246,754073,#N/A,molecules1
molecules1,230511_Std_1nM_B12s_2,Vitamin B1,0.66,1128893,24510,830367,#N/A,molecules1
molecules1,230511_Std_20nM_B12s_1,Vitamin B1,0.66,858142,17744,607335,#N/A,molecules1
molecules1,230511_Std_20nM_B12s_2,Vitamin B1,0.66,944832,10234,682176,#N/A,molecules1
molecules1,230511_Std_5nM_B12s_1,Vitamin B1,0.65,919261,21150,677738,#N/A,molecules1
molecules1,230511_Std_5nM_B12s_2,Vitamin B1,0.66,1134043,5710,759801,#N/A,molecules1
molecules1,230511_Std_OnM_B12s_1,Vitamin B1,0.65,1014094,10578,867867,#N/A,molecules1
molecules1,230511_Std_OnM_B12s_2,Vitamin B1,0.66,1100749,14856,800226,#N/A,molecules1
molecules1,230511_Blk_DOM_blk_T0,Vitamin B1,0.66,289088,0,169728,#N/A,molecules1
molecules1,230511_Blk_DOM_blk_T48,Vitamin B1,0.66,407885,5550,228751,#N/A,molecules1
molecules1,230511_Blk_Filter_blk_1,Vitamin B1,0.66,291385,115,131690,#N/A,molecules1
molecules1,230511_Blk_Filter_blk_2,Vitamin B1,0.66,260354,3010,122929,#N/A,molecules1
molecules1,230511_Blk_Media_blk,Vitamin B1,0.66,388322,2815,292766,#N/A,molecules1
molecules1,230511_Poo_TruePooMortality_Full1,Vitamin B1,0.65,3136685,34181,2428935,#N/A,molecules1
molecules1,230511_Poo_TruePooMortality_Full2,Vitamin B1,0.66,3427774,36143,2510068,#N/A,molecules1
molecules1,230511_Poo_TruePooMortality_Full3,Vitamin B1,0.66,4062619,60461,2814120,#N/A,molecules1
molecules1,230511_Poo_TruePooMortality_Full4,Vitamin B1,0.59,779531,24489,860414,#N/A,molecules1
molecules1,230511_Smp_A_1C_T0,Vitamin B1,0.66,557586,10624,350544,#N/A,molecules1
molecules1,230511_Smp_A_1C_T12,Vitamin B1,0.66,506152,7003,355315,#N/A,molecules1
molecules1,230511_Smp_A_1C_T18,Vitamin B1,0.66,642984,0,495296,#N/A,molecules1
molecules1,230511_Smp_A_1C_T24,Vitamin B1,0.66,1072485,120,703724,#N/A,molecules1
molecules1,230511_Smp_A_1C_T30,Vitamin B1,0.65,613552,0,372288,#N/A,molecules1
molecules1,230511_Smp_A_1C_T36,Vitamin B1,0.66,6100722,61761,4379132,#N/A,molecules1
molecules1,230511_Smp_A_1C_T42,Vitamin B1,0.66,782557,8268,524576,#N/A,molecules1
molecules1,230511_Smp_A_1C_T48,Vitamin B1,0.66,3002938,35099,2125521,#N/A,molecules1
molecules1,230511_Smp_A_1C_T6,Vitamin B1,0.66,757620,2331,375233,#N/A,molecules1
molecules1,230511_Smp_A_3LV_T0,Vitamin B1,0.66,461189,3366,282330,#N/A,molecules1
molecules1,230511_Smp_A_3LV_T12,Vitamin B1,0.66,459425,1482,338418,#N/A,molecules1
molecules1,230511_Smp_A_3LV_T24,Vitamin B1,0.66,946851,0,652288,#N/A,molecules1
molecules1,230511_Smp_A_3LV_T36,Vitamin B1,0.66,12368015,45690,8178562,#N/A,molecules1
molecules1,230511_Smp_A_3LV_T48,Vitamin B1,0.66,4720400,29629,3197912,#N/A,molecules1
molecules1,230511_Smp_A_4LGV_T0,Vitamin B1,0.66,740181,1602,473047,#N/A,molecules1
molecules1,230511_Smp_A_4LGV_T12,Vitamin B1,0.66,407076,0,262720,#N/A,molecules1
molecules1,230511_Smp_A_4LGV_T24,Vitamin B1,0.66,774380,12892,502563,#N/A,molecules1
molecules1,230511_Smp_A_4LGV_T36,Vitamin B1,0.66,542568,16915,419117,#N/A,molecules1
molecules1,230511_Smp_A_4LGV_T48,Vitamin B1,0.66,896508,8452,667385,#N/A,molecules1
molecules1,230511_Smp_A_6HV_T0,Vitamin B1,0.65,526760,5830,351838,#N/A,molecules1
molecules1,230511_Smp_A_6HV_T12,Vitamin B1,0.66,708394,4158,393385,#N/A,molecules1
molecules1,230511_Smp_A_6HV_T24,Vitamin B1,0.66,749592,15478,491192,#N/A,molecules1
molecules1,230511_Smp_A_6HV_T36,Vitamin B1,0.66,99038744,23319,80783920,#N/A,molecules1
molecules1,230511_Smp_A_6HV_T48,Vitamin B1,0.66,52854468,232194,38026992,#N/A,molecules1
molecules1,230511_Smp_A_8G_T0,Vitamin B1,0.66,495939,12983,295003,#N/A,molecules1
molecules1,230511_Smp_A_8G_T48,Vitamin B1,0.66,1621258,0,1215488,#N/A,molecules1
molecules1,230511_Smp_A_9V_T0,Vitamin B1,0.66,371945,3406,226859,#N/A,molecules1
molecules1,230511_Smp_B_1C_T0,Vitamin B1,0.66,602491,2071,365671,#N/A,molecules1
molecules1,230511_Smp_B_1C_T12,Vitamin B1,0.66,624756,3767,347440,#N/A,molecules1
molecules1,230511_Smp_B_1C_T18,Vitamin B1,0.65,1644401,8049,1220579,#N/A,molecules1
molecules1,230511_Smp_B_1C_T24,Vitamin B1,0.66,554806,9917,336193,#N/A,molecules1
molecules1,230511_Smp_B_1C_T30,Vitamin B1,0.66,572076,84,431276,#N/A,molecules1
molecules1,230511_Smp_B_1C_T36,Vitamin B1,0.66,16955030,23164,13311425,#N/A,molecules1
molecules1,230511_Smp_B_1C_T42,Vitamin B1,0.66,1611136,13471,1168420,#N/A,molecules1
molecules1,230511_Smp_B_1C_T48,Vitamin B1,0.66,1575280,27170,1253348,#N/A,molecules1
molecules1,230511_Smp_B_1C_T6,Vitamin B1,0.66,752315,9317,423586,#N/A,molecules1
molecules1,230511_Smp_B_3LV_T0,Vitamin B1,0.66,668322,8898,466650,#N/A,molecules1
molecules1,230511_Smp_B_3LV_T12,Vitamin B1,0.66,387263,0,245120,#N/A,molecules1
molecules1,230511_Smp_B_3LV_T24,Vitamin B1,0.66,928420,2084,604053,#N/A,molecules1
molecules1,230511_Smp_B_3LV_T36,Vitamin B1,0.66,99483752,170105,71250576,#N/A,molecules1
molecules1,230511_Smp_B_3LV_T48,Vitamin B1,0.66,19222984,14827,14885804,#N/A,molecules1
molecules1,230511_Smp_B_4LGV_T0,Vitamin B1,0.66,547224,0,351424,#N/A,molecules1
molecules1,230511_Smp_B_4LGV_T12,Vitamin B1,0.66,474486,1185,327477,#N/A,molecules1
molecules1,230511_Smp_B_4LGV_T24,Vitamin B1,0.66,8,0,20,#N/A,molecules1
molecules1,230511_Smp_B_4LGV_T36,Vitamin B1,0.66,7817557,128557,6025916,#N/A,molecules1
molecules1,230511_Smp_B_4LGV_T48,Vitamin B1,0.66,1677016,32651,1318289,#N/A,molecules1
molecules1,230511_Smp_B_6HV_T0,Vitamin B1,0.66,505449,0,280704,#N/A,molecules1
molecules1,230511_Smp_B_6HV_T12,Vitamin B1,0.66,534771,2941,277654,#N/A,molecules1
molecules1,230511_Smp_B_6HV_T24,Vitamin B1,0.66,2248567,26804,1545319,#N/A,molecules1
molecules1,230511_Smp_B_6HV_T36,Vitamin B1,0.66,207025952,31901,133981920,#N/A,molecules1
molecules1,230511_Smp_B_6HV_T48,Vitamin B1,0.66,9810880,183260,7615392,#N/A,molecules1
molecules1,230511_Smp_C_1C_T0,Vitamin B1,0.66,762922,1636,519350,#N/A,molecules1
molecules1,230511_Smp_C_1C_T12,Vitamin B1,0.66,644876,10281,441214,#N/A,molecules1
molecules1,230511_Smp_C_1C_T18,Vitamin B1,0.66,676815,10911,471318,#N/A,molecules1
molecules1,230511_Smp_C_1C_T24,Vitamin B1,0.66,660867,7666,467994,#N/A,molecules1
molecules1,230511_Smp_C_1C_T30,Vitamin B1,0.66,676557,10533,447102,#N/A,molecules1
molecules1,230511_Smp_C_1C_T36,Vitamin B1,0.66,1771093,43570,1243740,#N/A,molecules1
molecules1,230511_Smp_C_1C_T42,Vitamin B1,0.66,2652009,56251,1647596,#N/A,molecules1
molecules1,230511_Smp_C_1C_T48,Vitamin B1,0.66,1030314,5242,717535,#N/A,molecules1
molecules1,230511_Smp_C_1C_T6,Vitamin B1,0.66,949563,10134,656531,#N/A,molecules1
molecules1,230511_Smp_C_3LV_T0,Vitamin B1,0.66,753226,3271,471453,#N/A,molecules1
molecules1,230511_Smp_C_3LV_T12,Vitamin B1,0.66,617238,2640,413357,#N/A,molecules1
molecules1,230511_Smp_C_3LV_T24,Vitamin B1,0.66,786892,11752,594539,#N/A,molecules1
molecules1,230511_Smp_C_3LV_T36,Vitamin B1,0.66,3497908,9699,2626422,#N/A,molecules1
molecules1,230511_Smp_C_3LV_T48,Vitamin B1,0.66,1871672,16047,1460828,#N/A,molecules1
molecules1,230511_Smp_C_4LGV_T0,Vitamin B1,0.66,788059,0,467456,#N/A,molecules1
molecules1,230511_Smp_C_4LGV_T12,Vitamin B1,0.65,702876,23403,522796,#N/A,molecules1
molecules1,230511_Smp_C_4LGV_T24,Vitamin B1,0.66,2251911,31765,1608457,#N/A,molecules1
molecules1,230511_Smp_C_4LGV_T36,Vitamin B1,0.66,1893465,3183,1517523,#N/A,molecules1
molecules1,230511_Smp_C_4LGV_T48,Vitamin B1,0.66,4297522,36794,3227079,#N/A,molecules1
molecules1,230511_Smp_C_6HV_T0,Vitamin B1,0.66,794766,8049,489018,#N/A,molecules1
molecules1,230511_Smp_C_6HV_T12,Vitamin B1,0.66,735608,11604,520548,#N/A,molecules1
molecules1,230511_Smp_C_6HV_T24,Vitamin B1,0.66,3963006,19090,2922085,#N/A,molecules1
molecules1,230511_Smp_C_6HV_T36,Vitamin B1,0.66,30973662,365079,23183984,#N/A,molecules1
molecules1,230511_Smp_C_6HV_T48,Vitamin B1,0.66,41351184,469801,31383664,#N/A,molecules1
molecules1,230511_Smp_E_2LG_T0,Vitamin B1,0.66,1003401,445,650937,#N/A,molecules1
molecules1,230511_Smp_E_2LG_T24,Vitamin B1,0.66,1466844,22012,1056120,#N/A,molecules1
molecules1,230511_Smp_E_2LG_T36,Vitamin B1,0.66,1833625,34234,1317302,#N/A,molecules1
molecules1,230511_Smp_E_2LG_T48,Vitamin B1,0.66,2824153,57305,2041604,#N/A,molecules1
molecules1,230511_Smp_E_3LG_T0,Vitamin B1,0.66,447381,3610,334116,#N/A,molecules1
molecules1,230511_Smp_E_3LG_T24,Vitamin B1,0.66,1348651,19074,964405,#N/A,molecules1
molecules1,230511_Smp_E_3LG_T36,Vitamin B1,0.66,1944826,23948,1394630,#N/A,molecules1
molecules1,230511_Smp_E_3LG_T48,Vitamin B1,0.65,3363024,31222,2598105,#N/A,molecules1
molecules1,230511_Smp_E_4LG_T0,Vitamin B1,0.66,825872,2140,544870,#N/A,molecules1
molecules1,230511_Smp_E_4LG_T24,Vitamin B1,0.66,1847765,29070,1301018,#N/A,molecules1
molecules1,230511_Smp_E_4LG_T36,Vitamin B1,0.66,1781265,29829,1323927,#N/A,molecules1
molecules1,230511_Smp_E_4LG_T48,Vitamin B1,0.66,5066199,44445,3607635,#N/A,molecules1
molecules1,230511_Smp_E_8G_T48,Vitamin B1,0.66,3288090,2470,2522505,#N/A,molecules1
molecules1,230511_Std_10nM_B12s_1,Vitamin B1,0.65,3725951,22028,2841254,#N/A,molecules1
molecules1,230511_Std_10nM_B12s_2,Vitamin B1,0.66,4304821,37088,3085001,#N/A,molecules1
molecules1,230511_Std_1nM_B12s_1,Vitamin B1,0.65,3860107,58088,3080328,#N/A,molecules1
molecules1,230511_Std_1nM_B12s_2,Vitamin B1,0.66,4416702,65941,3188012,#N/A,molecules1
molecules1,230511_Std_20nM_B12s_1,Vitamin B1,0.66,3611315,29094,2731209,#N/A,molecules1
molecules1,230511_Std_20nM_B12s_2,Vitamin B1,0.66,3797527,37705,2850364,#N/A,molecules1
molecules1,230511_Std_5nM_B12s_1,Vitamin B1,0.65,3627424,52655,2731064,#N/A,molecules1
molecules1,230511_Std_5nM_B12s_2,Vitamin B1,0.66,4539219,21209,3242324,#N/A,molecules1
molecules1,230511_Std_OnM_B12s_1,Vitamin B1,0.65,3908405,14841,3027486,#N/A,molecules1
molecules1,230511_Std_OnM_B12s_2,Vitamin B1,0.66,4507633,64937,3230568,#N/A,molecules1
molecules1,230511_Blk_DOM_blk_T0,Vitamin B2,3.87,1967,0,1526,#N/A,molecules1
molecules1,230511_Blk_DOM_blk_T48,Vitamin B2,3.79,1410,604,1760,#N/A,molecules1
molecules1,230511_Blk_Filter_blk_1,Vitamin B2,3.78,7322,436,5871,#N/A,molecules1
molecules1,230511_Blk_Filter_blk_2,Vitamin B2,3.84,7696,134,4243,#N/A,molecules1
molecules1,230511_Blk_Media_blk,Vitamin B2,3.8,12364,150,5717,#N/A,molecules1
molecules1,230511_Poo_TruePooMortality_Full1,Vitamin B2,3.76,4690767,65323,1417414,#N/A,molecules1
molecules1,230511_Poo_TruePooMortality_Full2,Vitamin B2,3.77,4815662,47276,1625322,#N/A,molecules1
molecules1,230511_Poo_TruePooMortality_Full3,Vitamin B2,3.76,4847997,44774,1719206,#N/A,molecules1
molecules1,230511_Poo_TruePooMortality_Full4,Vitamin B2,3.81,58283,12673,23393,#N/A,molecules1
molecules1,230511_Smp_A_1C_T0,Vitamin B2,3.78,55149,0,24726,#N/A,molecules1
molecules1,230511_Smp_A_1C_T12,Vitamin B2,3.77,80236,259,22735,#N/A,molecules1
molecules1,230511_Smp_A_1C_T18,Vitamin B2,3.76,169071,240,58751,#N/A,molecules1
molecules1,230511_Smp_A_1C_T24,Vitamin B2,3.76,708436,14523,232118,#N/A,molecules1
molecules1,230511_Smp_A_1C_T30,Vitamin B2,3.77,240692,133,96536,#N/A,molecules1
molecules1,230511_Smp_A_1C_T36,Vitamin B2,3.77,116064216,1090086,43541696,#N/A,molecules1
molecules1,230511_Smp_A_1C_T42,Vitamin B2,3.78,177579,0,51920,#N/A,molecules1
molecules1,230511_Smp_A_1C_T48,Vitamin B2,3.78,2305988,35597,791931,#N/A,molecules1
molecules1,230511_Smp_A_1C_T6,Vitamin B2,3.77,125504,0,43728,#N/A,molecules1
molecules1,230511_Smp_A_3LV_T0,Vitamin B2,3.75,27990,209,9095,#N/A,molecules1
molecules1,230511_Smp_A_3LV_T12,Vitamin B2,3.76,42042,0,15836,#N/A,molecules1
molecules1,230511_Smp_A_3LV_T24,Vitamin B2,3.77,1464671,7832,458615,#N/A,molecules1
molecules1,230511_Smp_A_3LV_T36,Vitamin B2,3.77,83669728,1257670,30927360,#N/A,molecules1
molecules1,230511_Smp_A_3LV_T48,Vitamin B2,3.77,7446136,22150,2663000,#N/A,molecules1
molecules1,230511_Smp_A_4LGV_T0,Vitamin B2,3.76,106414,166,43925,#N/A,molecules1
molecules1,230511_Smp_A_4LGV_T12,Vitamin B2,3.77,206797,4092,68495,#N/A,molecules1
molecules1,230511_Smp_A_4LGV_T24,Vitamin B2,3.77,389331,15057,160345,#N/A,molecules1
molecules1,230511_Smp_A_4LGV_T36,Vitamin B2,3.76,2620580,40815,928773,#N/A,molecules1
molecules1,230511_Smp_A_4LGV_T48,Vitamin B2,3.77,1780515,24351,603053,#N/A,molecules1
molecules1,230511_Smp_A_6HV_T0,Vitamin B2,3.75,59326,2883,16656,#N/A,molecules1
molecules1,230511_Smp_A_6HV_T12,Vitamin B2,3.76,144879,5754,66970,#N/A,molecules1
molecules1,230511_Smp_A_6HV_T24,Vitamin B2,3.76,1323008,20162,472345,#N/A,molecules1
molecules1,230511_Smp_A_6HV_T36,Vitamin B2,3.77,55347120,874119,18988352,#N/A,molecules1
molecules1,230511_Smp_A_6HV_T48,Vitamin B2,3.77,14166463,195737,4773808,#N/A,molecules1
molecules1,230511_Smp_A_8G_T0,Vitamin B2,3.76,12830,5303,6692,#N/A,molecules1
molecules1,230511_Smp_A_8G_T48,Vitamin B2,3.77,6396074,72227,2122780,#N/A,molecules1
molecules1,230511_Smp_A_9V_T0,Vitamin B2,3.84,6534,927,1793,#N/A,molecules1
molecules1,230511_Smp_B_1C_T0,Vitamin B2,3.79,48985,0,16784,#N/A,molecules1
molecules1,230511_Smp_B_1C_T12,Vitamin B2,3.76,159583,0,50944,#N/A,molecules1
molecules1,230511_Smp_B_1C_T18,Vitamin B2,3.76,446662,3942,140296,#N/A,molecules1
molecules1,230511_Smp_B_1C_T24,Vitamin B2,3.76,897097,16323,287316,#N/A,molecules1
molecules1,230511_Smp_B_1C_T30,Vitamin B2,3.75,545413,268,169704,#N/A,molecules1
molecules1,230511_Smp_B_1C_T36,Vitamin B2,3.78,35303780,221935,12634316,#N/A,molecules1
molecules1,230511_Smp_B_1C_T42,Vitamin B2,3.77,1927827,1124,626070,#N/A,molecules1
molecules1,230511_Smp_B_1C_T48,Vitamin B2,3.77,4344002,77774,1462616,#N/A,molecules1
molecules1,230511_Smp_B_1C_T6,Vitamin B2,3.77,183176,235,71684,#N/A,molecules1
molecules1,230511_Smp_B_3LV_T0,Vitamin B2,3.78,44801,0,17612,#N/A,molecules1
molecules1,230511_Smp_B_3LV_T12,Vitamin B2,3.77,110984,0,40912,#N/A,molecules1
molecules1,230511_Smp_B_3LV_T24,Vitamin B2,3.77,1206325,14924,429970,#N/A,molecules1
molecules1,230511_Smp_B_3LV_T36,Vitamin B2,3.77,116999528,1342681,43852544,#N/A,molecules1
molecules1,230511_Smp_B_3LV_T48,Vitamin B2,3.76,25351794,337425,8362468,#N/A,molecules1
molecules1,230511_Smp_B_4LGV_T0,Vitamin B2,3.77,202462,0,65456,#N/A,molecules1
molecules1,230511_Smp_B_4LGV_T12,Vitamin B2,3.78,107431,946,31076,#N/A,molecules1
molecules1,230511_Smp_B_4LGV_T24,Vitamin B2,3.72,0,0,0,#N/A,molecules1
molecules1,230511_Smp_B_4LGV_T36,Vitamin B2,3.77,4505425,77760,1417519,#N/A,molecules1
molecules1,230511_Smp_B_4LGV_T48,Vitamin B2,3.77,1810549,32819,583147,#N/A,molecules1
molecules1,230511_Smp_B_6HV_T0,Vitamin B2,3.76,125743,0,45952,#N/A,molecules1
molecules1,230511_Smp_B_6HV_T12,Vitamin B2,3.75,160694,0,55424,#N/A,molecules1
molecules1,230511_Smp_B_6HV_T24,Vitamin B2,3.77,1803515,22638,583674,#N/A,molecules1
molecules1,230511_Smp_B_6HV_T36,Vitamin B2,3.77,49420148,730215,17176416,#N/A,molecules1
molecules1,230511_Smp_B_6HV_T48,Vitamin B2,3.77,795087,4337,220384,#N/A,molecules1
molecules1,230511_Smp_C_1C_T0,Vitamin B2,3.77,163524,2759,58625,#N/A,molecules1
molecules1,230511_Smp_C_1C_T12,Vitamin B2,3.77,339138,0,107840,#N/A,molecules1
molecules1,230511_Smp_C_1C_T18,Vitamin B2,3.76,397537,466,137039,#N/A,molecules1
molecules1,230511_Smp_C_1C_T24,Vitamin B2,3.77,2373605,16188,798138,#N/A,molecules1
molecules1,230511_Smp_C_1C_T30,Vitamin B2,3.78,330988,1502,105807,#N/A,molecules1
molecules1,230511_Smp_C_1C_T36,Vitamin B2,3.77,8177575,9010,2824178,#N/A,molecules1
molecules1,230511_Smp_C_1C_T42,Vitamin B2,3.77,831987,425,274383,#N/A,molecules1
molecules1,230511_Smp_C_1C_T48,Vitamin B2,3.77,4839796,54285,1601210,#N/A,molecules1
molecules1,230511_Smp_C_1C_T6,Vitamin B2,3.77,404546,0,135296,#N/A,molecules1
molecules1,230511_Smp_C_3LV_T0,Vitamin B2,3.77,252854,2681,91686,#N/A,molecules1
molecules1,230511_Smp_C_3LV_T12,Vitamin B2,3.78,139008,3676,52252,#N/A,molecules1
molecules1,230511_Smp_C_3LV_T24,Vitamin B2,3.76,1762537,12398,598322,#N/A,molecules1
molecules1,230511_Smp_C_3LV_T36,Vitamin B2,3.77,25768324,285288,8996708,#N/A,molecules1
molecules1,230511_Smp_C_3LV_T48,Vitamin B2,3.77,2168405,11475,766934,#N/A,molecules1
molecules1,230511_Smp_C_4LGV_T0,Vitamin B2,3.77,150214,242,51480,#N/A,molecules1
molecules1,230511_Smp_C_4LGV_T12,Vitamin B2,3.76,527967,0,173312,#N/A,molecules1
molecules1,230511_Smp_C_4LGV_T24,Vitamin B2,3.78,3104294,19307,1089556,#N/A,molecules1
molecules1,230511_Smp_C_4LGV_T36,Vitamin B2,3.76,2291347,31401,837861,#N/A,molecules1
molecules1,230511_Smp_C_4LGV_T48,Vitamin B2,3.77,2985063,60156,1109702,#N/A,molecules1
molecules1,230511_Smp_C_6HV_T0,Vitamin B2,3.78,113753,270,34982,#N/A,molecules1
molecules1,230511_Smp_C_6HV_T12,Vitamin B2,3.78,224813,235,70552,#N/A,molecules1
molecules1,230511_Smp_C_6HV_T24,Vitamin B2,3.77,5663341,101900,1799216,#N/A,molecules1
molecules1,230511_Smp_C_6HV_T36,Vitamin B2,3.76,6205678,87625,1921839,#N/A,molecules1
molecules1,230511_Smp_C_6HV_T48,Vitamin B2,3.77,6405837,104261,2173240,#N/A,molecules1
molecules1,230511_Smp_E_2LG_T0,Vitamin B2,3.78,84615,181,29756,#N/A,molecules1
molecules1,230511_Smp_E_2LG_T24,Vitamin B2,3.75,214954,3768,80016,#N/A,molecules1
molecules1,230511_Smp_E_2LG_T36,Vitamin B2,3.77,2097892,1977,755754,#N/A,molecules1
molecules1,230511_Smp_E_2LG_T48,Vitamin B2,3.77,1529193,20788,556197,#N/A,molecules1
molecules1,230511_Smp_E_3LG_T0,Vitamin B2,3.76,121258,3568,50630,#N/A,molecules1
molecules1,230511_Smp_E_3LG_T24,Vitamin B2,3.77,670565,0,234560,#N/A,molecules1
molecules1,230511_Smp_E_3LG_T36,Vitamin B2,3.76,550124,9119,176861,#N/A,molecules1
molecules1,230511_Smp_E_3LG_T48,Vitamin B2,3.76,2304240,46448,773888,#N/A,molecules1
molecules1,230511_Smp_E_4LG_T0,Vitamin B2,3.78,231204,343,77070,#N/A,molecules1
molecules1,230511_Smp_E_4LG_T24,Vitamin B2,3.77,1238258,7376,417848,#N/A,molecules1
molecules1,230511_Smp_E_4LG_T36,Vitamin B2,3.77,553078,1410,180061,#N/A,molecules1
molecules1,230511_Smp_E_4LG_T48,Vitamin B2,3.77,1075701,9102,380647,#N/A,molecules1
molecules1,230511_Smp_E_8G_T48,Vitamin B2,3.77,489078,272,152613,#N/A,molecules1
molecules1,230511_Std_10nM_B12s_1,Vitamin B2,3.76,3445593,81052,1198743,#N/A,molecules1
molecules1,230511_Std_10nM_B12s_2,Vitamin B2,3.77,3557708,31611,1196963,#N/A,molecules1
molecules1,230511_Std_1nM_B12s_1,Vitamin B2,3.75,3451746,43186,1106416,#N/A,molecules1
molecules1,230511_Std_1nM_B12s_2,Vitamin B2,3.76,3322181,63640,1180066,#N/A,molecules1
molecules1,230511_Std_20nM_B12s_1,Vitamin B2,3.77,3402044,30526,1083851,#N/A,molecules1
molecules1,230511_Std_20nM_B12s_2,Vitamin B2,3.77,3577374,8871,1266946,#N/A,molecules1
molecules1,230511_Std_5nM_B12s_1,Vitamin B2,3.76,3494107,83224,1233620,#N/A,molecules1
molecules1,230511_Std_5nM_B12s_2,Vitamin B2,3.76,3560228,37233,1288182,#N/A,molecules1
molecules1,230511_Std_OnM_B12s_1,Vitamin B2,3.76,3493454,49615,1133234,#N/A,molecules1
molecules1,230511_Std_OnM_B12s_2,Vitamin B2,3.76,3412030,998,1186964,#N/A,molecules1
molecules1,230511_Blk_DOM_blk_T0,Vitamin B2,3.84,711,0,1156,#N/A,molecules1
molecules1,230511_Blk_DOM_blk_T48,Vitamin B2,3.78,434,92,563,#N/A,molecules1
molecules1,230511_Blk_Filter_blk_1,Vitamin B2,3.74,1983,0,2371,#N/A,molecules1
molecules1,230511_Blk_Filter_blk_2,Vitamin B2,3.8,1058,268,983,#N/A,molecules1
molecules1,230511_Blk_Media_blk,Vitamin B2,3.78,3425,0,3110,#N/A,molecules1
molecules1,230511_Poo_TruePooMortality_Full1,Vitamin B2,3.76,1879029,36073,624887,#N/A,molecules1
molecules1,230511_Poo_TruePooMortality_Full2,Vitamin B2,3.76,1916583,16773,658251,#N/A,molecules1
molecules1,230511_Poo_TruePooMortality_Full3,Vitamin B2,3.77,1811552,20230,610345,#N/A,molecules1
molecules1,230511_Poo_TruePooMortality_Full4,Vitamin B2,3.79,16987,7393,10325,#N/A,molecules1
molecules1,230511_Smp_A_1C_T0,Vitamin B2,3.79,18749,0,7137,#N/A,molecules1
molecules1,230511_Smp_A_1C_T12,Vitamin B2,3.76,32720,0,10376,#N/A,molecules1
molecules1,230511_Smp_A_1C_T18,Vitamin B2,3.76,65516,189,18845,#N/A,molecules1
molecules1,230511_Smp_A_1C_T24,Vitamin B2,3.77,285134,0,87120,#N/A,molecules1
molecules1,230511_Smp_A_1C_T30,Vitamin B2,3.78,90879,68,34308,#N/A,molecules1
molecules1,230511_Smp_A_1C_T36,Vitamin B2,3.76,45945404,296606,16744112,#N/A,molecules1
molecules1,230511_Smp_A_1C_T42,Vitamin B2,3.77,73991,0,28504,#N/A,molecules1
molecules1,230511_Smp_A_1C_T48,Vitamin B2,3.78,915290,10786,333641,#N/A,molecules1
molecules1,230511_Smp_A_1C_T6,Vitamin B2,3.76,42796,0,14488,#N/A,molecules1
molecules1,230511_Smp_A_3LV_T0,Vitamin B2,3.78,11286,0,5408,#N/A,molecules1
molecules1,230511_Smp_A_3LV_T12,Vitamin B2,3.78,14065,0,6296,#N/A,molecules1
molecules1,230511_Smp_A_3LV_T24,Vitamin B2,3.77,573761,0,197504,#N/A,molecules1
molecules1,230511_Smp_A_3LV_T36,Vitamin B2,3.77,32698578,451350,11642080,#N/A,molecules1
molecules1,230511_Smp_A_3LV_T48,Vitamin B2,3.77,2938377,19937,1063503,#N/A,molecules1
molecules1,230511_Smp_A_4LGV_T0,Vitamin B2,3.75,32289,0,14032,#N/A,molecules1
molecules1,230511_Smp_A_4LGV_T12,Vitamin B2,3.77,79628,0,26680,#N/A,molecules1
molecules1,230511_Smp_A_4LGV_T24,Vitamin B2,3.77,163143,2485,58413,#N/A,molecules1
molecules1,230511_Smp_A_4LGV_T36,Vitamin B2,3.77,1014137,9030,331661,#N/A,molecules1
molecules1,230511_Smp_A_4LGV_T48,Vitamin B2,3.77,670066,19874,239106,#N/A,molecules1
molecules1,230511_Smp_A_6HV_T0,Vitamin B2,3.76,18593,0,8688,#N/A,molecules1
molecules1,230511_Smp_A_6HV_T12,Vitamin B2,3.76,60034,6426,36239,#N/A,molecules1
molecules1,230511_Smp_A_6HV_T24,Vitamin B2,3.76,525804,5628,195951,#N/A,molecules1
molecules1,230511_Smp_A_6HV_T36,Vitamin B2,3.77,21776554,326988,7198024,#N/A,molecules1
molecules1,230511_Smp_A_6HV_T48,Vitamin B2,3.78,5566454,68375,1992946,#N/A,molecules1
molecules1,230511_Smp_A_8G_T0,Vitamin B2,3.79,2508,181,1153,#N/A,molecules1
molecules1,230511_Smp_A_8G_T48,Vitamin B2,3.76,2532253,6656,872046,#N/A,molecules1
molecules1,230511_Smp_A_9V_T0,Vitamin B2,3.87,4536,320,3017,#N/A,molecules1
molecules1,230511_Smp_B_1C_T0,Vitamin B2,3.79,21229,243,10411,#N/A,molecules1
molecules1,230511_Smp_B_1C_T12,Vitamin B2,3.78,66624,0,22572,#N/A,molecules1
molecules1,230511_Smp_B_1C_T18,Vitamin B2,3.76,182200,5878,63712,#N/A,molecules1
molecules1,230511_Smp_B_1C_T24,Vitamin B2,3.76,347442,0,122688,#N/A,molecules1
molecules1,230511_Smp_B_1C_T30,Vitamin B2,3.76,213583,279,80007,#N/A,molecules1
molecules1,230511_Smp_B_1C_T36,Vitamin B2,3.77,13997406,93814,4930656,#N/A,molecules1
molecules1,230511_Smp_B_1C_T42,Vitamin B2,3.76,722853,13041,243506,#N/A,molecules1
molecules1,230511_Smp_B_1C_T48,Vitamin B2,3.77,1661438,34964,587550,#N/A,molecules1
molecules1,230511_Smp_B_1C_T6,Vitamin B2,3.76,77041,4367,33082,#N/A,molecules1
molecules1,230511_Smp_B_3LV_T0,Vitamin B2,3.77,17341,225,6266,#N/A,molecules1
molecules1,230511_Smp_B_3LV_T12,Vitamin B2,3.76,44091,155,18440,#N/A,molecules1
molecules1,230511_Smp_B_3LV_T24,Vitamin B2,3.77,441799,16321,178918,#N/A,molecules1
molecules1,230511_Smp_B_3LV_T36,Vitamin B2,3.77,45647348,415699,16511200,#N/A,molecules1
molecules1,230511_Smp_B_3LV_T48,Vitamin B2,3.77,9915354,76020,3344740,#N/A,molecules1
molecules1,230511_Smp_B_4LGV_T0,Vitamin B2,3.77,77009,1658,31900,#N/A,molecules1
molecules1,230511_Smp_B_4LGV_T12,Vitamin B2,3.78,40427,0,18164,#N/A,molecules1
molecules1,230511_Smp_B_4LGV_T24,Vitamin B2,3.8,10,0,24,#N/A,molecules1
molecules1,230511_Smp_B_4LGV_T36,Vitamin B2,3.77,1778058,19317,620823,#N/A,molecules1
molecules1,230511_Smp_B_4LGV_T48,Vitamin B2,3.77,735782,14130,241623,#N/A,molecules1
molecules1,230511_Smp_B_6HV_T0,Vitamin B2,3.76,49635,227,22267,#N/A,molecules1
molecules1,230511_Smp_B_6HV_T12,Vitamin B2,3.75,66431,1437,26546,#N/A,molecules1
molecules1,230511_Smp_B_6HV_T24,Vitamin B2,3.77,714894,833,229419,#N/A,molecules1
molecules1,230511_Smp_B_6HV_T36,Vitamin B2,3.77,19590392,130822,6811936,#N/A,molecules1
molecules1,230511_Smp_B_6HV_T48,Vitamin B2,3.77,316117,0,83776,#N/A,molecules1
molecules1,230511_Smp_C_1C_T0,Vitamin B2,3.78,53331,9025,17456,#N/A,molecules1
molecules1,230511_Smp_C_1C_T12,Vitamin B2,3.76,137226,0,50416,#N/A,molecules1
molecules1,230511_Smp_C_1C_T18,Vitamin B2,3.76,159990,2057,49253,#N/A,molecules1
molecules1,230511_Smp_C_1C_T24,Vitamin B2,3.77,933160,0,327296,#N/A,molecules1
molecules1,230511_Smp_C_1C_T30,Vitamin B2,3.77,156105,0,53056,#N/A,molecules1
molecules1,230511_Smp_C_1C_T36,Vitamin B2,3.77,3194856,6562,1147404,#N/A,molecules1
molecules1,230511_Smp_C_1C_T42,Vitamin B2,3.77,334488,7217,129196,#N/A,molecules1
molecules1,230511_Smp_C_1C_T48,Vitamin B2,3.77,1910923,31979,651233,#N/A,molecules1
molecules1,230511_Smp_C_1C_T6,Vitamin B2,3.76,147988,690,55976,#N/A,molecules1
molecules1,230511_Smp_C_3LV_T0,Vitamin B2,3.75,93136,0,31440,#N/A,molecules1
molecules1,230511_Smp_C_3LV_T12,Vitamin B2,3.78,34971,195,12984,#N/A,molecules1
molecules1,230511_Smp_C_3LV_T24,Vitamin B2,3.76,685571,3800,258247,#N/A,molecules1
molecules1,230511_Smp_C_3LV_T36,Vitamin B2,3.77,10269173,57167,3642325,#N/A,molecules1
molecules1,230511_Smp_C_3LV_T48,Vitamin B2,3.77,862854,8071,323951,#N/A,molecules1
molecules1,230511_Smp_C_4LGV_T0,Vitamin B2,3.79,59466,0,22796,#N/A,molecules1
molecules1,230511_Smp_C_4LGV_T12,Vitamin B2,3.78,203085,0,64640,#N/A,molecules1
molecules1,230511_Smp_C_4LGV_T24,Vitamin B2,3.78,1197509,4842,417076,#N/A,molecules1
molecules1,230511_Smp_C_4LGV_T36,Vitamin B2,3.77,906273,2234,302819,#N/A,molecules1
molecules1,230511_Smp_C_4LGV_T48,Vitamin B2,3.77,1144485,10062,440605,#N/A,molecules1
molecules1,230511_Smp_C_6HV_T0,Vitamin B2,3.76,44454,918,12674,#N/A,molecules1
molecules1,230511_Smp_C_6HV_T12,Vitamin B2,3.78,84840,227,28392,#N/A,molecules1
molecules1,230511_Smp_C_6HV_T24,Vitamin B2,3.76,2160082,57500,698472,#N/A,molecules1
molecules1,230511_Smp_C_6HV_T36,Vitamin B2,3.76,2484185,24636,763038,#N/A,molecules1
molecules1,230511_Smp_C_6HV_T48,Vitamin B2,3.78,2495572,47666,821361,#N/A,molecules1
molecules1,230511_Smp_E_2LG_T0,Vitamin B2,3.77,30367,182,11103,#N/A,molecules1
molecules1,230511_Smp_E_2LG_T24,Vitamin B2,3.77,93070,106,31579,#N/A,molecules1
molecules1,230511_Smp_E_2LG_T36,Vitamin B2,3.76,816085,16069,275061,#N/A,molecules1
molecules1,230511_Smp_E_2LG_T48,Vitamin B2,3.78,611384,0,220224,#N/A,molecules1
molecules1,230511_Smp_E_3LG_T0,Vitamin B2,3.77,47452,367,20147,#N/A,molecules1
molecules1,230511_Smp_E_3LG_T24,Vitamin B2,3.75,276443,0,93840,#N/A,molecules1
molecules1,230511_Smp_E_3LG_T36,Vitamin B2,3.76,198234,3511,67897,#N/A,molecules1
molecules1,230511_Smp_E_3LG_T48,Vitamin B2,3.76,890048,17378,316676,#N/A,molecules1
molecules1,230511_Smp_E_4LG_T0,Vitamin B2,3.78,87991,0,28776,#N/A,molecules1
molecules1,230511_Smp_E_4LG_T24,Vitamin B2,3.77,468033,12162,165354,#N/A,molecules1
molecules1,230511_Smp_E_4LG_T36,Vitamin B2,3.76,223612,198,76808,#N/A,molecules1
molecules1,230511_Smp_E_4LG_T48,Vitamin B2,3.76,451402,0,179200,#N/A,molecules1
molecules1,230511_Smp_E_8G_T48,Vitamin B2,3.77,190875,245,67591,#N/A,molecules1
molecules1,230511_Std_10nM_B12s_1,Vitamin B2,3.76,1345278,33409,410419,#N/A,molecules1
molecules1,230511_Std_10nM_B12s_2,Vitamin B2,3.76,1424514,14313,493555,#N/A,molecules1
molecules1,230511_Std_1nM_B12s_1,Vitamin B2,3.75,1325278,0,410112,#N/A,molecules1
molecules1,230511_Std_1nM_B12s_2,Vitamin B2,3.76,1287333,26032,486996,#N/A,molecules1
molecules1,230511_Std_20nM_B12s_1,Vitamin B2,3.76,1383790,5852,439450,#N/A,molecules1
molecules1,230511_Std_20nM_B12s_2,Vitamin B2,3.76,1371775,0,521344,#N/A,molecules1
molecules1,230511_Std_5nM_B12s_1,Vitamin B2,3.76,1377090,27901,488481,#N/A,molecules1
molecules1,230511_Std_5nM_B12s_2,Vitamin B2,3.76,1382049,50077,522204,#N/A,molecules1
molecules1,230511_Std_OnM_B12s_1,Vitamin B2,3.76,1368173,12689,461843,#N/A,molecules1
molecules1,230511_Std_OnM_B12s_2,Vitamin B2,3.76,1330453,0,454656,#N/A,molecules1
molecules1,230511_Blk_DOM_blk_T0,Vitamin B3,0.66,79669,4824,58866,#N/A,molecules1
molecules1,230511_Blk_DOM_blk_T48,Vitamin B3,0.66,159641,7297,104104,#N/A,molecules1
molecules1,230511_Blk_Filter_blk_1,Vitamin B3,0.66,78044,3993,52102,#N/A,molecules1
molecules1,230511_Blk_Filter_blk_2,Vitamin B3,0.67,105737,7000,54097,#N/A,molecules1
molecules1,230511_Blk_Media_blk,Vitamin B3,0.67,51191,1443,44274,#N/A,molecules1
molecules1,230511_Poo_TruePooMortality_Full1,Vitamin B3,0.66,131277,5316,110429,#N/A,molecules1
molecules1,230511_Poo_TruePooMortality_Full2,Vitamin B3,0.67,259820,17703,227980,#N/A,molecules1
molecules1,230511_Poo_TruePooMortality_Full3,Vitamin B3,0.67,199707,9122,166831,#N/A,molecules1
molecules1,230511_Poo_TruePooMortality_Full4,Vitamin B3,0.71,15680,7399,5267,#N/A,molecules1
molecules1,230511_Smp_A_1C_T0,Vitamin B3,0.67,166983,19935,113582,#N/A,molecules1
molecules1,230511_Smp_A_1C_T12,Vitamin B3,0.66,158558,12253,93731,#N/A,molecules1
molecules1,230511_Smp_A_1C_T18,Vitamin B3,0.66,184793,6753,123028,#N/A,molecules1
molecules1,230511_Smp_A_1C_T24,Vitamin B3,0.67,208241,15462,139154,#N/A,molecules1
molecules1,230511_Smp_A_1C_T30,Vitamin B3,0.66,161984,19939,98719,#N/A,molecules1
molecules1,230511_Smp_A_1C_T36,Vitamin B3,0.67,896031,62478,835984,#N/A,molecules1
molecules1,230511_Smp_A_1C_T42,Vitamin B3,0.67,152929,5720,112988,#N/A,molecules1
molecules1,230511_Smp_A_1C_T48,Vitamin B3,0.67,305787,34413,197270,#N/A,molecules1
molecules1,230511_Smp_A_1C_T6,Vitamin B3,0.66,274604,26036,160092,#N/A,molecules1
molecules1,230511_Smp_A_3LV_T0,Vitamin B3,0.67,181766,9368,123868,#N/A,molecules1
molecules1,230511_Smp_A_3LV_T12,Vitamin B3,0.66,110005,3180,71663,#N/A,molecules1
molecules1,230511_Smp_A_3LV_T24,Vitamin B3,0.67,114482,7584,87205,#N/A,molecules1
molecules1,230511_Smp_A_3LV_T36,Vitamin B3,0.67,1028386,48681,945851,#N/A,molecules1
molecules1,230511_Smp_A_3LV_T48,Vitamin B3,0.66,241243,20846,142776,#N/A,molecules1
molecules1,230511_Smp_A_4LGV_T0,Vitamin B3,0.66,301462,16495,169073,#N/A,molecules1
molecules1,230511_Smp_A_4LGV_T12,Vitamin B3,0.66,48341,5851,34889,#N/A,molecules1
molecules1,230511_Smp_A_4LGV_T24,Vitamin B3,0.66,151840,7992,86171,#N/A,molecules1
molecules1,230511_Smp_A_4LGV_T36,Vitamin B3,0.67,107801,2963,92492,#N/A,molecules1
molecules1,230511_Smp_A_4LGV_T48,Vitamin B3,0.67,26571,1357,21136,#N/A,molecules1
molecules1,230511_Smp_A_6HV_T0,Vitamin B3,0.66,101335,13605,83961,#N/A,molecules1
molecules1,230511_Smp_A_6HV_T12,Vitamin B3,0.66,314432,36669,175503,#N/A,molecules1
molecules1,230511_Smp_A_6HV_T24,Vitamin B3,0.67,858435,40188,727795,#N/A,molecules1
molecules1,230511_Smp_A_6HV_T36,Vitamin B3,0.67,1120566,57726,919388,#N/A,molecules1
molecules1,230511_Smp_A_6HV_T48,Vitamin B3,0.67,525924,35587,411590,#N/A,molecules1
molecules1,230511_Smp_A_8G_T0,Vitamin B3,0.66,234122,18652,131770,#N/A,molecules1
molecules1,230511_Smp_A_8G_T48,Vitamin B3,0.66,794780,45708,669235,#N/A,molecules1
molecules1,230511_Smp_A_9V_T0,Vitamin B3,0.67,31818,1037,22046,#N/A,molecules1
molecules1,230511_Smp_B_1C_T0,Vitamin B3,0.66,177886,12025,110105,#N/A,molecules1
molecules1,230511_Smp_B_1C_T12,Vitamin B3,0.67,176857,11505,120408,#N/A,molecules1
molecules1,230511_Smp_B_1C_T18,Vitamin B3,0.66,277684,41560,163592,#N/A,molecules1
molecules1,230511_Smp_B_1C_T24,Vitamin B3,0.67,49337,2560,30799,#N/A,molecules1
molecules1,230511_Smp_B_1C_T30,Vitamin B3,0.66,182825,7278,126349,#N/A,molecules1
molecules1,230511_Smp_B_1C_T36,Vitamin B3,0.67,770426,60757,534835,#N/A,molecules1
molecules1,230511_Smp_B_1C_T42,Vitamin B3,0.66,378192,42020,211909,#N/A,molecules1
molecules1,230511_Smp_B_1C_T48,Vitamin B3,0.67,337234,18443,240350,#N/A,molecules1
molecules1,230511_Smp_B_1C_T6,Vitamin B3,0.66,280473,33584,154284,#N/A,molecules1
molecules1,230511_Smp_B_3LV_T0,Vitamin B3,0.66,154775,13346,107470,#N/A,molecules1
molecules1,230511_Smp_B_3LV_T12,Vitamin B3,0.67,49957,2420,28961,#N/A,molecules1
molecules1,230511_Smp_B_3LV_T24,Vitamin B3,0.67,197492,21963,165999,#N/A,molecules1
molecules1,230511_Smp_B_3LV_T36,Vitamin B3,0.67,1688085,156955,1441456,#N/A,molecules1
molecules1,230511_Smp_B_3LV_T48,Vitamin B3,0.66,285010,20035,225880,#N/A,molecules1
molecules1,230511_Smp_B_4LGV_T0,Vitamin B3,0.66,184750,15894,117809,#N/A,molecules1
molecules1,230511_Smp_B_4LGV_T12,Vitamin B3,0.66,103275,5023,64992,#N/A,molecules1
molecules1,230511_Smp_B_4LGV_T24,Vitamin B3,0.69,2,0,0,#N/A,molecules1
molecules1,230511_Smp_B_4LGV_T36,Vitamin B3,0.67,160708,8453,122500,#N/A,molecules1
molecules1,230511_Smp_B_4LGV_T48,Vitamin B3,0.67,76244,2038,60549,#N/A,molecules1
molecules1,230511_Smp_B_6HV_T0,Vitamin B3,0.67,250760,6977,157114,#N/A,molecules1
molecules1,230511_Smp_B_6HV_T12,Vitamin B3,0.66,143291,14797,89391,#N/A,molecules1
molecules1,230511_Smp_B_6HV_T24,Vitamin B3,0.67,456164,21142,362010,#N/A,molecules1
molecules1,230511_Smp_B_6HV_T36,Vitamin B3,0.66,1150618,62291,910253,#N/A,molecules1
molecules1,230511_Smp_B_6HV_T48,Vitamin B3,0.66,291432,16571,244282,#N/A,molecules1
molecules1,230511_Smp_C_1C_T0,Vitamin B3,0.66,150001,12292,93263,#N/A,molecules1
molecules1,230511_Smp_C_1C_T12,Vitamin B3,0.66,79182,7545,63581,#N/A,molecules1
molecules1,230511_Smp_C_1C_T18,Vitamin B3,0.66,119361,18067,78318,#N/A,molecules1
molecules1,230511_Smp_C_1C_T24,Vitamin B3,0.67,193314,6138,148568,#N/A,molecules1
molecules1,230511_Smp_C_1C_T30,Vitamin B3,0.66,114652,9381,76990,#N/A,molecules1
molecules1,230511_Smp_C_1C_T36,Vitamin B3,0.67,339703,32005,294817,#N/A,molecules1
molecules1,230511_Smp_C_1C_T42,Vitamin B3,0.66,291464,53203,157448,#N/A,molecules1
molecules1,230511_Smp_C_1C_T48,Vitamin B3,0.67,228352,10348,198454,#N/A,molecules1
molecules1,230511_Smp_C_1C_T6,Vitamin B3,0.66,574491,33732,391205,#N/A,molecules1
molecules1,230511_Smp_C_3LV_T0,Vitamin B3,0.67,266294,17144,164132,#N/A,molecules1
molecules1,230511_Smp_C_3LV_T12,Vitamin B3,0.67,99289,4412,88805,#N/A,molecules1
molecules1,230511_Smp_C_3LV_T24,Vitamin B3,0.66,156042,12463,117909,#N/A,molecules1
molecules1,230511_Smp_C_3LV_T36,Vitamin B3,0.67,490190,29086,395926,#N/A,molecules1
molecules1,230511_Smp_C_3LV_T48,Vitamin B3,0.67,70419,4665,58094,#N/A,molecules1
molecules1,230511_Smp_C_4LGV_T0,Vitamin B3,0.67,213082,16406,117877,#N/A,molecules1
molecules1,230511_Smp_C_4LGV_T12,Vitamin B3,0.66,107452,17098,68126,#N/A,molecules1
molecules1,230511_Smp_C_4LGV_T24,Vitamin B3,0.66,127153,7118,78753,#N/A,molecules1
molecules1,230511_Smp_C_4LGV_T36,Vitamin B3,0.67,100730,6006,96274,#N/A,molecules1
molecules1,230511_Smp_C_4LGV_T48,Vitamin B3,0.67,135472,7149,109612,#N/A,molecules1
molecules1,230511_Smp_C_6HV_T0,Vitamin B3,0.66,181556,12242,113700,#N/A,molecules1
molecules1,230511_Smp_C_6HV_T12,Vitamin B3,0.66,111959,9141,69933,#N/A,molecules1
molecules1,230511_Smp_C_6HV_T24,Vitamin B3,0.67,391971,19441,307608,#N/A,molecules1
molecules1,230511_Smp_C_6HV_T36,Vitamin B3,0.67,381891,30361,320251,#N/A,molecules1
molecules1,230511_Smp_C_6HV_T48,Vitamin B3,0.67,703884,58052,595877,#N/A,molecules1
molecules1,230511_Smp_E_2LG_T0,Vitamin B3,0.66,157813,19061,98716,#N/A,molecules1
molecules1,230511_Smp_E_2LG_T24,Vitamin B3,0.66,184779,30779,110128,#N/A,molecules1
molecules1,230511_Smp_E_2LG_T36,Vitamin B3,0.66,232630,24072,161610,#N/A,molecules1
molecules1,230511_Smp_E_2LG_T48,Vitamin B3,0.68,88550,8745,59369,#N/A,molecules1
molecules1,230511_Smp_E_3LG_T0,Vitamin B3,0.67,43961,3080,39931,#N/A,molecules1
molecules1,230511_Smp_E_3LG_T24,Vitamin B3,0.66,211485,20483,124730,#N/A,molecules1
molecules1,230511_Smp_E_3LG_T36,Vitamin B3,0.67,532968,43972,390403,#N/A,molecules1
molecules1,230511_Smp_E_3LG_T48,Vitamin B3,0.66,116842,4134,81352,#N/A,molecules1
molecules1,230511_Smp_E_4LG_T0,Vitamin B3,0.67,155424,15522,91598,#N/A,molecules1
molecules1,230511_Smp_E_4LG_T24,Vitamin B3,0.66,270716,16589,146968,#N/A,molecules1
molecules1,230511_Smp_E_4LG_T36,Vitamin B3,0.66,242574,24273,173925,#N/A,molecules1
molecules1,230511_Smp_E_4LG_T48,Vitamin B3,0.66,160705,5117,94162,#N/A,molecules1
molecules1,230511_Smp_E_8G_T48,Vitamin B3,0.67,263865,10882,230117,#N/A,molecules1
molecules1,230511_Std_10nM_B12s_1,Vitamin B3,0.66,100852,4666,83033,#N/A,molecules1
molecules1,230511_Std_10nM_B12s_2,Vitamin B3,0.67,171348,8626,124053,#N/A,molecules1
molecules1,230511_Std_1nM_B12s_1,Vitamin B3,0.63,9334,10857,8307,#N/A,molecules1
molecules1,230511_Std_1nM_B12s_2,Vitamin B3,0.67,184599,20293,148058,#N/A,molecules1
molecules1,230511_Std_20nM_B12s_1,Vitamin B3,0.66,106903,5308,73012,#N/A,molecules1
molecules1,230511_Std_20nM_B12s_2,Vitamin B3,0.67,176185,15773,134079,#N/A,molecules1
molecules1,230511_Std_5nM_B12s_1,Vitamin B3,0.66,74098,15404,56047,#N/A,molecules1
molecules1,230511_Std_5nM_B12s_2,Vitamin B3,0.67,164038,17719,129083,#N/A,molecules1
molecules1,230511_Std_OnM_B12s_1,Vitamin B3,0.66,79555,6352,56344,#N/A,molecules1
molecules1,230511_Std_OnM_B12s_2,Vitamin B3,0.67,206598,9611,158913,#N/A,molecules1
molecules1,230511_Blk_DOM_blk_T0,Vitamin B3,0.67,376462,27825,245891,#N/A,molecules1
molecules1,230511_Blk_DOM_blk_T48,Vitamin B3,0.66,797727,58514,523983,#N/A,molecules1
molecules1,230511_Blk_Filter_blk_1,Vitamin B3,0.66,329084,10142,220581,#N/A,molecules1
molecules1,230511_Blk_Filter_blk_2,Vitamin B3,0.67,359134,36095,161555,#N/A,molecules1
molecules1,230511_Blk_Media_blk,Vitamin B3,0.67,361088,45768,292736,#N/A,molecules1
molecules1,230511_Poo_TruePooMortality_Full1,Vitamin B3,0.66,1118070,63862,890033,#N/A,molecules1
molecules1,230511_Poo_TruePooMortality_Full2,Vitamin B3,0.67,1124517,61754,899323,#N/A,molecules1
molecules1,230511_Poo_TruePooMortality_Full3,Vitamin B3,0.67,1006453,71746,820188,#N/A,molecules1
molecules1,230511_Poo_TruePooMortality_Full4,Vitamin B3,0.68,90612,67974,42176,#N/A,molecules1
molecules1,230511_Smp_A_1C_T0,Vitamin B3,0.67,497418,82556,328930,#N/A,molecules1
molecules1,230511_Smp_A_1C_T12,Vitamin B3,0.67,554962,28758,298125,#N/A,molecules1
molecules1,230511_Smp_A_1C_T18,Vitamin B3,0.66,537989,31588,279442,#N/A,molecules1
molecules1,230511_Smp_A_1C_T24,Vitamin B3,0.67,1011253,53522,750254,#N/A,molecules1
molecules1,230511_Smp_A_1C_T30,Vitamin B3,0.66,401597,66866,221185,#N/A,molecules1
molecules1,230511_Smp_A_1C_T36,Vitamin B3,0.67,5289549,218617,4613536,#N/A,molecules1
molecules1,230511_Smp_A_1C_T42,Vitamin B3,0.67,648374,27833,456361,#N/A,molecules1
molecules1,230511_Smp_A_1C_T48,Vitamin B3,0.67,1637392,70819,1196517,#N/A,molecules1
molecules1,230511_Smp_A_1C_T6,Vitamin B3,0.66,595795,53019,312197,#N/A,molecules1
molecules1,230511_Smp_A_3LV_T0,Vitamin B3,0.67,714564,48238,458115,#N/A,molecules1
molecules1,230511_Smp_A_3LV_T12,Vitamin B3,0.67,434004,26242,236493,#N/A,molecules1
molecules1,230511_Smp_A_3LV_T24,Vitamin B3,0.67,880477,52617,666267,#N/A,molecules1
molecules1,230511_Smp_A_3LV_T36,Vitamin B3,0.67,4335814,296824,3876958,#N/A,molecules1
molecules1,230511_Smp_A_3LV_T48,Vitamin B3,0.67,1389753,49682,894808,#N/A,molecules1
molecules1,230511_Smp_A_4LGV_T0,Vitamin B3,0.67,753520,53362,397300,#N/A,molecules1
molecules1,230511_Smp_A_4LGV_T12,Vitamin B3,0.67,316555,11566,204390,#N/A,molecules1
molecules1,230511_Smp_A_4LGV_T24,Vitamin B3,0.67,494854,44584,309581,#N/A,molecules1
molecules1,230511_Smp_A_4LGV_T36,Vitamin B3,0.67,477222,47194,375602,#N/A,molecules1
molecules1,230511_Smp_A_4LGV_T48,Vitamin B3,0.67,706750,55752,586285,#N/A,molecules1
molecules1,230511_Smp_A_6HV_T0,Vitamin B3,0.66,468194,108987,345973,#N/A,molecules1
molecules1,230511_Smp_A_6HV_T12,Vitamin B3,0.66,672285,71374,344966,#N/A,molecules1
molecules1,230511_Smp_A_6HV_T24,Vitamin B3,0.67,3933059,224421,3451663,#N/A,molecules1
molecules1,230511_Smp_A_6HV_T36,Vitamin B3,0.67,8071587,455430,6939582,#N/A,molecules1
molecules1,230511_Smp_A_6HV_T48,Vitamin B3,0.67,3480033,183243,2881880,#N/A,molecules1
molecules1,230511_Smp_A_8G_T0,Vitamin B3,0.67,589816,30290,323331,#N/A,molecules1
molecules1,230511_Smp_A_8G_T48,Vitamin B3,0.67,4222962,189882,3534797,#N/A,molecules1
molecules1,230511_Smp_A_9V_T0,Vitamin B3,0.67,305390,8183,182657,#N/A,molecules1
molecules1,230511_Smp_B_1C_T0,Vitamin B3,0.66,487470,34081,260353,#N/A,molecules1
molecules1,230511_Smp_B_1C_T12,Vitamin B3,0.67,533545,24074,287450,#N/A,molecules1
molecules1,230511_Smp_B_1C_T18,Vitamin B3,0.66,596203,105435,319895,#N/A,molecules1
molecules1,230511_Smp_B_1C_T24,Vitamin B3,0.67,845162,43790,690594,#N/A,molecules1
molecules1,230511_Smp_B_1C_T30,Vitamin B3,0.67,900448,38805,651726,#N/A,molecules1
molecules1,230511_Smp_B_1C_T36,Vitamin B3,0.67,2288221,240018,1615714,#N/A,molecules1
molecules1,230511_Smp_B_1C_T42,Vitamin B3,0.66,935808,98523,505793,#N/A,molecules1
molecules1,230511_Smp_B_1C_T48,Vitamin B3,0.67,1769524,83741,1353634,#N/A,molecules1
molecules1,230511_Smp_B_1C_T6,Vitamin B3,0.66,513439,121493,271835,#N/A,molecules1
molecules1,230511_Smp_B_3LV_T0,Vitamin B3,0.67,512863,49746,306295,#N/A,molecules1
molecules1,230511_Smp_B_3LV_T12,Vitamin B3,0.67,313365,20747,212441,#N/A,molecules1
molecules1,230511_Smp_B_3LV_T24,Vitamin B3,0.67,1023370,61523,782886,#N/A,molecules1
molecules1,230511_Smp_B_3LV_T36,Vitamin B3,0.67,7638830,390213,6391726,#N/A,molecules1
molecules1,230511_Smp_B_3LV_T48,Vitamin B3,0.66,2036172,128532,1598280,#N/A,molecules1
molecules1,230511_Smp_B_4LGV_T0,Vitamin B3,0.66,544113,81566,332471,#N/A,molecules1
molecules1,230511_Smp_B_4LGV_T12,Vitamin B3,0.67,369681,72569,192119,#N/A,molecules1
molecules1,230511_Smp_B_4LGV_T24,Vitamin B3,0.72,22,0,21,#N/A,molecules1
molecules1,230511_Smp_B_4LGV_T36,Vitamin B3,0.67,1092221,74331,849056,#N/A,molecules1
molecules1,230511_Smp_B_4LGV_T48,Vitamin B3,0.67,484872,81061,414931,#N/A,molecules1
molecules1,230511_Smp_B_6HV_T0,Vitamin B3,0.67,830433,75329,550215,#N/A,molecules1
molecules1,230511_Smp_B_6HV_T12,Vitamin B3,0.67,423805,50826,244708,#N/A,molecules1
molecules1,230511_Smp_B_6HV_T24,Vitamin B3,0.67,1452647,75266,1107461,#N/A,molecules1
molecules1,230511_Smp_B_6HV_T36,Vitamin B3,0.66,4476564,228489,3477831,#N/A,molecules1
molecules1,230511_Smp_B_6HV_T48,Vitamin B3,0.67,2570074,178485,2180078,#N/A,molecules1
molecules1,230511_Smp_C_1C_T0,Vitamin B3,0.66,694975,94909,447013,#N/A,molecules1
molecules1,230511_Smp_C_1C_T12,Vitamin B3,0.67,558629,103206,414027,#N/A,molecules1
molecules1,230511_Smp_C_1C_T18,Vitamin B3,0.67,551213,86152,343528,#N/A,molecules1
molecules1,230511_Smp_C_1C_T24,Vitamin B3,0.67,1227802,55881,945250,#N/A,molecules1
molecules1,230511_Smp_C_1C_T30,Vitamin B3,0.67,687166,37046,433171,#N/A,molecules1
molecules1,230511_Smp_C_1C_T36,Vitamin B3,0.67,1336498,98593,1082140,#N/A,molecules1
molecules1,230511_Smp_C_1C_T42,Vitamin B3,0.66,666293,65020,315512,#N/A,molecules1
molecules1,230511_Smp_C_1C_T48,Vitamin B3,0.67,2112343,80241,1747061,#N/A,molecules1
molecules1,230511_Smp_C_1C_T6,Vitamin B3,0.66,2180995,101676,1627648,#N/A,molecules1
molecules1,230511_Smp_C_3LV_T0,Vitamin B3,0.67,691660,76774,408177,#N/A,molecules1
molecules1,230511_Smp_C_3LV_T12,Vitamin B3,0.67,610011,95696,509528,#N/A,molecules1
molecules1,230511_Smp_C_3LV_T24,Vitamin B3,0.67,1114199,102323,833678,#N/A,molecules1
molecules1,230511_Smp_C_3LV_T36,Vitamin B3,0.67,2348686,111654,1923209,#N/A,molecules1
molecules1,230511_Smp_C_3LV_T48,Vitamin B3,0.67,542156,65869,455467,#N/A,molecules1
molecules1,230511_Smp_C_4LGV_T0,Vitamin B3,0.66,502419,53777,270621,#N/A,molecules1
molecules1,230511_Smp_C_4LGV_T12,Vitamin B3,0.66,440502,76790,248527,#N/A,molecules1
molecules1,230511_Smp_C_4LGV_T24,Vitamin B3,0.67,426951,52209,277726,#N/A,molecules1
molecules1,230511_Smp_C_4LGV_T36,Vitamin B3,0.67,611200,54366,496321,#N/A,molecules1
molecules1,230511_Smp_C_4LGV_T48,Vitamin B3,0.67,670365,54368,529780,#N/A,molecules1
molecules1,230511_Smp_C_6HV_T0,Vitamin B3,0.67,595272,30119,350557,#N/A,molecules1
molecules1,230511_Smp_C_6HV_T12,Vitamin B3,0.67,426975,98197,287720,#N/A,molecules1
molecules1,230511_Smp_C_6HV_T24,Vitamin B3,0.67,1964874,95535,1579591,#N/A,molecules1
molecules1,230511_Smp_C_6HV_T36,Vitamin B3,0.67,2011318,141049,1595389,#N/A,molecules1
molecules1,230511_Smp_C_6HV_T48,Vitamin B3,0.67,2217894,199196,1891198,#N/A,molecules1
molecules1,230511_Smp_E_2LG_T0,Vitamin B3,0.67,465536,37092,214469,#N/A,molecules1
molecules1,230511_Smp_E_2LG_T24,Vitamin B3,0.67,410720,114786,243186,#N/A,molecules1
molecules1,230511_Smp_E_2LG_T36,Vitamin B3,0.67,938874,55305,707889,#N/A,molecules1
molecules1,230511_Smp_E_2LG_T48,Vitamin B3,0.67,840949,63905,731481,#N/A,molecules1
molecules1,230511_Smp_E_3LG_T0,Vitamin B3,0.67,288305,53707,213815,#N/A,molecules1
molecules1,230511_Smp_E_3LG_T24,Vitamin B3,0.66,541926,63563,290252,#N/A,molecules1
molecules1,230511_Smp_E_3LG_T36,Vitamin B3,0.67,1453188,185028,1132599,#N/A,molecules1
molecules1,230511_Smp_E_3LG_T48,Vitamin B3,0.66,904616,50971,697954,#N/A,molecules1
molecules1,230511_Smp_E_4LG_T0,Vitamin B3,0.67,437001,66894,218256,#N/A,molecules1
molecules1,230511_Smp_E_4LG_T24,Vitamin B3,0.66,608685,64500,322790,#N/A,molecules1
molecules1,230511_Smp_E_4LG_T36,Vitamin B3,0.66,727972,71083,490855,#N/A,molecules1
molecules1,230511_Smp_E_4LG_T48,Vitamin B3,0.67,625256,54066,456176,#N/A,molecules1
molecules1,230511_Smp_E_8G_T48,Vitamin B3,0.67,1397852,83292,1109612,#N/A,molecules1
molecules1,230511_Std_10nM_B12s_1,Vitamin B3,0.66,1098081,61041,845677,#N/A,molecules1
molecules1,230511_Std_10nM_B12s_2,Vitamin B3,0.67,1037403,60588,790310,#N/A,molecules1
molecules1,230511_Std_1nM_B12s_1,Vitamin B3,0.63,76131,136887,82307,#N/A,molecules1
molecules1,230511_Std_1nM_B12s_2,Vitamin B3,0.67,1073447,55726,840334,#N/A,molecules1
molecules1,230511_Std_20nM_B12s_1,Vitamin B3,0.66,1004770,117905,814899,#N/A,molecules1
molecules1,230511_Std_20nM_B12s_2,Vitamin B3,0.67,988551,73759,761101,#N/A,molecules1
molecules1,230511_Std_5nM_B12s_1,Vitamin B3,0.66,991170,90840,849017,#N/A,molecules1
molecules1,230511_Std_5nM_B12s_2,Vitamin B3,0.67,898919,139734,777354,#N/A,molecules1
molecules1,230511_Std_OnM_B12s_1,Vitamin B3,0.66,1006840,79604,795534,#N/A,molecules1
molecules1,230511_Std_OnM_B12s_2,Vitamin B3,0.67,1001236,123413,809703,#N/A,molecules1
molecules1,230511_Blk_DOM_blk_T0,Vitamin B5,0.77,45300,14945,12706,#N/A,molecules1
molecules1,230511_Blk_DOM_blk_T48,Vitamin B5,0.93,9537,57027,4032,#N/A,molecules1
molecules1,230511_Blk_Filter_blk_1,Vitamin B5,0.68,80229,114783,19415,#N/A,molecules1
molecules1,230511_Blk_Filter_blk_2,Vitamin B5,0.68,52515,128893,15910,#N/A,molecules1
molecules1,230511_Blk_Media_blk,Vitamin B5,0.95,27624,49636,11183,#N/A,molecules1
molecules1,230511_Poo_TruePooMortality_Full1,Vitamin B5,0.78,1080509,258201,228263,#N/A,molecules1
molecules1,230511_Poo_TruePooMortality_Full2,Vitamin B5,0.79,1162529,214796,233792,#N/A,molecules1
molecules1,230511_Poo_TruePooMortality_Full3,Vitamin B5,0.79,1257805,170991,199621,#N/A,molecules1
molecules1,230511_Poo_TruePooMortality_Full4,Vitamin B5,0.88,53023,82586,13336,#N/A,molecules1
molecules1,230511_Smp_A_1C_T0,Vitamin B5,0.76,271635,178112,110253,#N/A,molecules1
molecules1,230511_Smp_A_1C_T12,Vitamin B5,0.75,141330,97272,44363,#N/A,molecules1
molecules1,230511_Smp_A_1C_T18,Vitamin B5,0.79,29596,121234,16731,#N/A,molecules1
molecules1,230511_Smp_A_1C_T24,Vitamin B5,0.75,304450,150747,72696,#N/A,molecules1
molecules1,230511_Smp_A_1C_T30,Vitamin B5,0.85,134971,104635,23371,#N/A,molecules1
molecules1,230511_Smp_A_1C_T36,Vitamin B5,0.79,3108882,609255,611195,#N/A,molecules1
molecules1,230511_Smp_A_1C_T42,Vitamin B5,0.73,161728,137448,27841,#N/A,molecules1
molecules1,230511_Smp_A_1C_T48,Vitamin B5,0.77,218894,129197,46784,#N/A,molecules1
molecules1,230511_Smp_A_1C_T6,Vitamin B5,0.82,101916,90040,18548,#N/A,molecules1
molecules1,230511_Smp_A_3LV_T0,Vitamin B5,0.78,29758,142778,14552,#N/A,molecules1
molecules1,230511_Smp_A_3LV_T12,Vitamin B5,0.8,22999,59146,15189,#N/A,molecules1
molecules1,230511_Smp_A_3LV_T24,Vitamin B5,0.74,183907,110606,35668,#N/A,molecules1
molecules1,230511_Smp_A_3LV_T36,Vitamin B5,0.74,3065135,513715,465472,#N/A,molecules1
molecules1,230511_Smp_A_3LV_T48,Vitamin B5,0.84,1699818,147003,411601,#N/A,molecules1
molecules1,230511_Smp_A_4LGV_T0,Vitamin B5,0.88,26540,52228,10895,#N/A,molecules1
molecules1,230511_Smp_A_4LGV_T12,Vitamin B5,0.77,128300,103668,32105,#N/A,molecules1
molecules1,230511_Smp_A_4LGV_T24,Vitamin B5,0.79,496044,247835,82373,#N/A,molecules1
molecules1,230511_Smp_A_4LGV_T36,Vitamin B5,0.79,128756,46905,24003,#N/A,molecules1
molecules1,230511_Smp_A_4LGV_T48,Vitamin B5,0.74,140099,50329,40467,#N/A,molecules1
molecules1,230511_Smp_A_6HV_T0,Vitamin B5,0.74,92073,89436,22211,#N/A,molecules1
molecules1,230511_Smp_A_6HV_T12,Vitamin B5,0.8,62570,149449,19319,#N/A,molecules1
molecules1,230511_Smp_A_6HV_T24,Vitamin B5,0.75,569186,270840,98222,#N/A,molecules1
molecules1,230511_Smp_A_6HV_T36,Vitamin B5,0.78,42642604,2934260,9999333,#N/A,molecules1
molecules1,230511_Smp_A_6HV_T48,Vitamin B5,0.78,4790675,332862,657113,#N/A,molecules1
molecules1,230511_Smp_A_8G_T0,Vitamin B5,0.79,38373,71962,14495,#N/A,molecules1
molecules1,230511_Smp_A_8G_T48,Vitamin B5,0.8,2131992,227267,419256,#N/A,molecules1
molecules1,230511_Smp_A_9V_T0,Vitamin B5,0.78,12173,76682,9925,#N/A,molecules1
molecules1,230511_Smp_B_1C_T0,Vitamin B5,0.81,63527,96923,23967,#N/A,molecules1
molecules1,230511_Smp_B_1C_T12,Vitamin B5,0.75,57209,125942,33722,#N/A,molecules1
molecules1,230511_Smp_B_1C_T18,Vitamin B5,0.87,79246,114908,17721,#N/A,molecules1
molecules1,230511_Smp_B_1C_T24,Vitamin B5,0.74,450233,120860,64837,#N/A,molecules1
molecules1,230511_Smp_B_1C_T30,Vitamin B5,0.79,143665,126611,23506,#N/A,molecules1
molecules1,230511_Smp_B_1C_T36,Vitamin B5,0.83,1093057,201529,266313,#N/A,molecules1
molecules1,230511_Smp_B_1C_T42,Vitamin B5,0.84,235231,55230,69040,#N/A,molecules1
molecules1,230511_Smp_B_1C_T48,Vitamin B5,0.78,776164,175466,125789,#N/A,molecules1
molecules1,230511_Smp_B_1C_T6,Vitamin B5,0.84,89284,119036,23762,#N/A,molecules1
molecules1,230511_Smp_B_3LV_T0,Vitamin B5,0.78,60895,109461,24997,#N/A,molecules1
molecules1,230511_Smp_B_3LV_T12,Vitamin B5,0.79,117594,84570,27961,#N/A,molecules1
molecules1,230511_Smp_B_3LV_T24,Vitamin B5,0.78,385443,250381,51648,#N/A,molecules1
molecules1,230511_Smp_B_3LV_T36,Vitamin B5,0.79,34629508,639139,5766979,#N/A,molecules1
molecules1,230511_Smp_B_3LV_T48,Vitamin B5,0.79,3828108,360680,689359,#N/A,molecules1
molecules1,230511_Smp_B_4LGV_T0,Vitamin B5,0.81,84199,43877,21166,#N/A,molecules1
molecules1,230511_Smp_B_4LGV_T12,Vitamin B5,0.78,175763,111800,34897,#N/A,molecules1
molecules1,230511_Smp_B_4LGV_T24,Vitamin B5,0.8,69,0,63,#N/A,molecules1
molecules1,230511_Smp_B_4LGV_T36,Vitamin B5,0.78,1110450,135856,177108,#N/A,molecules1
molecules1,230511_Smp_B_4LGV_T48,Vitamin B5,0.75,131909,68482,25081,#N/A,molecules1
molecules1,230511_Smp_B_6HV_T0,Vitamin B5,0.79,23517,135093,10237,#N/A,molecules1
molecules1,230511_Smp_B_6HV_T12,Vitamin B5,0.77,37256,97825,15385,#N/A,molecules1
molecules1,230511_Smp_B_6HV_T24,Vitamin B5,0.79,1394808,231004,244935,#N/A,molecules1
molecules1,230511_Smp_B_6HV_T36,Vitamin B5,0.82,34585284,325279,8017895,#N/A,molecules1
molecules1,230511_Smp_B_6HV_T48,Vitamin B5,0.74,3094382,241851,353315,#N/A,molecules1
molecules1,230511_Smp_C_1C_T0,Vitamin B5,0.74,160418,142551,42685,#N/A,molecules1
molecules1,230511_Smp_C_1C_T12,Vitamin B5,0.75,156052,143690,33981,#N/A,molecules1
molecules1,230511_Smp_C_1C_T18,Vitamin B5,0.75,73617,160701,27014,#N/A,molecules1
molecules1,230511_Smp_C_1C_T24,Vitamin B5,0.74,552115,309330,99072,#N/A,molecules1
molecules1,230511_Smp_C_1C_T30,Vitamin B5,0.79,324010,81998,49195,#N/A,molecules1
molecules1,230511_Smp_C_1C_T36,Vitamin B5,0.8,358669,156428,69006,#N/A,molecules1
molecules1,230511_Smp_C_1C_T42,Vitamin B5,0.82,231643,117559,47673,#N/A,molecules1
molecules1,230511_Smp_C_1C_T48,Vitamin B5,0.73,623581,247986,92865,#N/A,molecules1
molecules1,230511_Smp_C_1C_T6,Vitamin B5,0.78,201016,87916,36682,#N/A,molecules1
molecules1,230511_Smp_C_3LV_T0,Vitamin B5,0.8,53142,165975,15670,#N/A,molecules1
molecules1,230511_Smp_C_3LV_T12,Vitamin B5,0.76,84967,118864,21851,#N/A,molecules1
molecules1,230511_Smp_C_3LV_T24,Vitamin B5,0.79,792049,134676,95883,#N/A,molecules1
molecules1,230511_Smp_C_3LV_T36,Vitamin B5,0.78,659060,197288,127938,#N/A,molecules1
molecules1,230511_Smp_C_3LV_T48,Vitamin B5,0.78,316438,102383,60027,#N/A,molecules1
molecules1,230511_Smp_C_4LGV_T0,Vitamin B5,0.79,166262,154775,44641,#N/A,molecules1
molecules1,230511_Smp_C_4LGV_T12,Vitamin B5,0.79,215290,104876,50220,#N/A,molecules1
molecules1,230511_Smp_C_4LGV_T24,Vitamin B5,0.8,698501,134644,136059,#N/A,molecules1
molecules1,230511_Smp_C_4LGV_T36,Vitamin B5,0.77,630083,35563,77079,#N/A,molecules1
molecules1,230511_Smp_C_4LGV_T48,Vitamin B5,0.82,412742,81061,82921,#N/A,molecules1
molecules1,230511_Smp_C_6HV_T0,Vitamin B5,0.78,106313,172800,26786,#N/A,molecules1
molecules1,230511_Smp_C_6HV_T12,Vitamin B5,0.79,185074,138181,30764,#N/A,molecules1
molecules1,230511_Smp_C_6HV_T24,Vitamin B5,0.77,2143560,240089,308288,#N/A,molecules1
molecules1,230511_Smp_C_6HV_T36,Vitamin B5,0.78,3280436,262300,531199,#N/A,molecules1
molecules1,230511_Smp_C_6HV_T48,Vitamin B5,0.76,3499603,174807,459773,#N/A,molecules1
molecules1,230511_Smp_E_2LG_T0,Vitamin B5,0.76,67480,153963,15727,#N/A,molecules1
molecules1,230511_Smp_E_2LG_T24,Vitamin B5,0.75,162513,147975,37412,#N/A,molecules1
molecules1,230511_Smp_E_2LG_T36,Vitamin B5,0.78,375630,65276,69253,#N/A,molecules1
molecules1,230511_Smp_E_2LG_T48,Vitamin B5,0.78,73946,137746,17849,#N/A,molecules1
molecules1,230511_Smp_E_3LG_T0,Vitamin B5,0.78,58591,112720,16839,#N/A,molecules1
molecules1,230511_Smp_E_3LG_T24,Vitamin B5,0.77,62452,144691,18220,#N/A,molecules1
molecules1,230511_Smp_E_3LG_T36,Vitamin B5,0.79,140792,150514,30380,#N/A,molecules1
molecules1,230511_Smp_E_3LG_T48,Vitamin B5,0.82,258910,41921,43789,#N/A,molecules1
molecules1,230511_Smp_E_4LG_T0,Vitamin B5,0.78,79948,155740,22353,#N/A,molecules1
molecules1,230511_Smp_E_4LG_T24,Vitamin B5,0.81,125718,116909,27958,#N/A,molecules1
molecules1,230511_Smp_E_4LG_T36,Vitamin B5,0.8,273696,109048,51802,#N/A,molecules1
molecules1,230511_Smp_E_4LG_T48,Vitamin B5,0.81,93669,153454,24420,#N/A,molecules1
molecules1,230511_Smp_E_8G_T48,Vitamin B5,0.79,201140,207859,37513,#N/A,molecules1
molecules1,230511_Std_10nM_B12s_1,Vitamin B5,0.78,1180906,176862,196614,#N/A,molecules1
molecules1,230511_Std_10nM_B12s_2,Vitamin B5,0.78,1247367,99183,199670,#N/A,molecules1
molecules1,230511_Std_1nM_B12s_1,Vitamin B5,0.78,1122658,196920,212611,#N/A,molecules1
molecules1,230511_Std_1nM_B12s_2,Vitamin B5,0.79,1176197,141391,212760,#N/A,molecules1
molecules1,230511_Std_20nM_B12s_1,Vitamin B5,0.79,1132837,167973,223943,#N/A,molecules1
molecules1,230511_Std_20nM_B12s_2,Vitamin B5,0.78,1074890,188922,188971,#N/A,molecules1
molecules1,230511_Std_5nM_B12s_1,Vitamin B5,0.78,1223578,120042,231308,#N/A,molecules1
molecules1,230511_Std_5nM_B12s_2,Vitamin B5,0.8,1204921,134996,195727,#N/A,molecules1
molecules1,230511_Std_OnM_B12s_1,Vitamin B5,0.79,1253020,76332,218768,#N/A,molecules1
molecules1,230511_Std_OnM_B12s_2,Vitamin B5,0.79,1090409,261080,197874,#N/A,molecules1
molecules1,230511_Blk_DOM_blk_T0,Vitamin B5,0.81,11427,2594,6105,#N/A,molecules1
molecules1,230511_Blk_DOM_blk_T48,Vitamin B5,0.87,17637,5747,8131,#N/A,molecules1
molecules1,230511_Blk_Filter_blk_1,Vitamin B5,0.67,46190,16322,9886,#N/A,molecules1
molecules1,230511_Blk_Filter_blk_2,Vitamin B5,0.67,58106,3685,10097,#N/A,molecules1
molecules1,230511_Blk_Media_blk,Vitamin B5,0.95,5246,2678,3107,#N/A,molecules1
molecules1,230511_Poo_TruePooMortality_Full1,Vitamin B5,0.79,4035102,190269,770299,#N/A,molecules1
molecules1,230511_Poo_TruePooMortality_Full2,Vitamin B5,0.79,3889826,264496,675867,#N/A,molecules1
molecules1,230511_Poo_TruePooMortality_Full3,Vitamin B5,0.79,4130082,227688,757695,#N/A,molecules1
molecules1,230511_Poo_TruePooMortality_Full4,Vitamin B5,0.85,3602,6769,4117,#N/A,molecules1
molecules1,230511_Smp_A_1C_T0,Vitamin B5,0.89,173725,19656,29580,#N/A,molecules1
molecules1,230511_Smp_A_1C_T12,Vitamin B5,0.77,143623,37720,36769,#N/A,molecules1
molecules1,230511_Smp_A_1C_T18,Vitamin B5,0.78,49931,168729,23501,#N/A,molecules1
molecules1,230511_Smp_A_1C_T24,Vitamin B5,0.79,383801,43005,52117,#N/A,molecules1
molecules1,230511_Smp_A_1C_T30,Vitamin B5,0.84,434349,22015,97312,#N/A,molecules1
molecules1,230511_Smp_A_1C_T36,Vitamin B5,0.79,9929147,977992,2149282,#N/A,molecules1
molecules1,230511_Smp_A_1C_T42,Vitamin B5,0.77,411889,47180,66779,#N/A,molecules1
molecules1,230511_Smp_A_1C_T48,Vitamin B5,0.81,702507,18303,152118,#N/A,molecules1
molecules1,230511_Smp_A_1C_T6,Vitamin B5,0.83,216429,35863,51017,#N/A,molecules1
molecules1,230511_Smp_A_3LV_T0,Vitamin B5,0.89,134237,49293,44280,#N/A,molecules1
molecules1,230511_Smp_A_3LV_T12,Vitamin B5,0.9,26852,26054,13537,#N/A,molecules1
molecules1,230511_Smp_A_3LV_T24,Vitamin B5,0.76,492567,63972,78875,#N/A,molecules1
molecules1,230511_Smp_A_3LV_T36,Vitamin B5,0.75,10518487,1204834,1501239,#N/A,molecules1
molecules1,230511_Smp_A_3LV_T48,Vitamin B5,0.84,5784299,98360,1414793,#N/A,molecules1
molecules1,230511_Smp_A_4LGV_T0,Vitamin B5,0.89,58815,6923,24391,#N/A,molecules1
molecules1,230511_Smp_A_4LGV_T12,Vitamin B5,0.76,291006,108284,59889,#N/A,molecules1
molecules1,230511_Smp_A_4LGV_T24,Vitamin B5,0.78,1665284,92128,276402,#N/A,molecules1
molecules1,230511_Smp_A_4LGV_T36,Vitamin B5,0.77,329448,86566,65686,#N/A,molecules1
molecules1,230511_Smp_A_4LGV_T48,Vitamin B5,0.74,398691,67070,97032,#N/A,molecules1
molecules1,230511_Smp_A_6HV_T0,Vitamin B5,0.75,181387,51075,32592,#N/A,molecules1
molecules1,230511_Smp_A_6HV_T12,Vitamin B5,0.79,229341,73922,51567,#N/A,molecules1
molecules1,230511_Smp_A_6HV_T24,Vitamin B5,0.76,1867162,219611,269431,#N/A,molecules1
molecules1,230511_Smp_A_6HV_T36,Vitamin B5,0.78,149141520,9874420,35166884,#N/A,molecules1
molecules1,230511_Smp_A_6HV_T48,Vitamin B5,0.78,16504936,391634,2382349,#N/A,molecules1
molecules1,230511_Smp_A_8G_T0,Vitamin B5,0.8,18811,35870,7441,#N/A,molecules1
molecules1,230511_Smp_A_8G_T48,Vitamin B5,0.8,7363184,219570,1478849,#N/A,molecules1
molecules1,230511_Smp_A_9V_T0,Vitamin B5,0.86,7885,7057,3610,#N/A,molecules1
molecules1,230511_Smp_B_1C_T0,Vitamin B5,0.88,82242,20724,27249,#N/A,molecules1
molecules1,230511_Smp_B_1C_T12,Vitamin B5,0.79,26311,140696,16728,#N/A,molecules1
molecules1,230511_Smp_B_1C_T18,Vitamin B5,0.87,259933,21703,56460,#N/A,molecules1
molecules1,230511_Smp_B_1C_T24,Vitamin B5,0.75,1207171,82102,171046,#N/A,molecules1
molecules1,230511_Smp_B_1C_T30,Vitamin B5,0.89,374559,58662,54852,#N/A,molecules1
molecules1,230511_Smp_B_1C_T36,Vitamin B5,0.84,3995171,232032,896238,#N/A,molecules1
molecules1,230511_Smp_B_1C_T42,Vitamin B5,0.84,815062,19716,244038,#N/A,molecules1
molecules1,230511_Smp_B_1C_T48,Vitamin B5,0.78,2653803,120843,422656,#N/A,molecules1
molecules1,230511_Smp_B_1C_T6,Vitamin B5,0.84,276013,24132,62803,#N/A,molecules1
molecules1,230511_Smp_B_3LV_T0,Vitamin B5,0.79,125533,13068,34541,#N/A,molecules1
molecules1,230511_Smp_B_3LV_T12,Vitamin B5,0.77,206458,140825,50484,#N/A,molecules1
molecules1,230511_Smp_B_3LV_T24,Vitamin B5,0.78,1311253,389694,216504,#N/A,molecules1
molecules1,230511_Smp_B_3LV_T36,Vitamin B5,0.79,121720536,1654309,19720202,#N/A,molecules1
molecules1,230511_Smp_B_3LV_T48,Vitamin B5,0.78,13886977,435262,2569197,#N/A,molecules1
molecules1,230511_Smp_B_4LGV_T0,Vitamin B5,0.89,123866,30394,30194,#N/A,molecules1
molecules1,230511_Smp_B_4LGV_T12,Vitamin B5,0.79,418899,106632,80738,#N/A,molecules1
molecules1,230511_Smp_B_4LGV_T24,Vitamin B5,0.77,66,0,34,#N/A,molecules1
molecules1,230511_Smp_B_4LGV_T36,Vitamin B5,0.79,3475395,209133,615297,#N/A,molecules1
molecules1,230511_Smp_B_4LGV_T48,Vitamin B5,0.77,379157,67815,66048,#N/A,molecules1
molecules1,230511_Smp_B_6HV_T0,Vitamin B5,0.88,200557,56351,42564,#N/A,molecules1
molecules1,230511_Smp_B_6HV_T12,Vitamin B5,0.77,54793,99674,17729,#N/A,molecules1
molecules1,230511_Smp_B_6HV_T24,Vitamin B5,0.79,4600096,159404,813475,#N/A,molecules1
molecules1,230511_Smp_B_6HV_T36,Vitamin B5,0.82,121652416,1080405,28818934,#N/A,molecules1
molecules1,230511_Smp_B_6HV_T48,Vitamin B5,0.75,10744295,263659,1310361,#N/A,molecules1
molecules1,230511_Smp_C_1C_T0,Vitamin B5,0.78,319326,74405,57930,#N/A,molecules1
molecules1,230511_Smp_C_1C_T12,Vitamin B5,0.76,460521,23068,80343,#N/A,molecules1
molecules1,230511_Smp_C_1C_T18,Vitamin B5,0.77,188451,65609,40747,#N/A,molecules1
molecules1,230511_Smp_C_1C_T24,Vitamin B5,0.74,1755750,331617,263374,#N/A,molecules1
molecules1,230511_Smp_C_1C_T30,Vitamin B5,0.76,839109,29426,135762,#N/A,molecules1
molecules1,230511_Smp_C_1C_T36,Vitamin B5,0.8,919126,108730,198637,#N/A,molecules1
molecules1,230511_Smp_C_1C_T42,Vitamin B5,0.84,663200,7347,148531,#N/A,molecules1
molecules1,230511_Smp_C_1C_T48,Vitamin B5,0.75,1739438,339250,244385,#N/A,molecules1
molecules1,230511_Smp_C_1C_T6,Vitamin B5,0.81,264654,56236,50373,#N/A,molecules1
molecules1,230511_Smp_C_3LV_T0,Vitamin B5,0.78,206457,49783,47495,#N/A,molecules1
molecules1,230511_Smp_C_3LV_T12,Vitamin B5,0.75,180406,57525,52031,#N/A,molecules1
molecules1,230511_Smp_C_3LV_T24,Vitamin B5,0.75,2452351,156398,304592,#N/A,molecules1
molecules1,230511_Smp_C_3LV_T36,Vitamin B5,0.8,2532817,57752,437195,#N/A,molecules1
molecules1,230511_Smp_C_3LV_T48,Vitamin B5,0.79,1124418,101921,180726,#N/A,molecules1
molecules1,230511_Smp_C_4LGV_T0,Vitamin B5,0.78,341314,125945,70636,#N/A,molecules1
molecules1,230511_Smp_C_4LGV_T12,Vitamin B5,0.79,599364,89698,112902,#N/A,molecules1
molecules1,230511_Smp_C_4LGV_T24,Vitamin B5,0.8,2455254,105563,468716,#N/A,molecules1
molecules1,230511_Smp_C_4LGV_T36,Vitamin B5,0.77,2063137,52162,301350,#N/A,molecules1
molecules1,230511_Smp_C_4LGV_T48,Vitamin B5,0.81,1541064,96795,332497,#N/A,molecules1
molecules1,230511_Smp_C_6HV_T0,Vitamin B5,0.89,371138,28090,74560,#N/A,molecules1
molecules1,230511_Smp_C_6HV_T12,Vitamin B5,0.77,398611,42564,67321,#N/A,molecules1
molecules1,230511_Smp_C_6HV_T24,Vitamin B5,0.77,6779299,481469,931286,#N/A,molecules1
molecules1,230511_Smp_C_6HV_T36,Vitamin B5,0.78,11326191,399978,1887772,#N/A,molecules1
molecules1,230511_Smp_C_6HV_T48,Vitamin B5,0.77,11619575,262199,1610187,#N/A,molecules1
molecules1,230511_Smp_E_2LG_T0,Vitamin B5,0.89,154382,62040,35035,#N/A,molecules1
molecules1,230511_Smp_E_2LG_T24,Vitamin B5,0.78,444403,99808,86677,#N/A,molecules1
molecules1,230511_Smp_E_2LG_T36,Vitamin B5,0.77,1113537,79508,187227,#N/A,molecules1
molecules1,230511_Smp_E_2LG_T48,Vitamin B5,0.78,340779,72541,58618,#N/A,molecules1
molecules1,230511_Smp_E_3LG_T0,Vitamin B5,0.77,151491,11750,30631,#N/A,molecules1
molecules1,230511_Smp_E_3LG_T24,Vitamin B5,0.79,147549,184677,49303,#N/A,molecules1
molecules1,230511_Smp_E_3LG_T36,Vitamin B5,0.8,514652,151575,114938,#N/A,molecules1
molecules1,230511_Smp_E_3LG_T48,Vitamin B5,0.81,736770,104479,145748,#N/A,molecules1
molecules1,230511_Smp_E_4LG_T0,Vitamin B5,0.79,236924,84396,52160,#N/A,molecules1
molecules1,230511_Smp_E_4LG_T24,Vitamin B5,0.88,350357,81152,67939,#N/A,molecules1
molecules1,230511_Smp_E_4LG_T36,Vitamin B5,0.79,857553,113316,192557,#N/A,molecules1
molecules1,230511_Smp_E_4LG_T48,Vitamin B5,0.81,481244,58211,84420,#N/A,molecules1
molecules1,230511_Smp_E_8G_T48,Vitamin B5,0.77,701834,37110,112427,#N/A,molecules1
molecules1,230511_Std_10nM_B12s_1,Vitamin B5,0.78,3936204,206455,748944,#N/A,molecules1
molecules1,230511_Std_10nM_B12s_2,Vitamin B5,0.78,3871330,81346,699096,#N/A,molecules1
molecules1,230511_Std_1nM_B12s_1,Vitamin B5,0.78,3967164,73255,781694,#N/A,molecules1
molecules1,230511_Std_1nM_B12s_2,Vitamin B5,0.78,3874794,182762,714086,#N/A,molecules1
molecules1,230511_Std_20nM_B12s_1,Vitamin B5,0.78,3823349,159849,729787,#N/A,molecules1
molecules1,230511_Std_20nM_B12s_2,Vitamin B5,0.78,3484886,266068,662499,#N/A,molecules1
molecules1,230511_Std_5nM_B12s_1,Vitamin B5,0.79,4066186,22640,786331,#N/A,molecules1
molecules1,230511_Std_5nM_B12s_2,Vitamin B5,0.78,3962445,190382,752106,#N/A,molecules1
molecules1,230511_Std_OnM_B12s_1,Vitamin B5,0.78,3990284,38374,764818,#N/A,molecules1
molecules1,230511_Std_OnM_B12s_2,Vitamin B5,0.78,3935952,215464,718775,#N/A,molecules1
molecules1,230511_Blk_DOM_blk_T0,Vitamin B6,0.71,87282,31244,27677,#N/A,molecules1
molecules1,230511_Blk_DOM_blk_T48,Vitamin B6,0.67,104182,27058,31522,#N/A,molecules1
molecules1,230511_Blk_Filter_blk_1,Vitamin B6,0.68,98419,59057,56669,#N/A,molecules1
molecules1,230511_Blk_Filter_blk_2,Vitamin B6,0.68,118223,101519,54646,#N/A,molecules1
molecules1,230511_Blk_Media_blk,Vitamin B6,0.72,118918,30316,35921,#N/A,molecules1
molecules1,230511_Poo_TruePooMortality_Full1,Vitamin B6,0.71,3221500,179724,1860775,#N/A,molecules1
molecules1,230511_Poo_TruePooMortality_Full2,Vitamin B6,0.72,3294023,125973,1851503,#N/A,molecules1
molecules1,230511_Poo_TruePooMortality_Full3,Vitamin B6,0.72,3258184,303633,1826865,#N/A,molecules1
molecules1,230511_Poo_TruePooMortality_Full4,Vitamin B6,0.63,554717,5253,116644,#N/A,molecules1
molecules1,230511_Smp_A_1C_T0,Vitamin B6,0.72,551455,14217,307087,#N/A,molecules1
molecules1,230511_Smp_A_1C_T12,Vitamin B6,0.72,695165,20860,402824,#N/A,molecules1
molecules1,230511_Smp_A_1C_T18,Vitamin B6,0.72,609889,94384,545046,#N/A,molecules1
molecules1,230511_Smp_A_1C_T24,Vitamin B6,0.7,70808,50690,26692,#N/A,molecules1
molecules1,230511_Smp_A_1C_T30,Vitamin B6,0.72,501936,23284,256059,#N/A,molecules1
molecules1,230511_Smp_A_1C_T36,Vitamin B6,0.72,27445960,64313,24997214,#N/A,molecules1
molecules1,230511_Smp_A_1C_T42,Vitamin B6,0.7,332359,43889,444028,#N/A,molecules1
molecules1,230511_Smp_A_1C_T48,Vitamin B6,0.7,297805,42522,230082,#N/A,molecules1
molecules1,230511_Smp_A_1C_T6,Vitamin B6,0.72,545985,133630,271950,#N/A,molecules1
molecules1,230511_Smp_A_3LV_T0,Vitamin B6,0.72,483674,49467,288051,#N/A,molecules1
molecules1,230511_Smp_A_3LV_T12,Vitamin B6,0.72,211906,50719,230899,#N/A,molecules1
molecules1,230511_Smp_A_3LV_T24,Vitamin B6,0.7,339168,28068,466214,#N/A,molecules1
molecules1,230511_Smp_A_3LV_T36,Vitamin B6,0.66,8833,43083,6917,#N/A,molecules1
molecules1,230511_Smp_A_3LV_T48,Vitamin B6,0.72,2047638,34737,1216340,#N/A,molecules1
molecules1,230511_Smp_A_4LGV_T0,Vitamin B6,0.72,660532,93836,355890,#N/A,molecules1
molecules1,230511_Smp_A_4LGV_T12,Vitamin B6,0.7,62532,23177,66703,#N/A,molecules1
molecules1,230511_Smp_A_4LGV_T24,Vitamin B6,0.72,339343,37089,195641,#N/A,molecules1
molecules1,230511_Smp_A_4LGV_T36,Vitamin B6,0.7,4624,10923,8034,#N/A,molecules1
molecules1,230511_Smp_A_4LGV_T48,Vitamin B6,0.71,90937,37742,65472,#N/A,molecules1
molecules1,230511_Smp_A_6HV_T0,Vitamin B6,0.72,484226,41222,326591,#N/A,molecules1
molecules1,230511_Smp_A_6HV_T12,Vitamin B6,0.72,727319,109271,341853,#N/A,molecules1
molecules1,230511_Smp_A_6HV_T24,Vitamin B6,0.71,300638,38673,440016,#N/A,molecules1
molecules1,230511_Smp_A_6HV_T36,Vitamin B6,0.7,115450,57021,173184,#N/A,molecules1
molecules1,230511_Smp_A_6HV_T48,Vitamin B6,0.72,745694,144299,417724,#N/A,molecules1
molecules1,230511_Smp_A_8G_T0,Vitamin B6,0.67,171353,84655,64128,#N/A,molecules1
molecules1,230511_Smp_A_8G_T48,Vitamin B6,0.72,188839,68219,98978,#N/A,molecules1
molecules1,230511_Smp_A_9V_T0,Vitamin B6,0.68,97278,3358,26354,#N/A,molecules1
molecules1,230511_Smp_B_1C_T0,Vitamin B6,0.72,644182,43098,319322,#N/A,molecules1
molecules1,230511_Smp_B_1C_T12,Vitamin B6,0.72,698806,56226,433597,#N/A,molecules1
molecules1,230511_Smp_B_1C_T18,Vitamin B6,0.71,1187958,54750,684461,#N/A,molecules1
molecules1,230511_Smp_B_1C_T24,Vitamin B6,0.72,1486825,46633,1803968,#N/A,molecules1
molecules1,230511_Smp_B_1C_T30,Vitamin B6,0.72,726298,50681,801641,#N/A,molecules1
molecules1,230511_Smp_B_1C_T36,Vitamin B6,0.71,3544281,47168,4849616,#N/A,molecules1
molecules1,230511_Smp_B_1C_T42,Vitamin B6,0.71,4127617,52211,2840916,#N/A,molecules1
molecules1,230511_Smp_B_1C_T48,Vitamin B6,0.72,7265760,52760,6771173,#N/A,molecules1
molecules1,230511_Smp_B_1C_T6,Vitamin B6,0.72,597699,43318,220419,#N/A,molecules1
molecules1,230511_Smp_B_3LV_T0,Vitamin B6,0.72,700330,59317,361894,#N/A,molecules1
molecules1,230511_Smp_B_3LV_T12,Vitamin B6,0.71,381520,40227,560603,#N/A,molecules1
molecules1,230511_Smp_B_3LV_T24,Vitamin B6,0.71,901361,55283,1447520,#N/A,molecules1
molecules1,230511_Smp_B_3LV_T36,Vitamin B6,0.72,7249829,54040,9908660,#N/A,molecules1
molecules1,230511_Smp_B_3LV_T48,Vitamin B6,0.7,507594,51510,732918,#N/A,molecules1
molecules1,230511_Smp_B_4LGV_T0,Vitamin B6,0.72,691531,36913,379889,#N/A,molecules1
molecules1,230511_Smp_B_4LGV_T12,Vitamin B6,0.72,358156,81374,206366,#N/A,molecules1
molecules1,230511_Smp_B_4LGV_T24,Vitamin B6,0.78,30,0,23,#N/A,molecules1
molecules1,230511_Smp_B_4LGV_T36,Vitamin B6,0.72,556560,63265,510111,#N/A,molecules1
molecules1,230511_Smp_B_4LGV_T48,Vitamin B6,0.72,491067,38515,287417,#N/A,molecules1
molecules1,230511_Smp_B_6HV_T0,Vitamin B6,0.72,683797,13130,342828,#N/A,molecules1
molecules1,230511_Smp_B_6HV_T12,Vitamin B6,0.72,501830,60497,295319,#N/A,molecules1
molecules1,230511_Smp_B_6HV_T24,Vitamin B6,0.72,933788,30926,585640,#N/A,molecules1
molecules1,230511_Smp_B_6HV_T36,Vitamin B6,0.72,2809362,91612,1549070,#N/A,molecules1
molecules1,230511_Smp_B_6HV_T48,Vitamin B6,0.72,526920,70950,500552,#N/A,molecules1
molecules1,230511_Smp_C_1C_T0,Vitamin B6,0.72,858579,61561,953872,#N/A,molecules1
molecules1,230511_Smp_C_1C_T12,Vitamin B6,0.71,753676,44036,1019735,#N/A,molecules1
molecules1,230511_Smp_C_1C_T18,Vitamin B6,0.72,1524720,39274,1733914,#N/A,molecules1
molecules1,230511_Smp_C_1C_T24,Vitamin B6,0.72,4020516,41679,3008851,#N/A,molecules1
molecules1,230511_Smp_C_1C_T30,Vitamin B6,0.72,950642,43274,1055166,#N/A,molecules1
molecules1,230511_Smp_C_1C_T36,Vitamin B6,0.72,11321861,58579,9249955,#N/A,molecules1
molecules1,230511_Smp_C_1C_T42,Vitamin B6,0.72,4272618,40262,3095540,#N/A,molecules1
molecules1,230511_Smp_C_1C_T48,Vitamin B6,0.72,10954568,63393,8971769,#N/A,molecules1
molecules1,230511_Smp_C_1C_T6,Vitamin B6,0.72,1361844,55275,728569,#N/A,molecules1
molecules1,230511_Smp_C_3LV_T0,Vitamin B6,0.72,1128376,49922,771175,#N/A,molecules1
molecules1,230511_Smp_C_3LV_T12,Vitamin B6,0.72,923188,56509,906628,#N/A,molecules1
molecules1,230511_Smp_C_3LV_T24,Vitamin B6,0.71,3144531,38565,3386966,#N/A,molecules1
molecules1,230511_Smp_C_3LV_T36,Vitamin B6,0.72,6370411,75751,6231705,#N/A,molecules1
molecules1,230511_Smp_C_3LV_T48,Vitamin B6,0.72,417541,32112,256388,#N/A,molecules1
molecules1,230511_Smp_C_4LGV_T0,Vitamin B6,0.72,1357694,39628,698119,#N/A,molecules1
molecules1,230511_Smp_C_4LGV_T12,Vitamin B6,0.72,756906,10093,709034,#N/A,molecules1
molecules1,230511_Smp_C_4LGV_T24,Vitamin B6,0.72,285981,44088,152137,#N/A,molecules1
molecules1,230511_Smp_C_4LGV_T36,Vitamin B6,0.72,354855,31872,328496,#N/A,molecules1
molecules1,230511_Smp_C_4LGV_T48,Vitamin B6,0.72,258281,28906,142500,#N/A,molecules1
molecules1,230511_Smp_C_6HV_T0,Vitamin B6,0.72,887336,25305,767703,#N/A,molecules1
molecules1,230511_Smp_C_6HV_T12,Vitamin B6,0.72,703318,12294,798480,#N/A,molecules1
molecules1,230511_Smp_C_6HV_T24,Vitamin B6,0.71,780671,47207,1106548,#N/A,molecules1
molecules1,230511_Smp_C_6HV_T36,Vitamin B6,0.72,959089,45375,1061297,#N/A,molecules1
molecules1,230511_Smp_C_6HV_T48,Vitamin B6,0.72,907795,45428,572629,#N/A,molecules1
molecules1,230511_Smp_E_2LG_T0,Vitamin B6,0.72,658943,57722,393489,#N/A,molecules1
molecules1,230511_Smp_E_2LG_T24,Vitamin B6,0.72,583938,49754,290173,#N/A,molecules1
molecules1,230511_Smp_E_2LG_T36,Vitamin B6,0.71,351025,47051,165250,#N/A,molecules1
molecules1,230511_Smp_E_2LG_T48,Vitamin B6,0.72,86243,31165,68877,#N/A,molecules1
molecules1,230511_Smp_E_3LG_T0,Vitamin B6,0.7,21358,38956,38537,#N/A,molecules1
molecules1,230511_Smp_E_3LG_T24,Vitamin B6,0.72,694885,73163,352013,#N/A,molecules1
molecules1,230511_Smp_E_3LG_T36,Vitamin B6,0.72,362789,25537,147704,#N/A,molecules1
molecules1,230511_Smp_E_3LG_T48,Vitamin B6,0.71,355355,31520,262708,#N/A,molecules1
molecules1,230511_Smp_E_4LG_T0,Vitamin B6,0.72,697240,51269,422226,#N/A,molecules1
molecules1,230511_Smp_E_4LG_T24,Vitamin B6,0.72,773074,70732,437346,#N/A,molecules1
molecules1,230511_Smp_E_4LG_T36,Vitamin B6,0.71,453790,74985,217809,#N/A,molecules1
molecules1,230511_Smp_E_4LG_T48,Vitamin B6,0.71,222548,51614,107680,#N/A,molecules1
molecules1,230511_Smp_E_8G_T48,Vitamin B6,0.72,242926,48121,148851,#N/A,molecules1
molecules1,230511_Std_10nM_B12s_1,Vitamin B6,0.71,1850040,75512,1528974,#N/A,molecules1
molecules1,230511_Std_10nM_B12s_2,Vitamin B6,0.71,859985,25655,1213947,#N/A,molecules1
molecules1,230511_Std_1nM_B12s_1,Vitamin B6,0.71,1588633,63795,1470138,#N/A,molecules1
molecules1,230511_Std_1nM_B12s_2,Vitamin B6,0.71,929098,37376,1344722,#N/A,molecules1
molecules1,230511_Std_20nM_B12s_1,Vitamin B6,0.71,1355517,20784,1557216,#N/A,molecules1
molecules1,230511_Std_20nM_B12s_2,Vitamin B6,0.7,103476,34947,78444,#N/A,molecules1
molecules1,230511_Std_5nM_B12s_1,Vitamin B6,0.71,1247560,43461,1487866,#N/A,molecules1
molecules1,230511_Std_5nM_B12s_2,Vitamin B6,0.71,521012,42835,761452,#N/A,molecules1
molecules1,230511_Std_OnM_B12s_1,Vitamin B6,0.71,1000581,52998,1451736,#N/A,molecules1
molecules1,230511_Std_OnM_B12s_2,Vitamin B6,0.72,2238779,51958,1631332,#N/A,molecules1
molecules1,230511_Blk_DOM_blk_T0,Vitamin B6,0.67,18018,0,8245,#N/A,molecules1
molecules1,230511_Blk_DOM_blk_T48,Vitamin B6,0.66,51963,1841,27720,#N/A,molecules1
molecules1,230511_Blk_Filter_blk_1,Vitamin B6,0.68,16080,6128,8184,#N/A,molecules1
molecules1,230511_Blk_Filter_blk_2,Vitamin B6,0.67,23124,5295,9070,#N/A,molecules1
molecules1,230511_Blk_Media_blk,Vitamin B6,0.67,13133,190,6383,#N/A,molecules1
molecules1,230511_Poo_TruePooMortality_Full1,Vitamin B6,0.7,5901,1127,2924,#N/A,molecules1
molecules1,230511_Poo_TruePooMortality_Full2,Vitamin B6,0.69,4260,1138,3976,#N/A,molecules1
molecules1,230511_Poo_TruePooMortality_Full3,Vitamin B6,0.71,6769,878,3741,#N/A,molecules1
molecules1,230511_Poo_TruePooMortality_Full4,Vitamin B6,0.59,2212,0,1016,#N/A,molecules1
molecules1,230511_Smp_A_1C_T0,Vitamin B6,0.67,78313,106,38383,#N/A,molecules1
molecules1,230511_Smp_A_1C_T12,Vitamin B6,0.67,82419,0,39445,#N/A,molecules1
molecules1,230511_Smp_A_1C_T18,Vitamin B6,0.67,52458,11450,30554,#N/A,molecules1
molecules1,230511_Smp_A_1C_T24,Vitamin B6,0.67,24616,10359,16917,#N/A,molecules1
molecules1,230511_Smp_A_1C_T30,Vitamin B6,0.66,81248,0,38335,#N/A,molecules1
molecules1,230511_Smp_A_1C_T36,Vitamin B6,0.72,15815,4259,12724,#N/A,molecules1
molecules1,230511_Smp_A_1C_T42,Vitamin B6,0.67,31739,83,17393,#N/A,molecules1
molecules1,230511_Smp_A_1C_T48,Vitamin B6,0.67,61677,42148,47698,#N/A,molecules1
molecules1,230511_Smp_A_1C_T6,Vitamin B6,0.67,161788,519,77999,#N/A,molecules1
molecules1,230511_Smp_A_3LV_T0,Vitamin B6,0.67,58712,2115,29161,#N/A,molecules1
molecules1,230511_Smp_A_3LV_T12,Vitamin B6,0.67,38467,3669,21917,#N/A,molecules1
molecules1,230511_Smp_A_3LV_T24,Vitamin B6,0.66,14419,4435,9672,#N/A,molecules1
molecules1,230511_Smp_A_3LV_T36,Vitamin B6,0.67,9232,2017,6638,#N/A,molecules1
molecules1,230511_Smp_A_3LV_T48,Vitamin B6,0.67,97963,441,47651,#N/A,molecules1
molecules1,230511_Smp_A_4LGV_T0,Vitamin B6,0.67,133802,13923,69746,#N/A,molecules1
molecules1,230511_Smp_A_4LGV_T12,Vitamin B6,0.67,15712,519,12398,#N/A,molecules1
molecules1,230511_Smp_A_4LGV_T24,Vitamin B6,0.67,62724,3451,34786,#N/A,molecules1
molecules1,230511_Smp_A_4LGV_T36,Vitamin B6,0.67,720,387,642,#N/A,molecules1
molecules1,230511_Smp_A_4LGV_T48,Vitamin B6,0.71,2739,422,1255,#N/A,molecules1
molecules1,230511_Smp_A_6HV_T0,Vitamin B6,0.67,30112,4736,16845,#N/A,molecules1
molecules1,230511_Smp_A_6HV_T12,Vitamin B6,0.66,185445,2441,87450,#N/A,molecules1
molecules1,230511_Smp_A_6HV_T24,Vitamin B6,0.67,17167,423,9048,#N/A,molecules1
molecules1,230511_Smp_A_6HV_T36,Vitamin B6,0.66,21021,5600,14751,#N/A,molecules1
molecules1,230511_Smp_A_6HV_T48,Vitamin B6,0.67,64094,1234,30274,#N/A,molecules1
molecules1,230511_Smp_A_8G_T0,Vitamin B6,0.67,138098,208,66305,#N/A,molecules1
molecules1,230511_Smp_A_8G_T48,Vitamin B6,0.66,20572,1840,10040,#N/A,molecules1
molecules1,230511_Smp_A_9V_T0,Vitamin B6,0.67,7576,0,4297,#N/A,molecules1
molecules1,230511_Smp_B_1C_T0,Vitamin B6,0.67,90554,307,44345,#N/A,molecules1
molecules1,230511_Smp_B_1C_T12,Vitamin B6,0.67,69904,0,39134,#N/A,molecules1
molecules1,230511_Smp_B_1C_T18,Vitamin B6,0.66,150939,791,74363,#N/A,molecules1
molecules1,230511_Smp_B_1C_T24,Vitamin B6,0.66,7469,4436,4539,#N/A,molecules1
molecules1,230511_Smp_B_1C_T30,Vitamin B6,0.67,30618,8807,18583,#N/A,molecules1
molecules1,230511_Smp_B_1C_T36,Vitamin B6,0.67,114143,3922,63864,#N/A,molecules1
molecules1,230511_Smp_B_1C_T42,Vitamin B6,0.66,174575,466,84562,#N/A,molecules1
molecules1,230511_Smp_B_1C_T48,Vitamin B6,0.67,11020,14576,10253,#N/A,molecules1
molecules1,230511_Smp_B_1C_T6,Vitamin B6,0.67,172410,448,76116,#N/A,molecules1
molecules1,230511_Smp_B_3LV_T0,Vitamin B6,0.67,66274,1379,34628,#N/A,molecules1
molecules1,230511_Smp_B_3LV_T12,Vitamin B6,0.67,15206,799,10597,#N/A,molecules1
molecules1,230511_Smp_B_3LV_T24,Vitamin B6,0.67,20311,472,11156,#N/A,molecules1
molecules1,230511_Smp_B_3LV_T36,Vitamin B6,0.67,33143,13396,16715,#N/A,molecules1
molecules1,230511_Smp_B_3LV_T48,Vitamin B6,0.66,24281,354,13406,#N/A,molecules1
molecules1,230511_Smp_B_4LGV_T0,Vitamin B6,0.67,79648,8990,44289,#N/A,molecules1
molecules1,230511_Smp_B_4LGV_T12,Vitamin B6,0.67,43756,4040,22436,#N/A,molecules1
molecules1,230511_Smp_B_4LGV_T24,Vitamin B6,0.76,41,0,22,#N/A,molecules1
molecules1,230511_Smp_B_4LGV_T36,Vitamin B6,0.66,26438,75,14353,#N/A,molecules1
molecules1,230511_Smp_B_4LGV_T48,Vitamin B6,0.72,2914,259,2547,#N/A,molecules1
molecules1,230511_Smp_B_6HV_T0,Vitamin B6,0.67,76019,0,41510,#N/A,molecules1
molecules1,230511_Smp_B_6HV_T12,Vitamin B6,0.67,63376,116,33672,#N/A,molecules1
molecules1,230511_Smp_B_6HV_T24,Vitamin B6,0.67,91596,337,48202,#N/A,molecules1
molecules1,230511_Smp_B_6HV_T36,Vitamin B6,0.66,178347,2015,81602,#N/A,molecules1
molecules1,230511_Smp_B_6HV_T48,Vitamin B6,0.66,11652,207,4219,#N/A,molecules1
molecules1,230511_Smp_C_1C_T0,Vitamin B6,0.66,70296,337,37029,#N/A,molecules1
molecules1,230511_Smp_C_1C_T12,Vitamin B6,0.66,14093,44,6150,#N/A,molecules1
molecules1,230511_Smp_C_1C_T18,Vitamin B6,0.66,31826,9686,19841,#N/A,molecules1
molecules1,230511_Smp_C_1C_T24,Vitamin B6,0.67,8959,5402,5592,#N/A,molecules1
molecules1,230511_Smp_C_1C_T30,Vitamin B6,0.66,36591,0,18859,#N/A,molecules1
molecules1,230511_Smp_C_1C_T36,Vitamin B6,0.67,21307,9609,12117,#N/A,molecules1
molecules1,230511_Smp_C_1C_T42,Vitamin B6,0.67,192144,1250,87721,#N/A,molecules1
molecules1,230511_Smp_C_1C_T48,Vitamin B6,0.71,9178,7654,7923,#N/A,molecules1
molecules1,230511_Smp_C_1C_T6,Vitamin B6,0.66,150765,215,76485,#N/A,molecules1
molecules1,230511_Smp_C_3LV_T0,Vitamin B6,0.67,104128,0,52985,#N/A,molecules1
molecules1,230511_Smp_C_3LV_T12,Vitamin B6,0.66,8469,94,4386,#N/A,molecules1
molecules1,230511_Smp_C_3LV_T24,Vitamin B6,0.66,22757,859,11189,#N/A,molecules1
molecules1,230511_Smp_C_3LV_T36,Vitamin B6,0.67,20839,12731,15611,#N/A,molecules1
molecules1,230511_Smp_C_3LV_T48,Vitamin B6,0.68,2090,21,1203,#N/A,molecules1
molecules1,230511_Smp_C_4LGV_T0,Vitamin B6,0.67,118451,0,58692,#N/A,molecules1
molecules1,230511_Smp_C_4LGV_T12,Vitamin B6,0.66,46631,181,25405,#N/A,molecules1
molecules1,230511_Smp_C_4LGV_T24,Vitamin B6,0.67,57964,329,29188,#N/A,molecules1
molecules1,230511_Smp_C_4LGV_T36,Vitamin B6,0.66,3686,358,1689,#N/A,molecules1
molecules1,230511_Smp_C_4LGV_T48,Vitamin B6,0.68,16089,1214,8858,#N/A,molecules1
molecules1,230511_Smp_C_6HV_T0,Vitamin B6,0.67,89893,0,48036,#N/A,molecules1
molecules1,230511_Smp_C_6HV_T12,Vitamin B6,0.67,42691,145,24444,#N/A,molecules1
molecules1,230511_Smp_C_6HV_T24,Vitamin B6,0.67,41738,8,22993,#N/A,molecules1
molecules1,230511_Smp_C_6HV_T36,Vitamin B6,0.66,38459,1032,19840,#N/A,molecules1
molecules1,230511_Smp_C_6HV_T48,Vitamin B6,0.67,66200,215,33720,#N/A,molecules1
molecules1,230511_Smp_E_2LG_T0,Vitamin B6,0.67,92412,512,45786,#N/A,molecules1
molecules1,230511_Smp_E_2LG_T24,Vitamin B6,0.67,86241,405,44359,#N/A,molecules1
molecules1,230511_Smp_E_2LG_T36,Vitamin B6,0.66,64860,0,33822,#N/A,molecules1
molecules1,230511_Smp_E_2LG_T48,Vitamin B6,0.67,11353,136,6222,#N/A,molecules1
molecules1,230511_Smp_E_3LG_T0,Vitamin B6,0.67,9768,189,6547,#N/A,molecules1
molecules1,230511_Smp_E_3LG_T24,Vitamin B6,0.67,108949,1898,57348,#N/A,molecules1
molecules1,230511_Smp_E_3LG_T36,Vitamin B6,0.67,106399,0,54633,#N/A,molecules1
molecules1,230511_Smp_E_3LG_T48,Vitamin B6,0.66,15727,3013,8959,#N/A,molecules1
molecules1,230511_Smp_E_4LG_T0,Vitamin B6,0.67,82642,213,41576,#N/A,molecules1
molecules1,230511_Smp_E_4LG_T24,Vitamin B6,0.66,147189,4669,73505,#N/A,molecules1
molecules1,230511_Smp_E_4LG_T36,Vitamin B6,0.66,86835,0,46204,#N/A,molecules1
molecules1,230511_Smp_E_4LG_T48,Vitamin B6,0.67,52820,0,27157,#N/A,molecules1
molecules1,230511_Smp_E_8G_T48,Vitamin B6,0.67,15384,1016,7596,#N/A,molecules1
molecules1,230511_Std_10nM_B12s_1,Vitamin B6,0.66,25984,87,10770,#N/A,molecules1
molecules1,230511_Std_10nM_B12s_2,Vitamin B6,0.66,27268,2067,15746,#N/A,molecules1
molecules1,230511_Std_1nM_B12s_1,Vitamin B6,0.66,26380,318,13106,#N/A,molecules1
molecules1,230511_Std_1nM_B12s_2,Vitamin B6,0.67,27694,4943,16403,#N/A,molecules1
molecules1,230511_Std_20nM_B12s_1,Vitamin B6,0.66,23973,0,12330,#N/A,molecules1
molecules1,230511_Std_20nM_B12s_2,Vitamin B6,0.67,18712,4324,12409,#N/A,molecules1
molecules1,230511_Std_5nM_B12s_1,Vitamin B6,0.66,17804,6718,10730,#N/A,molecules1
molecules1,230511_Std_5nM_B12s_2,Vitamin B6,0.67,31141,0,16163,#N/A,molecules1
molecules1,230511_Std_OnM_B12s_1,Vitamin B6,0.66,20195,4296,11558,#N/A,molecules1
molecules1,230511_Std_OnM_B12s_2,Vitamin B6,0.67,31879,1641,18974,#N/A,molecules1
molecules2,230511_Blk_DOM_blk_T0,Vitamin B7,2.32,2563,4212,877,#N/A,molecules2
molecules2,230511_Blk_DOM_blk_T48,Vitamin B7,2.1,2556,19,3301,#N/A,molecules2
molecules2,230511_Blk_Filter_blk_1,Vitamin B7,2.09,1452,0,1726,#N/A,molecules2
molecules2,230511_Blk_Filter_blk_2,Vitamin B7,2.38,15088,1919,4147,#N/A,molecules2
molecules2,230511_Blk_Media_blk,Vitamin B7,2.09,995,1123,1929,#N/A,molecules2
molecules2,230511_Poo_TruePooMortality_Full1,Vitamin B7,2.37,53383,374,13742,#N/A,molecules2
molecules2,230511_Poo_TruePooMortality_Full2,Vitamin B7,2.37,36000,11692,10373,#N/A,molecules2
molecules2,230511_Poo_TruePooMortality_Full3,Vitamin B7,2.38,36486,17530,14226,#N/A,molecules2
molecules2,230511_Poo_TruePooMortality_Full4,Vitamin B7,2.29,5001,172,2511,#N/A,molecules2
molecules2,230511_Smp_A_1C_T0,Vitamin B7,2.39,3871,18246,5846,#N/A,molecules2
molecules2,230511_Smp_A_1C_T12,Vitamin B7,2.38,83855,2124,27762,#N/A,molecules2
molecules2,230511_Smp_A_1C_T18,Vitamin B7,2.38,39383,6566,18836,#N/A,molecules2
molecules2,230511_Smp_A_1C_T24,Vitamin B7,2.38,44122,5004,20300,#N/A,molecules2
molecules2,230511_Smp_A_1C_T30,Vitamin B7,2.35,4919,2,4514,#N/A,molecules2
molecules2,230511_Smp_A_1C_T36,Vitamin B7,2.38,440931,34971,123231,#N/A,molecules2
molecules2,230511_Smp_A_1C_T42,Vitamin B7,2.38,39150,20912,14880,#N/A,molecules2
molecules2,230511_Smp_A_1C_T48,Vitamin B7,2.39,69516,13808,24528,#N/A,molecules2
molecules2,230511_Smp_A_1C_T6,Vitamin B7,2.39,27572,20820,10057,#N/A,molecules2
molecules2,230511_Smp_A_3LV_T0,Vitamin B7,2.39,12623,21,5950,#N/A,molecules2
molecules2,230511_Smp_A_3LV_T12,Vitamin B7,2.38,4530,6384,3617,#N/A,molecules2
molecules2,230511_Smp_A_3LV_T24,Vitamin B7,2.38,165190,29454,59862,#N/A,molecules2
molecules2,230511_Smp_A_3LV_T36,Vitamin B7,2.39,46035,4403,11992,#N/A,molecules2
molecules2,230511_Smp_A_3LV_T48,Vitamin B7,2.41,9920,0,3238,#N/A,molecules2
molecules2,230511_Smp_A_4LGV_T0,Vitamin B7,2.37,25870,4134,9730,#N/A,molecules2
molecules2,230511_Smp_A_4LGV_T12,Vitamin B7,2.37,17770,4984,8355,#N/A,molecules2
molecules2,230511_Smp_A_4LGV_T24,Vitamin B7,2.08,1386,0,2389,#N/A,molecules2
molecules2,230511_Smp_A_4LGV_T36,Vitamin B7,2.09,505,2941,1032,#N/A,molecules2
molecules2,230511_Smp_A_4LGV_T48,Vitamin B7,2.09,4944,310,2746,#N/A,molecules2
molecules2,230511_Smp_A_6HV_T0,Vitamin B7,2.12,1422,2,2003,#N/A,molecules2
molecules2,230511_Smp_A_6HV_T12,Vitamin B7,2.07,629,374,870,#N/A,molecules2
molecules2,230511_Smp_A_6HV_T24,Vitamin B7,2.1,2266,1193,2738,#N/A,molecules2
molecules2,230511_Smp_A_6HV_T36,Vitamin B7,1.23,7012,1493,7884,#N/A,molecules2
molecules2,230511_Smp_A_6HV_T48,Vitamin B7,2.09,2842,0,2852,#N/A,molecules2
molecules2,230511_Smp_A_8G_T0,Vitamin B7,2.13,1601,62,2188,#N/A,molecules2
molecules2,230511_Smp_A_8G_T48,Vitamin B7,2.09,2020,27,1666,#N/A,molecules2
molecules2,230511_Smp_A_9V_T0,Vitamin B7,2.1,471,583,836,#N/A,molecules2
molecules2,230511_Smp_B_1C_T0,Vitamin B7,2.09,1782,94,2044,#N/A,molecules2
molecules2,230511_Smp_B_1C_T12,Vitamin B7,2.09,1949,115,2876,#N/A,molecules2
molecules2,230511_Smp_B_1C_T18,Vitamin B7,2.1,5105,271,4850,#N/A,molecules2
molecules2,230511_Smp_B_1C_T24,Vitamin B7,2.13,3718,2922,3280,#N/A,molecules2
molecules2,230511_Smp_B_1C_T30,Vitamin B7,2.37,60235,8378,22229,#N/A,molecules2
molecules2,230511_Smp_B_1C_T36,Vitamin B7,2.25,8873,670,2701,#N/A,molecules2
molecules2,230511_Smp_B_1C_T42,Vitamin B7,2.33,1627,985,1178,#N/A,molecules2
molecules2,230511_Smp_B_1C_T48,Vitamin B7,2.13,3922,1227,1596,#N/A,molecules2
molecules2,230511_Smp_B_1C_T6,Vitamin B7,2.05,5147,110,2656,#N/A,molecules2
molecules2,230511_Smp_B_3LV_T0,Vitamin B7,2.15,5870,0,4972,#N/A,molecules2
molecules2,230511_Smp_B_3LV_T12,Vitamin B7,2.08,2306,128,2878,#N/A,molecules2
molecules2,230511_Smp_B_3LV_T24,Vitamin B7,2.1,4538,3287,3634,#N/A,molecules2
molecules2,230511_Smp_B_3LV_T36,Vitamin B7,2.13,2151,1452,1578,#N/A,molecules2
molecules2,230511_Smp_B_3LV_T48,Vitamin B7,2.38,84111,1383,26991,#N/A,molecules2
molecules2,230511_Smp_B_4LGV_T0,Vitamin B7,2.14,3694,455,1794,#N/A,molecules2
molecules2,230511_Smp_B_4LGV_T12,Vitamin B7,2.1,2483,116,2033,#N/A,molecules2
molecules2,230511_Smp_B_4LGV_T24,Vitamin B7,2.11,42,0,28,#N/A,molecules2
molecules2,230511_Smp_B_4LGV_T36,Vitamin B7,2.09,695,44,1283,#N/A,molecules2
molecules2,230511_Smp_B_4LGV_T48,Vitamin B7,2.09,4818,3892,2493,#N/A,molecules2
molecules2,230511_Smp_B_6HV_T0,Vitamin B7,2.12,4076,0,3466,#N/A,molecules2
molecules2,230511_Smp_B_6HV_T12,Vitamin B7,2.08,1635,546,1549,#N/A,molecules2
molecules2,230511_Smp_B_6HV_T24,Vitamin B7,2.09,3390,495,2087,#N/A,molecules2
molecules2,230511_Smp_B_6HV_T36,Vitamin B7,2.1,3253,0,2299,#N/A,molecules2
molecules2,230511_Smp_B_6HV_T48,Vitamin B7,2.12,5773,117,3961,#N/A,molecules2
molecules2,230511_Smp_C_1C_T0,Vitamin B7,2.09,233,2134,937,#N/A,molecules2
molecules2,230511_Smp_C_1C_T12,Vitamin B7,2.07,8399,121,3898,#N/A,molecules2
molecules2,230511_Smp_C_1C_T18,Vitamin B7,2.37,67785,39,19333,#N/A,molecules2
molecules2,230511_Smp_C_1C_T24,Vitamin B7,2.37,118375,10898,38183,#N/A,molecules2
molecules2,230511_Smp_C_1C_T30,Vitamin B7,2.37,37153,6061,14494,#N/A,molecules2
molecules2,230511_Smp_C_1C_T36,Vitamin B7,2.38,416000,42251,117666,#N/A,molecules2
molecules2,230511_Smp_C_1C_T42,Vitamin B7,2.37,14483,1851,6391,#N/A,molecules2
molecules2,230511_Smp_C_1C_T48,Vitamin B7,2.38,276308,12849,80246,#N/A,molecules2
molecules2,230511_Smp_C_1C_T6,Vitamin B7,2.37,24148,30242,10531,#N/A,molecules2
molecules2,230511_Smp_C_3LV_T0,Vitamin B7,2.38,43773,9468,14694,#N/A,molecules2
molecules2,230511_Smp_C_3LV_T12,Vitamin B7,2.38,23519,8012,9558,#N/A,molecules2
molecules2,230511_Smp_C_3LV_T24,Vitamin B7,2.39,101209,15565,37438,#N/A,molecules2
molecules2,230511_Smp_C_3LV_T36,Vitamin B7,2.39,265394,41545,79233,#N/A,molecules2
molecules2,230511_Smp_C_3LV_T48,Vitamin B7,2.1,1839,1483,1793,#N/A,molecules2
molecules2,230511_Smp_C_4LGV_T0,Vitamin B7,2.11,2665,3540,1517,#N/A,molecules2
molecules2,230511_Smp_C_4LGV_T12,Vitamin B7,2.06,4208,304,2489,#N/A,molecules2
molecules2,230511_Smp_C_4LGV_T24,Vitamin B7,2.1,2195,1290,3785,#N/A,molecules2
molecules2,230511_Smp_C_4LGV_T36,Vitamin B7,2.09,3022,191,2306,#N/A,molecules2
molecules2,230511_Smp_C_4LGV_T48,Vitamin B7,2.14,5659,79,2881,#N/A,molecules2
molecules2,230511_Smp_C_6HV_T0,Vitamin B7,2.1,10135,2168,3850,#N/A,molecules2
molecules2,230511_Smp_C_6HV_T12,Vitamin B7,2.07,3761,1894,4050,#N/A,molecules2
molecules2,230511_Smp_C_6HV_T24,Vitamin B7,2.38,34086,23502,11712,#N/A,molecules2
molecules2,230511_Smp_C_6HV_T36,Vitamin B7,2.08,2688,63,2290,#N/A,molecules2
molecules2,230511_Smp_C_6HV_T48,Vitamin B7,2.1,703,2635,1352,#N/A,molecules2
molecules2,230511_Smp_E_2LG_T0,Vitamin B7,2.1,1269,12,1995,#N/A,molecules2
molecules2,230511_Smp_E_2LG_T24,Vitamin B7,2.11,1830,34,2838,#N/A,molecules2
molecules2,230511_Smp_E_2LG_T36,Vitamin B7,2.1,476,420,755,#N/A,molecules2
molecules2,230511_Smp_E_2LG_T48,Vitamin B7,2.09,3109,13,3768,#N/A,molecules2
molecules2,230511_Smp_E_3LG_T0,Vitamin B7,2.09,3139,75,3021,#N/A,molecules2
molecules2,230511_Smp_E_3LG_T24,Vitamin B7,2.1,1136,215,1963,#N/A,molecules2
molecules2,230511_Smp_E_3LG_T36,Vitamin B7,2.11,2157,2619,4002,#N/A,molecules2
molecules2,230511_Smp_E_3LG_T48,Vitamin B7,2.23,3612,11599,2124,#N/A,molecules2
molecules2,230511_Smp_E_4LG_T0,Vitamin B7,2.41,12119,12057,4774,#N/A,molecules2
molecules2,230511_Smp_E_4LG_T24,Vitamin B7,2.38,25583,13652,9825,#N/A,molecules2
molecules2,230511_Smp_E_4LG_T36,Vitamin B7,2.11,3235,0,2076,#N/A,molecules2
molecules2,230511_Smp_E_4LG_T48,Vitamin B7,2.73,46108,907,10496,#N/A,molecules2
molecules2,230511_Smp_E_8G_T48,Vitamin B7,2.37,6929,4077,6165,#N/A,molecules2
molecules2,230511_Std_10nM_B12s_1,Vitamin B7,2.36,59802,19858,18383,#N/A,molecules2
molecules2,230511_Std_10nM_B12s_2,Vitamin B7,2.38,77557,0,21910,#N/A,molecules2
molecules2,230511_Std_1nM_B12s_1,Vitamin B7,2.37,55626,21402,24937,#N/A,molecules2
molecules2,230511_Std_1nM_B12s_2,Vitamin B7,2.38,61546,14640,23690,#N/A,molecules2
molecules2,230511_Std_20nM_B12s_1,Vitamin B7,2.38,67758,10886,28466,#N/A,molecules2
molecules2,230511_Std_20nM_B12s_2,Vitamin B7,2.36,75233,3712,26981,#N/A,molecules2
molecules2,230511_Std_5nM_B12s_1,Vitamin B7,2.38,58561,10598,19281,#N/A,molecules2
molecules2,230511_Std_5nM_B12s_2,Vitamin B7,2.38,74064,286,23194,#N/A,molecules2
molecules2,230511_Std_OnM_B12s_1,Vitamin B7,2.36,74169,4867,23725,#N/A,molecules2
molecules2,230511_Std_OnM_B12s_2,Vitamin B7,2.37,69724,1187,20857,#N/A,molecules2
molecules2,230511_Blk_DOM_blk_T0,Vitamin B7,2.49,1289,9445,1254,#N/A,molecules2
molecules2,230511_Blk_DOM_blk_T48,Vitamin B7,2.11,767,93,1295,#N/A,molecules2
molecules2,230511_Blk_Filter_blk_1,Vitamin B7,2.11,1040,39,1809,#N/A,molecules2
molecules2,230511_Blk_Filter_blk_2,Vitamin B7,2.33,4543,17086,3058,#N/A,molecules2
molecules2,230511_Blk_Media_blk,Vitamin B7,2.11,1725,220,1679,#N/A,molecules2
molecules2,230511_Poo_TruePooMortality_Full1,Vitamin B7,2.32,8021,12349,5689,#N/A,molecules2
molecules2,230511_Poo_TruePooMortality_Full2,Vitamin B7,2.35,12079,9517,6487,#N/A,molecules2
molecules2,230511_Poo_TruePooMortality_Full3,Vitamin B7,2.34,3301,13972,4661,#N/A,molecules2
molecules2,230511_Poo_TruePooMortality_Full4,Vitamin B7,2.24,9069,283,3762,#N/A,molecules2
molecules2,230511_Smp_A_1C_T0,Vitamin B7,2.35,10788,185,6232,#N/A,molecules2
molecules2,230511_Smp_A_1C_T12,Vitamin B7,2.35,2695,14825,3358,#N/A,molecules2
molecules2,230511_Smp_A_1C_T18,Vitamin B7,2.36,1077,4221,1982,#N/A,molecules2
molecules2,230511_Smp_A_1C_T24,Vitamin B7,2.41,4285,2383,3610,#N/A,molecules2
molecules2,230511_Smp_A_1C_T30,Vitamin B7,2.33,15115,149,9102,#N/A,molecules2
molecules2,230511_Smp_A_1C_T36,Vitamin B7,2.33,22916,599,5189,#N/A,molecules2
molecules2,230511_Smp_A_1C_T42,Vitamin B7,2.34,9060,4741,5504,#N/A,molecules2
molecules2,230511_Smp_A_1C_T48,Vitamin B7,2.32,11453,5085,3215,#N/A,molecules2
molecules2,230511_Smp_A_1C_T6,Vitamin B7,2.34,9273,5957,6910,#N/A,molecules2
molecules2,230511_Smp_A_3LV_T0,Vitamin B7,2.38,5023,3835,4327,#N/A,molecules2
molecules2,230511_Smp_A_3LV_T12,Vitamin B7,2.36,4484,6912,2578,#N/A,molecules2
molecules2,230511_Smp_A_3LV_T24,Vitamin B7,2.34,21005,1572,3569,#N/A,molecules2
molecules2,230511_Smp_A_3LV_T36,Vitamin B7,2.34,12032,1281,2851,#N/A,molecules2
molecules2,230511_Smp_A_3LV_T48,Vitamin B7,2.33,13062,1677,3492,#N/A,molecules2
molecules2,230511_Smp_A_4LGV_T0,Vitamin B7,2.33,13623,1092,5418,#N/A,molecules2
molecules2,230511_Smp_A_4LGV_T12,Vitamin B7,2.35,16798,2679,4885,#N/A,molecules2
molecules2,230511_Smp_A_4LGV_T24,Vitamin B7,2.07,1752,0,2400,#N/A,molecules2
molecules2,230511_Smp_A_4LGV_T36,Vitamin B7,2.1,5375,1718,3679,#N/A,molecules2
molecules2,230511_Smp_A_4LGV_T48,Vitamin B7,2.08,1533,2656,2351,#N/A,molecules2
molecules2,230511_Smp_A_6HV_T0,Vitamin B7,2.12,1143,36,1749,#N/A,molecules2
molecules2,230511_Smp_A_6HV_T12,Vitamin B7,2.1,4082,571,3447,#N/A,molecules2
molecules2,230511_Smp_A_6HV_T24,Vitamin B7,2.11,1324,204,3271,#N/A,molecules2
molecules2,230511_Smp_A_6HV_T36,Vitamin B7,1.22,1457,1879,1776,#N/A,molecules2
molecules2,230511_Smp_A_6HV_T48,Vitamin B7,2.13,265,968,569,#N/A,molecules2
molecules2,230511_Smp_A_8G_T0,Vitamin B7,2.1,972,43,1051,#N/A,molecules2
molecules2,230511_Smp_A_8G_T48,Vitamin B7,2.09,2244,584,1550,#N/A,molecules2
molecules2,230511_Smp_A_9V_T0,Vitamin B7,2.1,451,0,1115,#N/A,molecules2
molecules2,230511_Smp_B_1C_T0,Vitamin B7,2.09,2741,104,3754,#N/A,molecules2
molecules2,230511_Smp_B_1C_T12,Vitamin B7,2.12,1748,0,2834,#N/A,molecules2
molecules2,230511_Smp_B_1C_T18,Vitamin B7,2.12,302,3063,854,#N/A,molecules2
molecules2,230511_Smp_B_1C_T24,Vitamin B7,2.14,4855,339,2778,#N/A,molecules2
molecules2,230511_Smp_B_1C_T30,Vitamin B7,2.33,10282,379,6624,#N/A,molecules2
molecules2,230511_Smp_B_1C_T36,Vitamin B7,2.28,17291,2538,6066,#N/A,molecules2
molecules2,230511_Smp_B_1C_T42,Vitamin B7,2.32,13207,2220,7529,#N/A,molecules2
molecules2,230511_Smp_B_1C_T48,Vitamin B7,2.1,8348,142,3380,#N/A,molecules2
molecules2,230511_Smp_B_1C_T6,Vitamin B7,2.05,5451,872,3433,#N/A,molecules2
molecules2,230511_Smp_B_3LV_T0,Vitamin B7,2.14,1423,1742,1372,#N/A,molecules2
molecules2,230511_Smp_B_3LV_T12,Vitamin B7,2.1,1604,1590,2006,#N/A,molecules2
molecules2,230511_Smp_B_3LV_T24,Vitamin B7,2.12,3538,662,3355,#N/A,molecules2
molecules2,230511_Smp_B_3LV_T36,Vitamin B7,2.13,6091,98,3844,#N/A,molecules2
molecules2,230511_Smp_B_3LV_T48,Vitamin B7,2.35,8695,6868,4856,#N/A,molecules2
molecules2,230511_Smp_B_4LGV_T0,Vitamin B7,2.12,3361,722,2904,#N/A,molecules2
molecules2,230511_Smp_B_4LGV_T12,Vitamin B7,2.09,1950,831,2030,#N/A,molecules2
molecules2,230511_Smp_B_4LGV_T24,Vitamin B7,2.08,27,0,24,#N/A,molecules2
molecules2,230511_Smp_B_4LGV_T36,Vitamin B7,2.1,2920,0,3809,#N/A,molecules2
molecules2,230511_Smp_B_4LGV_T48,Vitamin B7,2.12,11643,30,5199,#N/A,molecules2
molecules2,230511_Smp_B_6HV_T0,Vitamin B7,2.13,1292,1398,1586,#N/A,molecules2
molecules2,230511_Smp_B_6HV_T12,Vitamin B7,2.08,400,3220,1012,#N/A,molecules2
molecules2,230511_Smp_B_6HV_T24,Vitamin B7,2.07,4785,400,4226,#N/A,molecules2
molecules2,230511_Smp_B_6HV_T36,Vitamin B7,2.08,2578,1319,2807,#N/A,molecules2
molecules2,230511_Smp_B_6HV_T48,Vitamin B7,2.12,1236,4511,2374,#N/A,molecules2
molecules2,230511_Smp_C_1C_T0,Vitamin B7,2.1,931,0,868,#N/A,molecules2
molecules2,230511_Smp_C_1C_T12,Vitamin B7,2.04,556,3964,1728,#N/A,molecules2
molecules2,230511_Smp_C_1C_T18,Vitamin B7,2.35,9036,2596,4383,#N/A,molecules2
molecules2,230511_Smp_C_1C_T24,Vitamin B7,2.4,4091,10395,3395,#N/A,molecules2
molecules2,230511_Smp_C_1C_T30,Vitamin B7,2.4,11442,3430,3619,#N/A,molecules2
molecules2,230511_Smp_C_1C_T36,Vitamin B7,2.33,8302,16834,5969,#N/A,molecules2
molecules2,230511_Smp_C_1C_T42,Vitamin B7,2.35,12792,1020,6666,#N/A,molecules2
molecules2,230511_Smp_C_1C_T48,Vitamin B7,2.27,14077,11096,3744,#N/A,molecules2
molecules2,230511_Smp_C_1C_T6,Vitamin B7,2.36,12040,13852,4363,#N/A,molecules2
molecules2,230511_Smp_C_3LV_T0,Vitamin B7,2.39,17380,0,4776,#N/A,molecules2
molecules2,230511_Smp_C_3LV_T12,Vitamin B7,2.33,4631,9197,2923,#N/A,molecules2
molecules2,230511_Smp_C_3LV_T24,Vitamin B7,2.42,6530,283,2257,#N/A,molecules2
molecules2,230511_Smp_C_3LV_T36,Vitamin B7,2.34,10394,14291,6057,#N/A,molecules2
molecules2,230511_Smp_C_3LV_T48,Vitamin B7,2.12,4831,528,2955,#N/A,molecules2
molecules2,230511_Smp_C_4LGV_T0,Vitamin B7,2.13,6588,99,4080,#N/A,molecules2
molecules2,230511_Smp_C_4LGV_T12,Vitamin B7,2.05,2252,2129,3042,#N/A,molecules2
molecules2,230511_Smp_C_4LGV_T24,Vitamin B7,2.1,721,24,2168,#N/A,molecules2
molecules2,230511_Smp_C_4LGV_T36,Vitamin B7,2.12,8399,6,4550,#N/A,molecules2
molecules2,230511_Smp_C_4LGV_T48,Vitamin B7,2.11,1724,7733,1428,#N/A,molecules2
molecules2,230511_Smp_C_6HV_T0,Vitamin B7,2.07,3845,2738,3465,#N/A,molecules2
molecules2,230511_Smp_C_6HV_T12,Vitamin B7,2.07,1920,88,1336,#N/A,molecules2
molecules2,230511_Smp_C_6HV_T24,Vitamin B7,2.32,32295,173,9651,#N/A,molecules2
molecules2,230511_Smp_C_6HV_T36,Vitamin B7,2.07,3737,90,1931,#N/A,molecules2
molecules2,230511_Smp_C_6HV_T48,Vitamin B7,2.07,3614,20,2751,#N/A,molecules2
molecules2,230511_Smp_E_2LG_T0,Vitamin B7,2.11,719,293,1316,#N/A,molecules2
molecules2,230511_Smp_E_2LG_T24,Vitamin B7,2.13,3896,233,3027,#N/A,molecules2
molecules2,230511_Smp_E_2LG_T36,Vitamin B7,2.09,3483,577,2758,#N/A,molecules2
molecules2,230511_Smp_E_2LG_T48,Vitamin B7,2.08,2409,3323,4469,#N/A,molecules2
molecules2,230511_Smp_E_3LG_T0,Vitamin B7,2.07,184,1857,493,#N/A,molecules2
molecules2,230511_Smp_E_3LG_T24,Vitamin B7,2.1,3199,175,3300,#N/A,molecules2
molecules2,230511_Smp_E_3LG_T36,Vitamin B7,2.08,5202,758,3822,#N/A,molecules2
molecules2,230511_Smp_E_3LG_T48,Vitamin B7,2.29,22884,29546,9532,#N/A,molecules2
molecules2,230511_Smp_E_4LG_T0,Vitamin B7,2.36,22292,2546,10293,#N/A,molecules2
molecules2,230511_Smp_E_4LG_T24,Vitamin B7,2.33,19967,13630,5585,#N/A,molecules2
molecules2,230511_Smp_E_4LG_T36,Vitamin B7,2.1,1682,1332,1422,#N/A,molecules2
molecules2,230511_Smp_E_4LG_T48,Vitamin B7,2.75,87528,3168,17129,#N/A,molecules2
molecules2,230511_Smp_E_8G_T48,Vitamin B7,2.37,3587,9619,2200,#N/A,molecules2
molecules2,230511_Std_10nM_B12s_1,Vitamin B7,2.33,2697,21652,2823,#N/A,molecules2
molecules2,230511_Std_10nM_B12s_2,Vitamin B7,2.33,15283,10252,4027,#N/A,molecules2
molecules2,230511_Std_1nM_B12s_1,Vitamin B7,2.32,19876,10636,6394,#N/A,molecules2
molecules2,230511_Std_1nM_B12s_2,Vitamin B7,2.43,9867,7135,3853,#N/A,molecules2
molecules2,230511_Std_20nM_B12s_1,Vitamin B7,2.34,13596,8327,5689,#N/A,molecules2
molecules2,230511_Std_20nM_B12s_2,Vitamin B7,2.38,3581,15016,2535,#N/A,molecules2
molecules2,230511_Std_5nM_B12s_1,Vitamin B7,2.35,5919,8544,3510,#N/A,molecules2
molecules2,230511_Std_5nM_B12s_2,Vitamin B7,2.35,8269,5195,5324,#N/A,molecules2
molecules2,230511_Std_OnM_B12s_1,Vitamin B7,2.31,19276,14981,8215,#N/A,molecules2
molecules2,230511_Std_OnM_B12s_2,Vitamin B7,2.33,11570,5650,7858,#N/A,molecules2
molecules2,230511_Blk_DOM_blk_T0,Vitamin B9,3.06,1841,0,1898,#N/A,molecules2
molecules2,230511_Blk_DOM_blk_T48,Vitamin B9,2.46,522,0,610,#N/A,molecules2
molecules2,230511_Blk_Filter_blk_1,Vitamin B9,2.49,1566,0,2692,#N/A,molecules2
molecules2,230511_Blk_Filter_blk_2,Vitamin B9,2.51,1025,30,1398,#N/A,molecules2
molecules2,230511_Blk_Media_blk,Vitamin B9,2.52,1475,0,690,#N/A,molecules2
molecules2,230511_Poo_TruePooMortality_Full1,Vitamin B9,2.51,3546,12,1241,#N/A,molecules2
molecules2,230511_Poo_TruePooMortality_Full2,Vitamin B9,2.51,2452,2539,1360,#N/A,molecules2
molecules2,230511_Poo_TruePooMortality_Full3,Vitamin B9,2.52,3649,0,1441,#N/A,molecules2
molecules2,230511_Poo_TruePooMortality_Full4,Vitamin B9,2.55,859,159,593,#N/A,molecules2
molecules2,230511_Smp_A_1C_T0,Vitamin B9,2.6,2613,0,1416,#N/A,molecules2
molecules2,230511_Smp_A_1C_T12,Vitamin B9,2.51,2457,0,1893,#N/A,molecules2
molecules2,230511_Smp_A_1C_T18,Vitamin B9,2.51,2359,11,2886,#N/A,molecules2
molecules2,230511_Smp_A_1C_T24,Vitamin B9,2.54,410,3480,658,#N/A,molecules2
molecules2,230511_Smp_A_1C_T30,Vitamin B9,2.61,2010,65,1562,#N/A,molecules2
molecules2,230511_Smp_A_1C_T36,Vitamin B9,2.6,6451,143,2134,#N/A,molecules2
molecules2,230511_Smp_A_1C_T42,Vitamin B9,2.6,1945,0,963,#N/A,molecules2
molecules2,230511_Smp_A_1C_T48,Vitamin B9,2.54,2176,3138,1161,#N/A,molecules2
molecules2,230511_Smp_A_1C_T6,Vitamin B9,2.58,836,43,525,#N/A,molecules2
molecules2,230511_Smp_A_3LV_T0,Vitamin B9,2.5,299,0,722,#N/A,molecules2
molecules2,230511_Smp_A_3LV_T12,Vitamin B9,2.52,631,8,704,#N/A,molecules2
molecules2,230511_Smp_A_3LV_T24,Vitamin B9,2.47,2644,73,3075,#N/A,molecules2
molecules2,230511_Smp_A_3LV_T36,Vitamin B9,2.49,1409,7,1474,#N/A,molecules2
molecules2,230511_Smp_A_3LV_T48,Vitamin B9,2.49,567,0,974,#N/A,molecules2
molecules2,230511_Smp_A_4LGV_T0,Vitamin B9,2.5,571,29,573,#N/A,molecules2
molecules2,230511_Smp_A_4LGV_T12,Vitamin B9,2.48,851,97,1076,#N/A,molecules2
molecules2,230511_Smp_A_4LGV_T24,Vitamin B9,2.49,374,0,988,#N/A,molecules2
molecules2,230511_Smp_A_4LGV_T36,Vitamin B9,2.51,3124,5,2022,#N/A,molecules2
molecules2,230511_Smp_A_4LGV_T48,Vitamin B9,2.49,3751,4848,2283,#N/A,molecules2
molecules2,230511_Smp_A_6HV_T0,Vitamin B9,2.5,303,23,797,#N/A,molecules2
molecules2,230511_Smp_A_6HV_T12,Vitamin B9,2.45,809,0,915,#N/A,molecules2
molecules2,230511_Smp_A_6HV_T24,Vitamin B9,2.48,1604,146,2675,#N/A,molecules2
molecules2,230511_Smp_A_6HV_T36,Vitamin B9,2.58,21656,0,6071,#N/A,molecules2
molecules2,230511_Smp_A_6HV_T48,Vitamin B9,2.49,1786,12,2204,#N/A,molecules2
molecules2,230511_Smp_A_8G_T0,Vitamin B9,2.51,516,0,699,#N/A,molecules2
molecules2,230511_Smp_A_8G_T48,Vitamin B9,2.49,4362,0,3180,#N/A,molecules2
molecules2,230511_Smp_A_9V_T0,Vitamin B9,2.47,228,14,415,#N/A,molecules2
molecules2,230511_Smp_B_1C_T0,Vitamin B9,2.5,711,62,712,#N/A,molecules2
molecules2,230511_Smp_B_1C_T12,Vitamin B9,2.5,548,0,974,#N/A,molecules2
molecules2,230511_Smp_B_1C_T18,Vitamin B9,2.48,237,150,660,#N/A,molecules2
molecules2,230511_Smp_B_1C_T24,Vitamin B9,2.49,1036,0,1248,#N/A,molecules2
molecules2,230511_Smp_B_1C_T30,Vitamin B9,2.5,1737,0,1643,#N/A,molecules2
molecules2,230511_Smp_B_1C_T36,Vitamin B9,2.5,4585,1226,2395,#N/A,molecules2
molecules2,230511_Smp_B_1C_T42,Vitamin B9,2.5,247,6,390,#N/A,molecules2
molecules2,230511_Smp_B_1C_T48,Vitamin B9,2.48,309,40,1859,#N/A,molecules2
molecules2,230511_Smp_B_1C_T6,Vitamin B9,2.51,2465,64,2174,#N/A,molecules2
molecules2,230511_Smp_B_3LV_T0,Vitamin B9,2.48,100,595,653,#N/A,molecules2
molecules2,230511_Smp_B_3LV_T12,Vitamin B9,2.5,23,0,58,#N/A,molecules2
molecules2,230511_Smp_B_3LV_T24,Vitamin B9,2.47,575,0,859,#N/A,molecules2
molecules2,230511_Smp_B_3LV_T36,Vitamin B9,2.48,3318,0,2289,#N/A,molecules2
molecules2,230511_Smp_B_3LV_T48,Vitamin B9,2.49,899,17,1466,#N/A,molecules2
molecules2,230511_Smp_B_4LGV_T0,Vitamin B9,2.49,1131,0,1102,#N/A,molecules2
molecules2,230511_Smp_B_4LGV_T12,Vitamin B9,2.48,507,42,1667,#N/A,molecules2
molecules2,230511_Smp_B_4LGV_T24,Vitamin B9,2.89,28,0,25,#N/A,molecules2
molecules2,230511_Smp_B_4LGV_T36,Vitamin B9,2.5,205,53,226,#N/A,molecules2
molecules2,230511_Smp_B_4LGV_T48,Vitamin B9,2.38,15310,0,6949,#N/A,molecules2
molecules2,230511_Smp_B_6HV_T0,Vitamin B9,2.52,287,0,375,#N/A,molecules2
molecules2,230511_Smp_B_6HV_T12,Vitamin B9,2.49,176,0,363,#N/A,molecules2
molecules2,230511_Smp_B_6HV_T24,Vitamin B9,2.5,1378,12,2025,#N/A,molecules2
molecules2,230511_Smp_B_6HV_T36,Vitamin B9,2.48,3128,31,1563,#N/A,molecules2
molecules2,230511_Smp_B_6HV_T48,Vitamin B9,1.96,1408,55,2257,#N/A,molecules2
molecules2,230511_Smp_C_1C_T0,Vitamin B9,2.5,348,0,515,#N/A,molecules2
molecules2,230511_Smp_C_1C_T12,Vitamin B9,2.5,1336,0,932,#N/A,molecules2
molecules2,230511_Smp_C_1C_T18,Vitamin B9,2.48,26,0,262,#N/A,molecules2
molecules2,230511_Smp_C_1C_T24,Vitamin B9,2.73,763,211,643,#N/A,molecules2
molecules2,230511_Smp_C_1C_T30,Vitamin B9,2.5,667,0,1369,#N/A,molecules2
molecules2,230511_Smp_C_1C_T36,Vitamin B9,2.51,1009,0,1375,#N/A,molecules2
molecules2,230511_Smp_C_1C_T42,Vitamin B9,2.53,821,0,1026,#N/A,molecules2
molecules2,230511_Smp_C_1C_T48,Vitamin B9,2.48,251,0,594,#N/A,molecules2
molecules2,230511_Smp_C_1C_T6,Vitamin B9,2.5,709,3,1327,#N/A,molecules2
molecules2,230511_Smp_C_3LV_T0,Vitamin B9,2.51,1541,163,1857,#N/A,molecules2
molecules2,230511_Smp_C_3LV_T12,Vitamin B9,2.83,2682,0,2193,#N/A,molecules2
molecules2,230511_Smp_C_3LV_T24,Vitamin B9,2.49,1473,0,1458,#N/A,molecules2
molecules2,230511_Smp_C_3LV_T36,Vitamin B9,2.47,828,0,1215,#N/A,molecules2
molecules2,230511_Smp_C_3LV_T48,Vitamin B9,2.28,117938,0,38911,#N/A,molecules2
molecules2,230511_Smp_C_4LGV_T0,Vitamin B9,2.49,515,0,626,#N/A,molecules2
molecules2,230511_Smp_C_4LGV_T12,Vitamin B9,2.49,1005,23,1202,#N/A,molecules2
molecules2,230511_Smp_C_4LGV_T24,Vitamin B9,2.55,2483,73,2266,#N/A,molecules2
molecules2,230511_Smp_C_4LGV_T36,Vitamin B9,2.51,2053,6514,941,#N/A,molecules2
molecules2,230511_Smp_C_4LGV_T48,Vitamin B9,2.65,9802,834,3209,#N/A,molecules2
molecules2,230511_Smp_C_6HV_T0,Vitamin B9,2.76,2381,57,2936,#N/A,molecules2
molecules2,230511_Smp_C_6HV_T12,Vitamin B9,2.71,2783,17,1675,#N/A,molecules2
molecules2,230511_Smp_C_6HV_T24,Vitamin B9,2.5,153,0,258,#N/A,molecules2
molecules2,230511_Smp_C_6HV_T36,Vitamin B9,2.51,340,285,805,#N/A,molecules2
molecules2,230511_Smp_C_6HV_T48,Vitamin B9,3.01,41,0,26,#N/A,molecules2
molecules2,230511_Smp_E_2LG_T0,Vitamin B9,2.5,649,0,462,#N/A,molecules2
molecules2,230511_Smp_E_2LG_T24,Vitamin B9,2.47,2134,0,2135,#N/A,molecules2
molecules2,230511_Smp_E_2LG_T36,Vitamin B9,2.67,5592,2396,3012,#N/A,molecules2
molecules2,230511_Smp_E_2LG_T48,Vitamin B9,2.3,302843,2256,72641,#N/A,molecules2
molecules2,230511_Smp_E_3LG_T0,Vitamin B9,2.51,1044,14,1592,#N/A,molecules2
molecules2,230511_Smp_E_3LG_T24,Vitamin B9,2.54,1491,6,1294,#N/A,molecules2
molecules2,230511_Smp_E_3LG_T36,Vitamin B9,2.51,1967,12,1961,#N/A,molecules2
molecules2,230511_Smp_E_3LG_T48,Vitamin B9,2.34,22360,241,13465,#N/A,molecules2
molecules2,230511_Smp_E_4LG_T0,Vitamin B9,2.5,28,0,36,#N/A,molecules2
molecules2,230511_Smp_E_4LG_T24,Vitamin B9,2.52,634,80,568,#N/A,molecules2
molecules2,230511_Smp_E_4LG_T36,Vitamin B9,2.65,6029,534,2394,#N/A,molecules2
molecules2,230511_Smp_E_4LG_T48,Vitamin B9,2.35,15038,1208,8243,#N/A,molecules2
molecules2,230511_Smp_E_8G_T48,Vitamin B9,2.49,1890,0,2077,#N/A,molecules2
molecules2,230511_Std_10nM_B12s_1,Vitamin B9,2.52,2452,234,1568,#N/A,molecules2
molecules2,230511_Std_10nM_B12s_2,Vitamin B9,2.46,2692,22,1924,#N/A,molecules2
molecules2,230511_Std_1nM_B12s_1,Vitamin B9,2.51,323,252,611,#N/A,molecules2
molecules2,230511_Std_1nM_B12s_2,Vitamin B9,2.44,156,190,585,#N/A,molecules2
molecules2,230511_Std_20nM_B12s_1,Vitamin B9,2.52,1722,51,1349,#N/A,molecules2
molecules2,230511_Std_20nM_B12s_2,Vitamin B9,2.48,682,560,822,#N/A,molecules2
molecules2,230511_Std_5nM_B12s_1,Vitamin B9,2.27,7930,6490,5066,#N/A,molecules2
molecules2,230511_Std_5nM_B12s_2,Vitamin B9,2.48,1168,0,1140,#N/A,molecules2
molecules2,230511_Std_OnM_B12s_1,Vitamin B9,2.48,818,0,1308,#N/A,molecules2
molecules2,230511_Std_OnM_B12s_2,Vitamin B9,2.51,1128,0,828,#N/A,molecules2
molecules2,230511_Blk_DOM_blk_T0,Vitamin B9,3.05,1201,17,1687,#N/A,molecules2
molecules2,230511_Blk_DOM_blk_T48,Vitamin B9,2.44,160,0,503,#N/A,molecules2
molecules2,230511_Blk_Filter_blk_1,Vitamin B9,2.5,362,12,790,#N/A,molecules2
molecules2,230511_Blk_Filter_blk_2,Vitamin B9,2.5,13,2,37,#N/A,molecules2
molecules2,230511_Blk_Media_blk,Vitamin B9,2.55,34,0,27,#N/A,molecules2
molecules2,230511_Poo_TruePooMortality_Full1,Vitamin B9,2.56,31566,9,10480,#N/A,molecules2
molecules2,230511_Poo_TruePooMortality_Full2,Vitamin B9,2.55,27400,6778,5568,#N/A,molecules2
molecules2,230511_Poo_TruePooMortality_Full3,Vitamin B9,2.58,45154,889,7749,#N/A,molecules2
molecules2,230511_Poo_TruePooMortality_Full4,Vitamin B9,2.53,6047,0,2603,#N/A,molecules2
molecules2,230511_Smp_A_1C_T0,Vitamin B9,2.68,1414,189,1852,#N/A,molecules2
molecules2,230511_Smp_A_1C_T12,Vitamin B9,2.51,824,0,1264,#N/A,molecules2
molecules2,230511_Smp_A_1C_T18,Vitamin B9,2.51,63,8,47,#N/A,molecules2
molecules2,230511_Smp_A_1C_T24,Vitamin B9,2.54,7589,1,2927,#N/A,molecules2
molecules2,230511_Smp_A_1C_T30,Vitamin B9,2.57,884,0,1209,#N/A,molecules2
molecules2,230511_Smp_A_1C_T36,Vitamin B9,2.57,59092,167,15705,#N/A,molecules2
molecules2,230511_Smp_A_1C_T42,Vitamin B9,2.58,1785,97,1105,#N/A,molecules2
molecules2,230511_Smp_A_1C_T48,Vitamin B9,2.58,9158,25,2639,#N/A,molecules2
molecules2,230511_Smp_A_1C_T6,Vitamin B9,2.61,1630,58,1423,#N/A,molecules2
molecules2,230511_Smp_A_3LV_T0,Vitamin B9,2.5,192,0,369,#N/A,molecules2
molecules2,230511_Smp_A_3LV_T12,Vitamin B9,2.51,434,7,462,#N/A,molecules2
molecules2,230511_Smp_A_3LV_T24,Vitamin B9,2.46,1247,61,2115,#N/A,molecules2
molecules2,230511_Smp_A_3LV_T36,Vitamin B9,2.49,5718,171,3464,#N/A,molecules2
molecules2,230511_Smp_A_3LV_T48,Vitamin B9,2.47,523,13,1158,#N/A,molecules2
molecules2,230511_Smp_A_4LGV_T0,Vitamin B9,2.51,43,10,54,#N/A,molecules2
molecules2,230511_Smp_A_4LGV_T12,Vitamin B9,2.48,429,0,925,#N/A,molecules2
molecules2,230511_Smp_A_4LGV_T24,Vitamin B9,2.49,838,10,810,#N/A,molecules2
molecules2,230511_Smp_A_4LGV_T36,Vitamin B9,2.52,28802,36728,22077,#N/A,molecules2
molecules2,230511_Smp_A_4LGV_T48,Vitamin B9,2.56,206425,95523,40836,#N/A,molecules2
molecules2,230511_Smp_A_6HV_T0,Vitamin B9,2.49,7,0,18,#N/A,molecules2
molecules2,230511_Smp_A_6HV_T12,Vitamin B9,2.43,28,0,29,#N/A,molecules2
molecules2,230511_Smp_A_6HV_T24,Vitamin B9,2.5,113,343,457,#N/A,molecules2
molecules2,230511_Smp_A_6HV_T36,Vitamin B9,2.6,30254,10962,7489,#N/A,molecules2
molecules2,230511_Smp_A_6HV_T48,Vitamin B9,2.49,1721,202,2451,#N/A,molecules2
molecules2,230511_Smp_A_8G_T0,Vitamin B9,2.49,224,1306,400,#N/A,molecules2
molecules2,230511_Smp_A_8G_T48,Vitamin B9,2.46,2139,3031,1911,#N/A,molecules2
molecules2,230511_Smp_A_9V_T0,Vitamin B9,2.5,1252,0,1913,#N/A,molecules2
molecules2,230511_Smp_B_1C_T0,Vitamin B9,2.49,415,37,656,#N/A,molecules2
molecules2,230511_Smp_B_1C_T12,Vitamin B9,2.5,8,0,20,#N/A,molecules2
molecules2,230511_Smp_B_1C_T18,Vitamin B9,2.49,143,0,216,#N/A,molecules2
molecules2,230511_Smp_B_1C_T24,Vitamin B9,2.48,1872,0,2906,#N/A,molecules2
molecules2,230511_Smp_B_1C_T30,Vitamin B9,2.49,497,0,669,#N/A,molecules2
molecules2,230511_Smp_B_1C_T36,Vitamin B9,2.53,9104,3027,4486,#N/A,molecules2
molecules2,230511_Smp_B_1C_T42,Vitamin B9,2.49,8,12,28,#N/A,molecules2
molecules2,230511_Smp_B_1C_T48,Vitamin B9,2.49,698,9,722,#N/A,molecules2
molecules2,230511_Smp_B_1C_T6,Vitamin B9,2.52,347,36,643,#N/A,molecules2
molecules2,230511_Smp_B_3LV_T0,Vitamin B9,2.5,19,0,23,#N/A,molecules2
molecules2,230511_Smp_B_3LV_T12,Vitamin B9,2.49,5,0,12,#N/A,molecules2
molecules2,230511_Smp_B_3LV_T24,Vitamin B9,2.48,645,38,931,#N/A,molecules2
molecules2,230511_Smp_B_3LV_T36,Vitamin B9,2.51,11238,7996,5956,#N/A,molecules2
molecules2,230511_Smp_B_3LV_T48,Vitamin B9,2.49,803,997,1218,#N/A,molecules2
molecules2,230511_Smp_B_4LGV_T0,Vitamin B9,2.52,60,0,79,#N/A,molecules2
molecules2,230511_Smp_B_4LGV_T12,Vitamin B9,2.49,40,0,44,#N/A,molecules2
molecules2,230511_Smp_B_4LGV_T24,Vitamin B9,2.91,28,0,25,#N/A,molecules2
molecules2,230511_Smp_B_4LGV_T36,Vitamin B9,2.47,4665,54,3328,#N/A,molecules2
molecules2,230511_Smp_B_4LGV_T48,Vitamin B9,2.54,24710,80591,17477,#N/A,molecules2
molecules2,230511_Smp_B_6HV_T0,Vitamin B9,2.52,1272,0,1133,#N/A,molecules2
molecules2,230511_Smp_B_6HV_T12,Vitamin B9,2.46,438,4,818,#N/A,molecules2
molecules2,230511_Smp_B_6HV_T24,Vitamin B9,2.49,292,0,611,#N/A,molecules2
molecules2,230511_Smp_B_6HV_T36,Vitamin B9,2.51,11892,3184,6657,#N/A,molecules2
molecules2,230511_Smp_B_6HV_T48,Vitamin B9,1.96,3759,1011,3270,#N/A,molecules2
molecules2,230511_Smp_C_1C_T0,Vitamin B9,2.49,0,0,0,#N/A,molecules2
molecules2,230511_Smp_C_1C_T12,Vitamin B9,2.51,485,0,947,#N/A,molecules2
molecules2,230511_Smp_C_1C_T18,Vitamin B9,2.49,407,0,435,#N/A,molecules2
molecules2,230511_Smp_C_1C_T24,Vitamin B9,2.72,2782,0,3171,#N/A,molecules2
molecules2,230511_Smp_C_1C_T30,Vitamin B9,2.51,82,0,207,#N/A,molecules2
molecules2,230511_Smp_C_1C_T36,Vitamin B9,2.52,56,53,141,#N/A,molecules2
molecules2,230511_Smp_C_1C_T42,Vitamin B9,2.52,1587,33,890,#N/A,molecules2
molecules2,230511_Smp_C_1C_T48,Vitamin B9,2.5,633,129,1312,#N/A,molecules2
molecules2,230511_Smp_C_1C_T6,Vitamin B9,2.5,54,0,79,#N/A,molecules2
molecules2,230511_Smp_C_3LV_T0,Vitamin B9,2.5,700,5,1126,#N/A,molecules2
molecules2,230511_Smp_C_3LV_T12,Vitamin B9,2.82,1281,0,1290,#N/A,molecules2
molecules2,230511_Smp_C_3LV_T24,Vitamin B9,2.54,1903,99,1070,#N/A,molecules2
molecules2,230511_Smp_C_3LV_T36,Vitamin B9,2.48,1013,0,934,#N/A,molecules2
molecules2,230511_Smp_C_3LV_T48,Vitamin B9,2.28,269853,38362,55975,#N/A,molecules2
molecules2,230511_Smp_C_4LGV_T0,Vitamin B9,2.47,134,323,891,#N/A,molecules2
molecules2,230511_Smp_C_4LGV_T12,Vitamin B9,2.49,1556,265,1738,#N/A,molecules2
molecules2,230511_Smp_C_4LGV_T24,Vitamin B9,2.49,22002,4890,9352,#N/A,molecules2
molecules2,230511_Smp_C_4LGV_T36,Vitamin B9,2.59,1169249,94986,231459,#N/A,molecules2
molecules2,230511_Smp_C_4LGV_T48,Vitamin B9,2.58,568139,46331,132365,#N/A,molecules2
molecules2,230511_Smp_C_6HV_T0,Vitamin B9,2.76,740,403,1315,#N/A,molecules2
molecules2,230511_Smp_C_6HV_T12,Vitamin B9,2.72,2778,0,1179,#N/A,molecules2
molecules2,230511_Smp_C_6HV_T24,Vitamin B9,2.51,2357,924,2487,#N/A,molecules2
molecules2,230511_Smp_C_6HV_T36,Vitamin B9,2.5,1310,0,2367,#N/A,molecules2
molecules2,230511_Smp_C_6HV_T48,Vitamin B9,3.01,2498,31,1700,#N/A,molecules2
molecules2,230511_Smp_E_2LG_T0,Vitamin B9,2.52,1366,89,1152,#N/A,molecules2
molecules2,230511_Smp_E_2LG_T24,Vitamin B9,2.48,4012,51,3301,#N/A,molecules2
molecules2,230511_Smp_E_2LG_T36,Vitamin B9,2.57,100630,41980,20735,#N/A,molecules2
molecules2,230511_Smp_E_2LG_T48,Vitamin B9,2.31,691658,23427,148293,#N/A,molecules2
molecules2,230511_Smp_E_3LG_T0,Vitamin B9,2.51,35,0,24,#N/A,molecules2
molecules2,230511_Smp_E_3LG_T24,Vitamin B9,2.53,4754,0,2119,#N/A,molecules2
molecules2,230511_Smp_E_3LG_T36,Vitamin B9,2.52,9510,3328,6065,#N/A,molecules2
molecules2,230511_Smp_E_3LG_T48,Vitamin B9,2.34,19544,80149,13849,#N/A,molecules2
molecules2,230511_Smp_E_4LG_T0,Vitamin B9,2.48,19,2,103,#N/A,molecules2
molecules2,230511_Smp_E_4LG_T24,Vitamin B9,2.51,4466,92,2999,#N/A,molecules2
molecules2,230511_Smp_E_4LG_T36,Vitamin B9,2.59,38469,11051,8347,#N/A,molecules2
molecules2,230511_Smp_E_4LG_T48,Vitamin B9,2.47,7997,48704,5744,#N/A,molecules2
molecules2,230511_Smp_E_8G_T48,Vitamin B9,2.47,309,398,1193,#N/A,molecules2
molecules2,230511_Std_10nM_B12s_1,Vitamin B9,2.53,2964,7261,4206,#N/A,molecules2
molecules2,230511_Std_10nM_B12s_2,Vitamin B9,2.49,3784,2033,3571,#N/A,molecules2
molecules2,230511_Std_1nM_B12s_1,Vitamin B9,2.48,6288,411,3878,#N/A,molecules2
molecules2,230511_Std_1nM_B12s_2,Vitamin B9,2.45,6396,1,4299,#N/A,molecules2
molecules2,230511_Std_20nM_B12s_1,Vitamin B9,2.52,6229,0,3361,#N/A,molecules2
molecules2,230511_Std_20nM_B12s_2,Vitamin B9,2.52,7574,0,4319,#N/A,molecules2
molecules2,230511_Std_5nM_B12s_1,Vitamin B9,2.26,18693,7124,8497,#N/A,molecules2
molecules2,230511_Std_5nM_B12s_2,Vitamin B9,2.47,2744,1151,1486,#N/A,molecules2
molecules2,230511_Std_OnM_B12s_1,Vitamin B9,2.47,1422,64,1656,#N/A,molecules2
molecules2,230511_Std_OnM_B12s_2,Vitamin B9,2.51,10069,1152,5081,#N/A,molecules2
