ID,Name,mean.offset,perc.offset,RSD.offset,Fraction
3041,Vanillin,38399.625,17.54191513673063,89.71681774402052,HILIC_Pos
8426,Pantothenic acid,105826.75,11.48598139209529,94.96142948527074,HILIC_Pos
3040,Xanthine,3129917.5,79.63332593694942,38.00092599943531,HILIC_Pos
